NOTE: Picked up JDK_JAVA_OPTIONS:  --add-opens=java.base/java.lang=ALL-UNNAMED --add-opens=java.base/java.lang.invoke=ALL-UNNAMED --add-opens=java.base/java.lang.reflect=ALL-UNNAMED --add-opens=java.base/java.io=ALL-UNNAMED --add-opens=java.base/java.util=ALL-UNNAMED --add-opens=java.base/java.util.concurrent=ALL-UNNAMED --add-opens=java.rmi/sun.rmi.transport=ALL-UNNAMED
03-Feb-2026 21:48:49.132 INFO [main] org.apache.catalina.startup.VersionLoggerListener.log Server version name:   Apache Tomcat/9.0.115
03-Feb-2026 21:48:49.135 INFO [main] org.apache.catalina.startup.VersionLoggerListener.log Server built:          Jan 21 2026 08:17:26 UTC
03-Feb-2026 21:48:49.135 INFO [main] org.apache.catalina.startup.VersionLoggerListener.log Server version number: 9.0.115.0
03-Feb-2026 21:48:49.136 INFO [main] org.apache.catalina.startup.VersionLoggerListener.log OS Name:               Mac OS X
03-Feb-2026 21:48:49.136 INFO [main] org.apache.catalina.startup.VersionLoggerListener.log OS Version:            26.2
03-Feb-2026 21:48:49.136 INFO [main] org.apache.catalina.startup.VersionLoggerListener.log Architecture:          aarch64
03-Feb-2026 21:48:49.136 INFO [main] org.apache.catalina.startup.VersionLoggerListener.log Java Home:             /Library/Java/JavaVirtualMachines/jdk-25.jdk/Contents/Home
03-Feb-2026 21:48:49.137 INFO [main] org.apache.catalina.startup.VersionLoggerListener.log JVM Version:           25+37-LTS-3491
03-Feb-2026 21:48:49.137 INFO [main] org.apache.catalina.startup.VersionLoggerListener.log JVM Vendor:            Oracle Corporation
03-Feb-2026 21:48:49.137 INFO [main] org.apache.catalina.startup.VersionLoggerListener.log CATALINA_BASE:         /Users/erictran/Downloads/apache-tomcat-9.0.115
03-Feb-2026 21:48:49.139 INFO [main] org.apache.catalina.startup.VersionLoggerListener.log CATALINA_HOME:         /Users/erictran/Downloads/apache-tomcat-9.0.115
03-Feb-2026 21:48:49.147 INFO [main] org.apache.catalina.startup.VersionLoggerListener.log Command line argument: --add-opens=java.base/java.lang=ALL-UNNAMED
03-Feb-2026 21:48:49.147 INFO [main] org.apache.catalina.startup.VersionLoggerListener.log Command line argument: --add-opens=java.base/java.lang.invoke=ALL-UNNAMED
03-Feb-2026 21:48:49.147 INFO [main] org.apache.catalina.startup.VersionLoggerListener.log Command line argument: --add-opens=java.base/java.lang.reflect=ALL-UNNAMED
03-Feb-2026 21:48:49.147 INFO [main] org.apache.catalina.startup.VersionLoggerListener.log Command line argument: --add-opens=java.base/java.io=ALL-UNNAMED
03-Feb-2026 21:48:49.147 INFO [main] org.apache.catalina.startup.VersionLoggerListener.log Command line argument: --add-opens=java.base/java.util=ALL-UNNAMED
03-Feb-2026 21:48:49.147 INFO [main] org.apache.catalina.startup.VersionLoggerListener.log Command line argument: --add-opens=java.base/java.util.concurrent=ALL-UNNAMED
03-Feb-2026 21:48:49.147 INFO [main] org.apache.catalina.startup.VersionLoggerListener.log Command line argument: --add-opens=java.rmi/sun.rmi.transport=ALL-UNNAMED
03-Feb-2026 21:48:49.147 INFO [main] org.apache.catalina.startup.VersionLoggerListener.log Command line argument: -Djava.util.logging.config.file=/Users/erictran/Downloads/apache-tomcat-9.0.115/conf/logging.properties
03-Feb-2026 21:48:49.148 INFO [main] org.apache.catalina.startup.VersionLoggerListener.log Command line argument: -Djava.util.logging.manager=org.apache.juli.ClassLoaderLogManager
03-Feb-2026 21:48:49.148 INFO [main] org.apache.catalina.startup.VersionLoggerListener.log Command line argument: -Djdk.tls.ephemeralDHKeySize=2048
03-Feb-2026 21:48:49.148 INFO [main] org.apache.catalina.startup.VersionLoggerListener.log Command line argument: -Djava.protocol.handler.pkgs=org.apache.catalina.webresources
03-Feb-2026 21:48:49.148 INFO [main] org.apache.catalina.startup.VersionLoggerListener.log Command line argument: -Dsun.io.useCanonCaches=false
03-Feb-2026 21:48:49.148 INFO [main] org.apache.catalina.startup.VersionLoggerListener.log Command line argument: -Dorg.apache.catalina.security.SecurityListener.UMASK=0027
03-Feb-2026 21:48:49.148 INFO [main] org.apache.catalina.startup.VersionLoggerListener.log Command line argument: -Dignore.endorsed.dirs=
03-Feb-2026 21:48:49.148 INFO [main] org.apache.catalina.startup.VersionLoggerListener.log Command line argument: -Dcatalina.base=/Users/erictran/Downloads/apache-tomcat-9.0.115
03-Feb-2026 21:48:49.148 INFO [main] org.apache.catalina.startup.VersionLoggerListener.log Command line argument: -Dcatalina.home=/Users/erictran/Downloads/apache-tomcat-9.0.115
03-Feb-2026 21:48:49.148 INFO [main] org.apache.catalina.startup.VersionLoggerListener.log Command line argument: -Djava.io.tmpdir=/Users/erictran/Downloads/apache-tomcat-9.0.115/temp
WARNING: A restricted method in java.lang.System has been called
WARNING: java.lang.System::load has been called by org.apache.tomcat.jni.Library in an unnamed module (file:/Users/erictran/Downloads/apache-tomcat-9.0.115/lib/tomcat-jni.jar)
WARNING: Use --enable-native-access=ALL-UNNAMED to avoid a warning for callers in this module
WARNING: Restricted methods will be blocked in a future release unless native access is enabled

03-Feb-2026 21:48:49.153 INFO [main] org.apache.catalina.core.AprLifecycleListener.lifecycleEvent The Apache Tomcat Native library which allows using OpenSSL was not found on the java.library.path: [/Users/erictran/Library/Java/Extensions:/Library/Java/Extensions:/Network/Library/Java/Extensions:/System/Library/Java/Extensions:/usr/lib/java:.]
03-Feb-2026 21:48:49.285 INFO [main] org.apache.coyote.AbstractProtocol.init Initializing ProtocolHandler ["http-nio-8080"]
03-Feb-2026 21:48:49.301 INFO [main] org.apache.catalina.startup.Catalina.load Server initialization in [258] milliseconds
03-Feb-2026 21:48:49.317 INFO [main] org.apache.catalina.core.StandardService.startInternal Starting service [Catalina]
03-Feb-2026 21:48:49.317 INFO [main] org.apache.catalina.core.StandardEngine.startInternal Starting Servlet engine: [Apache Tomcat/9.0.115]
03-Feb-2026 21:48:49.320 INFO [main] org.apache.catalina.startup.HostConfig.deployDirectory Deploying web application directory [/Users/erictran/Downloads/apache-tomcat-9.0.115/webapps/docs]
03-Feb-2026 21:48:49.426 INFO [main] org.apache.catalina.startup.HostConfig.deployDirectory Deployment of web application directory [/Users/erictran/Downloads/apache-tomcat-9.0.115/webapps/docs] has finished in [104] ms
03-Feb-2026 21:48:49.426 INFO [main] org.apache.catalina.startup.HostConfig.deployDirectory Deploying web application directory [/Users/erictran/Downloads/apache-tomcat-9.0.115/webapps/manager]
03-Feb-2026 21:48:49.440 INFO [main] org.apache.catalina.startup.HostConfig.deployDirectory Deployment of web application directory [/Users/erictran/Downloads/apache-tomcat-9.0.115/webapps/manager] has finished in [13] ms
03-Feb-2026 21:48:49.440 INFO [main] org.apache.catalina.startup.HostConfig.deployDirectory Deploying web application directory [/Users/erictran/Downloads/apache-tomcat-9.0.115/webapps/examples]
03-Feb-2026 21:48:49.533 INFO [main] org.apache.catalina.startup.HostConfig.deployDirectory Deployment of web application directory [/Users/erictran/Downloads/apache-tomcat-9.0.115/webapps/examples] has finished in [93] ms
03-Feb-2026 21:48:49.533 INFO [main] org.apache.catalina.startup.HostConfig.deployDirectory Deploying web application directory [/Users/erictran/Downloads/apache-tomcat-9.0.115/webapps/ROOT]
03-Feb-2026 21:48:49.539 INFO [main] org.apache.catalina.startup.HostConfig.deployDirectory Deployment of web application directory [/Users/erictran/Downloads/apache-tomcat-9.0.115/webapps/ROOT] has finished in [6] ms
03-Feb-2026 21:48:49.539 INFO [main] org.apache.catalina.startup.HostConfig.deployDirectory Deploying web application directory [/Users/erictran/Downloads/apache-tomcat-9.0.115/webapps/host-manager]
03-Feb-2026 21:48:49.546 INFO [main] org.apache.catalina.startup.HostConfig.deployDirectory Deployment of web application directory [/Users/erictran/Downloads/apache-tomcat-9.0.115/webapps/host-manager] has finished in [7] ms
03-Feb-2026 21:48:49.547 INFO [main] org.apache.coyote.AbstractProtocol.start Starting ProtocolHandler ["http-nio-8080"]
03-Feb-2026 21:48:49.551 INFO [main] org.apache.catalina.startup.Catalina.start Server startup in [249] milliseconds
03-Feb-2026 21:50:16.492 INFO [main] org.apache.catalina.core.StandardServer.await A valid shutdown command was received via the shutdown port. Stopping the Server instance.
03-Feb-2026 21:50:16.493 INFO [main] org.apache.coyote.AbstractProtocol.pause Pausing ProtocolHandler ["http-nio-8080"]
03-Feb-2026 21:50:17.496 INFO [main] org.apache.catalina.core.StandardService.stopInternal Stopping service [Catalina]
03-Feb-2026 21:50:17.519 INFO [main] org.apache.coyote.AbstractProtocol.stop Stopping ProtocolHandler ["http-nio-8080"]
03-Feb-2026 21:50:18.124 WARNING [main] org.apache.tomcat.util.net.Acceptor.stopMillis The acceptor thread [http-nio-8080-Acceptor] did not stop cleanly
03-Feb-2026 21:50:18.126 INFO [main] org.apache.coyote.AbstractProtocol.destroy Destroying ProtocolHandler ["http-nio-8080"]
NOTE: Picked up JDK_JAVA_OPTIONS:  --add-opens=java.base/java.lang=ALL-UNNAMED --add-opens=java.base/java.lang.invoke=ALL-UNNAMED --add-opens=java.base/java.lang.reflect=ALL-UNNAMED --add-opens=java.base/java.io=ALL-UNNAMED --add-opens=java.base/java.util=ALL-UNNAMED --add-opens=java.base/java.util.concurrent=ALL-UNNAMED --add-opens=java.rmi/sun.rmi.transport=ALL-UNNAMED
05-Feb-2026 17:51:32.078 INFO [main] org.apache.catalina.startup.VersionLoggerListener.log Server version name:   Apache Tomcat/9.0.115
05-Feb-2026 17:51:32.080 INFO [main] org.apache.catalina.startup.VersionLoggerListener.log Server built:          Jan 21 2026 08:17:26 UTC
05-Feb-2026 17:51:32.080 INFO [main] org.apache.catalina.startup.VersionLoggerListener.log Server version number: 9.0.115.0
05-Feb-2026 17:51:32.080 INFO [main] org.apache.catalina.startup.VersionLoggerListener.log OS Name:               Mac OS X
05-Feb-2026 17:51:32.080 INFO [main] org.apache.catalina.startup.VersionLoggerListener.log OS Version:            26.2
05-Feb-2026 17:51:32.080 INFO [main] org.apache.catalina.startup.VersionLoggerListener.log Architecture:          aarch64
05-Feb-2026 17:51:32.080 INFO [main] org.apache.catalina.startup.VersionLoggerListener.log Java Home:             /Library/Java/JavaVirtualMachines/jdk-25.jdk/Contents/Home
05-Feb-2026 17:51:32.080 INFO [main] org.apache.catalina.startup.VersionLoggerListener.log JVM Version:           25+37-LTS-3491
05-Feb-2026 17:51:32.080 INFO [main] org.apache.catalina.startup.VersionLoggerListener.log JVM Vendor:            Oracle Corporation
05-Feb-2026 17:51:32.080 INFO [main] org.apache.catalina.startup.VersionLoggerListener.log CATALINA_BASE:         /Users/erictran/Downloads/apache-tomcat-9.0.115
05-Feb-2026 17:51:32.080 INFO [main] org.apache.catalina.startup.VersionLoggerListener.log CATALINA_HOME:         /Users/erictran/Downloads/apache-tomcat-9.0.115
05-Feb-2026 17:51:32.092 INFO [main] org.apache.catalina.startup.VersionLoggerListener.log Command line argument: --add-opens=java.base/java.lang=ALL-UNNAMED
05-Feb-2026 17:51:32.092 INFO [main] org.apache.catalina.startup.VersionLoggerListener.log Command line argument: --add-opens=java.base/java.lang.invoke=ALL-UNNAMED
05-Feb-2026 17:51:32.092 INFO [main] org.apache.catalina.startup.VersionLoggerListener.log Command line argument: --add-opens=java.base/java.lang.reflect=ALL-UNNAMED
05-Feb-2026 17:51:32.092 INFO [main] org.apache.catalina.startup.VersionLoggerListener.log Command line argument: --add-opens=java.base/java.io=ALL-UNNAMED
05-Feb-2026 17:51:32.092 INFO [main] org.apache.catalina.startup.VersionLoggerListener.log Command line argument: --add-opens=java.base/java.util=ALL-UNNAMED
05-Feb-2026 17:51:32.092 INFO [main] org.apache.catalina.startup.VersionLoggerListener.log Command line argument: --add-opens=java.base/java.util.concurrent=ALL-UNNAMED
05-Feb-2026 17:51:32.093 INFO [main] org.apache.catalina.startup.VersionLoggerListener.log Command line argument: --add-opens=java.rmi/sun.rmi.transport=ALL-UNNAMED
05-Feb-2026 17:51:32.093 INFO [main] org.apache.catalina.startup.VersionLoggerListener.log Command line argument: -Djava.util.logging.config.file=/Users/erictran/Downloads/apache-tomcat-9.0.115/conf/logging.properties
05-Feb-2026 17:51:32.093 INFO [main] org.apache.catalina.startup.VersionLoggerListener.log Command line argument: -Djava.util.logging.manager=org.apache.juli.ClassLoaderLogManager
05-Feb-2026 17:51:32.093 INFO [main] org.apache.catalina.startup.VersionLoggerListener.log Command line argument: -Djdk.tls.ephemeralDHKeySize=2048
05-Feb-2026 17:51:32.093 INFO [main] org.apache.catalina.startup.VersionLoggerListener.log Command line argument: -Djava.protocol.handler.pkgs=org.apache.catalina.webresources
05-Feb-2026 17:51:32.093 INFO [main] org.apache.catalina.startup.VersionLoggerListener.log Command line argument: -Dsun.io.useCanonCaches=false
05-Feb-2026 17:51:32.093 INFO [main] org.apache.catalina.startup.VersionLoggerListener.log Command line argument: -Dorg.apache.catalina.security.SecurityListener.UMASK=0027
05-Feb-2026 17:51:32.093 INFO [main] org.apache.catalina.startup.VersionLoggerListener.log Command line argument: -Dignore.endorsed.dirs=
05-Feb-2026 17:51:32.093 INFO [main] org.apache.catalina.startup.VersionLoggerListener.log Command line argument: -Dcatalina.base=/Users/erictran/Downloads/apache-tomcat-9.0.115
05-Feb-2026 17:51:32.093 INFO [main] org.apache.catalina.startup.VersionLoggerListener.log Command line argument: -Dcatalina.home=/Users/erictran/Downloads/apache-tomcat-9.0.115
05-Feb-2026 17:51:32.093 INFO [main] org.apache.catalina.startup.VersionLoggerListener.log Command line argument: -Djava.io.tmpdir=/Users/erictran/Downloads/apache-tomcat-9.0.115/temp
WARNING: A restricted method in java.lang.System has been called
WARNING: java.lang.System::load has been called by org.apache.tomcat.jni.Library in an unnamed module (file:/Users/erictran/Downloads/apache-tomcat-9.0.115/lib/tomcat-jni.jar)
WARNING: Use --enable-native-access=ALL-UNNAMED to avoid a warning for callers in this module
WARNING: Restricted methods will be blocked in a future release unless native access is enabled

05-Feb-2026 17:51:32.098 INFO [main] org.apache.catalina.core.AprLifecycleListener.lifecycleEvent The Apache Tomcat Native library which allows using OpenSSL was not found on the java.library.path: [/Users/erictran/Library/Java/Extensions:/Library/Java/Extensions:/Network/Library/Java/Extensions:/System/Library/Java/Extensions:/usr/lib/java:.]
05-Feb-2026 17:51:32.230 INFO [main] org.apache.coyote.AbstractProtocol.init Initializing ProtocolHandler ["http-nio-8080"]
05-Feb-2026 17:51:32.247 INFO [main] org.apache.catalina.startup.Catalina.load Server initialization in [252] milliseconds
05-Feb-2026 17:51:32.262 INFO [main] org.apache.catalina.core.StandardService.startInternal Starting service [Catalina]
05-Feb-2026 17:51:32.262 INFO [main] org.apache.catalina.core.StandardEngine.startInternal Starting Servlet engine: [Apache Tomcat/9.0.115]
05-Feb-2026 17:51:32.265 INFO [main] org.apache.catalina.startup.HostConfig.deployDirectory Deploying web application directory [/Users/erictran/Downloads/apache-tomcat-9.0.115/webapps/docs]
05-Feb-2026 17:51:32.368 INFO [main] org.apache.catalina.startup.HostConfig.deployDirectory Deployment of web application directory [/Users/erictran/Downloads/apache-tomcat-9.0.115/webapps/docs] has finished in [101] ms
05-Feb-2026 17:51:32.368 INFO [main] org.apache.catalina.startup.HostConfig.deployDirectory Deploying web application directory [/Users/erictran/Downloads/apache-tomcat-9.0.115/webapps/manager]
05-Feb-2026 17:51:32.381 INFO [main] org.apache.catalina.startup.HostConfig.deployDirectory Deployment of web application directory [/Users/erictran/Downloads/apache-tomcat-9.0.115/webapps/manager] has finished in [13] ms
05-Feb-2026 17:51:32.381 INFO [main] org.apache.catalina.startup.HostConfig.deployDirectory Deploying web application directory [/Users/erictran/Downloads/apache-tomcat-9.0.115/webapps/examples]
05-Feb-2026 17:51:32.476 INFO [main] org.apache.catalina.startup.HostConfig.deployDirectory Deployment of web application directory [/Users/erictran/Downloads/apache-tomcat-9.0.115/webapps/examples] has finished in [95] ms
05-Feb-2026 17:51:32.477 INFO [main] org.apache.catalina.startup.HostConfig.deployDirectory Deploying web application directory [/Users/erictran/Downloads/apache-tomcat-9.0.115/webapps/ROOT]
05-Feb-2026 17:51:32.482 INFO [main] org.apache.catalina.startup.HostConfig.deployDirectory Deployment of web application directory [/Users/erictran/Downloads/apache-tomcat-9.0.115/webapps/ROOT] has finished in [6] ms
05-Feb-2026 17:51:32.483 INFO [main] org.apache.catalina.startup.HostConfig.deployDirectory Deploying web application directory [/Users/erictran/Downloads/apache-tomcat-9.0.115/webapps/host-manager]
05-Feb-2026 17:51:32.489 INFO [main] org.apache.catalina.startup.HostConfig.deployDirectory Deployment of web application directory [/Users/erictran/Downloads/apache-tomcat-9.0.115/webapps/host-manager] has finished in [7] ms
05-Feb-2026 17:51:32.491 INFO [main] org.apache.coyote.AbstractProtocol.start Starting ProtocolHandler ["http-nio-8080"]
05-Feb-2026 17:51:32.495 INFO [main] org.apache.catalina.startup.Catalina.start Server startup in [247] milliseconds
05-Feb-2026 18:30:56.963 INFO [main] org.apache.catalina.core.StandardServer.await A valid shutdown command was received via the shutdown port. Stopping the Server instance.
05-Feb-2026 18:30:56.964 INFO [main] org.apache.coyote.AbstractProtocol.pause Pausing ProtocolHandler ["http-nio-8080"]
05-Feb-2026 18:30:56.966 INFO [main] org.apache.catalina.core.StandardService.stopInternal Stopping service [Catalina]
05-Feb-2026 18:30:56.977 INFO [main] org.apache.coyote.AbstractProtocol.stop Stopping ProtocolHandler ["http-nio-8080"]
05-Feb-2026 18:30:56.978 INFO [main] org.apache.coyote.AbstractProtocol.destroy Destroying ProtocolHandler ["http-nio-8080"]
NOTE: Picked up JDK_JAVA_OPTIONS:  --add-opens=java.base/java.lang=ALL-UNNAMED --add-opens=java.base/java.lang.invoke=ALL-UNNAMED --add-opens=java.base/java.lang.reflect=ALL-UNNAMED --add-opens=java.base/java.io=ALL-UNNAMED --add-opens=java.base/java.util=ALL-UNNAMED --add-opens=java.base/java.util.concurrent=ALL-UNNAMED --add-opens=java.rmi/sun.rmi.transport=ALL-UNNAMED
05-Feb-2026 18:31:03.961 INFO [main] org.apache.catalina.startup.VersionLoggerListener.log Server version name:   Apache Tomcat/9.0.115
05-Feb-2026 18:31:03.962 INFO [main] org.apache.catalina.startup.VersionLoggerListener.log Server built:          Jan 21 2026 08:17:26 UTC
05-Feb-2026 18:31:03.962 INFO [main] org.apache.catalina.startup.VersionLoggerListener.log Server version number: 9.0.115.0
05-Feb-2026 18:31:03.962 INFO [main] org.apache.catalina.startup.VersionLoggerListener.log OS Name:               Mac OS X
05-Feb-2026 18:31:03.962 INFO [main] org.apache.catalina.startup.VersionLoggerListener.log OS Version:            26.2
05-Feb-2026 18:31:03.962 INFO [main] org.apache.catalina.startup.VersionLoggerListener.log Architecture:          aarch64
05-Feb-2026 18:31:03.962 INFO [main] org.apache.catalina.startup.VersionLoggerListener.log Java Home:             /Library/Java/JavaVirtualMachines/jdk-25.jdk/Contents/Home
05-Feb-2026 18:31:03.962 INFO [main] org.apache.catalina.startup.VersionLoggerListener.log JVM Version:           25+37-LTS-3491
05-Feb-2026 18:31:03.962 INFO [main] org.apache.catalina.startup.VersionLoggerListener.log JVM Vendor:            Oracle Corporation
05-Feb-2026 18:31:03.962 INFO [main] org.apache.catalina.startup.VersionLoggerListener.log CATALINA_BASE:         /Users/erictran/Downloads/apache-tomcat-9.0.115
05-Feb-2026 18:31:03.962 INFO [main] org.apache.catalina.startup.VersionLoggerListener.log CATALINA_HOME:         /Users/erictran/Downloads/apache-tomcat-9.0.115
05-Feb-2026 18:31:03.966 INFO [main] org.apache.catalina.startup.VersionLoggerListener.log Command line argument: --add-opens=java.base/java.lang=ALL-UNNAMED
05-Feb-2026 18:31:03.967 INFO [main] org.apache.catalina.startup.VersionLoggerListener.log Command line argument: --add-opens=java.base/java.lang.invoke=ALL-UNNAMED
05-Feb-2026 18:31:03.967 INFO [main] org.apache.catalina.startup.VersionLoggerListener.log Command line argument: --add-opens=java.base/java.lang.reflect=ALL-UNNAMED
05-Feb-2026 18:31:03.967 INFO [main] org.apache.catalina.startup.VersionLoggerListener.log Command line argument: --add-opens=java.base/java.io=ALL-UNNAMED
05-Feb-2026 18:31:03.967 INFO [main] org.apache.catalina.startup.VersionLoggerListener.log Command line argument: --add-opens=java.base/java.util=ALL-UNNAMED
05-Feb-2026 18:31:03.967 INFO [main] org.apache.catalina.startup.VersionLoggerListener.log Command line argument: --add-opens=java.base/java.util.concurrent=ALL-UNNAMED
05-Feb-2026 18:31:03.967 INFO [main] org.apache.catalina.startup.VersionLoggerListener.log Command line argument: --add-opens=java.rmi/sun.rmi.transport=ALL-UNNAMED
05-Feb-2026 18:31:03.967 INFO [main] org.apache.catalina.startup.VersionLoggerListener.log Command line argument: -Djava.util.logging.config.file=/Users/erictran/Downloads/apache-tomcat-9.0.115/conf/logging.properties
05-Feb-2026 18:31:03.967 INFO [main] org.apache.catalina.startup.VersionLoggerListener.log Command line argument: -Djava.util.logging.manager=org.apache.juli.ClassLoaderLogManager
05-Feb-2026 18:31:03.967 INFO [main] org.apache.catalina.startup.VersionLoggerListener.log Command line argument: -Djdk.tls.ephemeralDHKeySize=2048
05-Feb-2026 18:31:03.967 INFO [main] org.apache.catalina.startup.VersionLoggerListener.log Command line argument: -Djava.protocol.handler.pkgs=org.apache.catalina.webresources
05-Feb-2026 18:31:03.967 INFO [main] org.apache.catalina.startup.VersionLoggerListener.log Command line argument: -Dsun.io.useCanonCaches=false
05-Feb-2026 18:31:03.967 INFO [main] org.apache.catalina.startup.VersionLoggerListener.log Command line argument: -Dorg.apache.catalina.security.SecurityListener.UMASK=0027
05-Feb-2026 18:31:03.967 INFO [main] org.apache.catalina.startup.VersionLoggerListener.log Command line argument: -Dignore.endorsed.dirs=
05-Feb-2026 18:31:03.967 INFO [main] org.apache.catalina.startup.VersionLoggerListener.log Command line argument: -Dcatalina.base=/Users/erictran/Downloads/apache-tomcat-9.0.115
05-Feb-2026 18:31:03.967 INFO [main] org.apache.catalina.startup.VersionLoggerListener.log Command line argument: -Dcatalina.home=/Users/erictran/Downloads/apache-tomcat-9.0.115
05-Feb-2026 18:31:03.967 INFO [main] org.apache.catalina.startup.VersionLoggerListener.log Command line argument: -Djava.io.tmpdir=/Users/erictran/Downloads/apache-tomcat-9.0.115/temp
WARNING: A restricted method in java.lang.System has been called
WARNING: java.lang.System::load has been called by org.apache.tomcat.jni.Library in an unnamed module (file:/Users/erictran/Downloads/apache-tomcat-9.0.115/lib/tomcat-jni.jar)
WARNING: Use --enable-native-access=ALL-UNNAMED to avoid a warning for callers in this module
WARNING: Restricted methods will be blocked in a future release unless native access is enabled

05-Feb-2026 18:31:03.972 INFO [main] org.apache.catalina.core.AprLifecycleListener.lifecycleEvent The Apache Tomcat Native library which allows using OpenSSL was not found on the java.library.path: [/Users/erictran/Library/Java/Extensions:/Library/Java/Extensions:/Network/Library/Java/Extensions:/System/Library/Java/Extensions:/usr/lib/java:.]
05-Feb-2026 18:31:04.096 INFO [main] org.apache.coyote.AbstractProtocol.init Initializing ProtocolHandler ["http-nio-8080"]
05-Feb-2026 18:31:04.108 INFO [main] org.apache.catalina.startup.Catalina.load Server initialization in [214] milliseconds
05-Feb-2026 18:31:04.121 INFO [main] org.apache.catalina.core.StandardService.startInternal Starting service [Catalina]
05-Feb-2026 18:31:04.121 INFO [main] org.apache.catalina.core.StandardEngine.startInternal Starting Servlet engine: [Apache Tomcat/9.0.115]
05-Feb-2026 18:31:04.124 INFO [main] org.apache.catalina.startup.HostConfig.deployDirectory Deploying web application directory [/Users/erictran/Downloads/apache-tomcat-9.0.115/webapps/docs]
05-Feb-2026 18:31:04.298 INFO [main] org.apache.jasper.servlet.TldScanner.scanJars At least one JAR was scanned for TLDs yet contained no TLDs. Enable debug logging for this logger for a complete list of JARs that were scanned but no TLDs were found in them. Skipping unneeded JARs during scanning can improve startup time and JSP compilation time.
05-Feb-2026 18:31:04.311 INFO [main] org.apache.catalina.startup.HostConfig.deployDirectory Deployment of web application directory [/Users/erictran/Downloads/apache-tomcat-9.0.115/webapps/docs] has finished in [187] ms
05-Feb-2026 18:31:04.311 INFO [main] org.apache.catalina.startup.HostConfig.deployDirectory Deploying web application directory [/Users/erictran/Downloads/apache-tomcat-9.0.115/webapps/manager]
05-Feb-2026 18:31:04.384 INFO [main] org.apache.jasper.servlet.TldScanner.scanJars At least one JAR was scanned for TLDs yet contained no TLDs. Enable debug logging for this logger for a complete list of JARs that were scanned but no TLDs were found in them. Skipping unneeded JARs during scanning can improve startup time and JSP compilation time.
05-Feb-2026 18:31:04.387 INFO [main] org.apache.catalina.startup.HostConfig.deployDirectory Deployment of web application directory [/Users/erictran/Downloads/apache-tomcat-9.0.115/webapps/manager] has finished in [76] ms
05-Feb-2026 18:31:04.387 INFO [main] org.apache.catalina.startup.HostConfig.deployDirectory Deploying web application directory [/Users/erictran/Downloads/apache-tomcat-9.0.115/webapps/examples]
05-Feb-2026 18:31:04.516 INFO [main] org.apache.jasper.servlet.TldScanner.scanJars At least one JAR was scanned for TLDs yet contained no TLDs. Enable debug logging for this logger for a complete list of JARs that were scanned but no TLDs were found in them. Skipping unneeded JARs during scanning can improve startup time and JSP compilation time.
05-Feb-2026 18:31:04.523 INFO [main] org.apache.catalina.startup.HostConfig.deployDirectory Deployment of web application directory [/Users/erictran/Downloads/apache-tomcat-9.0.115/webapps/examples] has finished in [136] ms
05-Feb-2026 18:31:04.523 INFO [main] org.apache.catalina.startup.HostConfig.deployDirectory Deploying web application directory [/Users/erictran/Downloads/apache-tomcat-9.0.115/webapps/ROOT]
05-Feb-2026 18:31:04.588 INFO [main] org.apache.jasper.servlet.TldScanner.scanJars At least one JAR was scanned for TLDs yet contained no TLDs. Enable debug logging for this logger for a complete list of JARs that were scanned but no TLDs were found in them. Skipping unneeded JARs during scanning can improve startup time and JSP compilation time.
05-Feb-2026 18:31:04.593 INFO [main] org.apache.catalina.startup.HostConfig.deployDirectory Deployment of web application directory [/Users/erictran/Downloads/apache-tomcat-9.0.115/webapps/ROOT] has finished in [70] ms
05-Feb-2026 18:31:04.593 INFO [main] org.apache.catalina.startup.HostConfig.deployDirectory Deploying web application directory [/Users/erictran/Downloads/apache-tomcat-9.0.115/webapps/host-manager]
05-Feb-2026 18:31:04.656 INFO [main] org.apache.jasper.servlet.TldScanner.scanJars At least one JAR was scanned for TLDs yet contained no TLDs. Enable debug logging for this logger for a complete list of JARs that were scanned but no TLDs were found in them. Skipping unneeded JARs during scanning can improve startup time and JSP compilation time.
05-Feb-2026 18:31:04.657 INFO [main] org.apache.catalina.startup.HostConfig.deployDirectory Deployment of web application directory [/Users/erictran/Downloads/apache-tomcat-9.0.115/webapps/host-manager] has finished in [64] ms
05-Feb-2026 18:31:04.658 INFO [main] org.apache.coyote.AbstractProtocol.start Starting ProtocolHandler ["http-nio-8080"]
05-Feb-2026 18:31:04.662 INFO [main] org.apache.catalina.startup.Catalina.start Server startup in [553] milliseconds
Loading class `com.mysql.jdbc.Driver'. This is deprecated. The new driver class is `com.mysql.cj.jdbc.Driver'. The driver is automatically registered via the SPI and manual loading of the driver class is generally unnecessary.
06-Feb-2026 14:05:51.713 INFO [Thread-1] org.apache.coyote.AbstractProtocol.pause Pausing ProtocolHandler ["http-nio-8080"]
06-Feb-2026 14:05:51.722 INFO [Thread-1] org.apache.catalina.core.StandardService.stopInternal Stopping service [Catalina]
06-Feb-2026 14:05:52.785 INFO [Thread-1] org.apache.coyote.AbstractProtocol.stop Stopping ProtocolHandler ["http-nio-8080"]
06-Feb-2026 14:05:53.391 WARNING [Thread-1] org.apache.tomcat.util.net.Acceptor.stopMillis The acceptor thread [http-nio-8080-Acceptor] did not stop cleanly
06-Feb-2026 14:05:53.400 INFO [Thread-1] org.apache.coyote.AbstractProtocol.destroy Destroying ProtocolHandler ["http-nio-8080"]
NOTE: Picked up JDK_JAVA_OPTIONS:  --add-opens=java.base/java.lang=ALL-UNNAMED --add-opens=java.base/java.lang.invoke=ALL-UNNAMED --add-opens=java.base/java.lang.reflect=ALL-UNNAMED --add-opens=java.base/java.io=ALL-UNNAMED --add-opens=java.base/java.util=ALL-UNNAMED --add-opens=java.base/java.util.concurrent=ALL-UNNAMED --add-opens=java.rmi/sun.rmi.transport=ALL-UNNAMED
06-Feb-2026 14:09:19.984 INFO [main] org.apache.catalina.startup.VersionLoggerListener.log Server version name:   Apache Tomcat/9.0.115
06-Feb-2026 14:09:19.985 INFO [main] org.apache.catalina.startup.VersionLoggerListener.log Server built:          Jan 21 2026 08:17:26 UTC
06-Feb-2026 14:09:19.985 INFO [main] org.apache.catalina.startup.VersionLoggerListener.log Server version number: 9.0.115.0
06-Feb-2026 14:09:19.985 INFO [main] org.apache.catalina.startup.VersionLoggerListener.log OS Name:               Mac OS X
06-Feb-2026 14:09:19.985 INFO [main] org.apache.catalina.startup.VersionLoggerListener.log OS Version:            26.2
06-Feb-2026 14:09:19.985 INFO [main] org.apache.catalina.startup.VersionLoggerListener.log Architecture:          aarch64
06-Feb-2026 14:09:19.985 INFO [main] org.apache.catalina.startup.VersionLoggerListener.log Java Home:             /Library/Java/JavaVirtualMachines/jdk-25.jdk/Contents/Home
06-Feb-2026 14:09:19.986 INFO [main] org.apache.catalina.startup.VersionLoggerListener.log JVM Version:           25+37-LTS-3491
06-Feb-2026 14:09:19.986 INFO [main] org.apache.catalina.startup.VersionLoggerListener.log JVM Vendor:            Oracle Corporation
06-Feb-2026 14:09:19.986 INFO [main] org.apache.catalina.startup.VersionLoggerListener.log CATALINA_BASE:         /Users/erictran/Downloads/apache-tomcat-9.0.115
06-Feb-2026 14:09:19.986 INFO [main] org.apache.catalina.startup.VersionLoggerListener.log CATALINA_HOME:         /Users/erictran/Downloads/apache-tomcat-9.0.115
06-Feb-2026 14:09:19.998 INFO [main] org.apache.catalina.startup.VersionLoggerListener.log Command line argument: --add-opens=java.base/java.lang=ALL-UNNAMED
06-Feb-2026 14:09:19.998 INFO [main] org.apache.catalina.startup.VersionLoggerListener.log Command line argument: --add-opens=java.base/java.lang.invoke=ALL-UNNAMED
06-Feb-2026 14:09:19.998 INFO [main] org.apache.catalina.startup.VersionLoggerListener.log Command line argument: --add-opens=java.base/java.lang.reflect=ALL-UNNAMED
06-Feb-2026 14:09:19.998 INFO [main] org.apache.catalina.startup.VersionLoggerListener.log Command line argument: --add-opens=java.base/java.io=ALL-UNNAMED
06-Feb-2026 14:09:19.998 INFO [main] org.apache.catalina.startup.VersionLoggerListener.log Command line argument: --add-opens=java.base/java.util=ALL-UNNAMED
06-Feb-2026 14:09:19.998 INFO [main] org.apache.catalina.startup.VersionLoggerListener.log Command line argument: --add-opens=java.base/java.util.concurrent=ALL-UNNAMED
06-Feb-2026 14:09:19.998 INFO [main] org.apache.catalina.startup.VersionLoggerListener.log Command line argument: --add-opens=java.rmi/sun.rmi.transport=ALL-UNNAMED
06-Feb-2026 14:09:19.998 INFO [main] org.apache.catalina.startup.VersionLoggerListener.log Command line argument: -Djava.util.logging.config.file=/Users/erictran/Downloads/apache-tomcat-9.0.115/conf/logging.properties
06-Feb-2026 14:09:19.998 INFO [main] org.apache.catalina.startup.VersionLoggerListener.log Command line argument: -Djava.util.logging.manager=org.apache.juli.ClassLoaderLogManager
06-Feb-2026 14:09:19.998 INFO [main] org.apache.catalina.startup.VersionLoggerListener.log Command line argument: -Djdk.tls.ephemeralDHKeySize=2048
06-Feb-2026 14:09:19.998 INFO [main] org.apache.catalina.startup.VersionLoggerListener.log Command line argument: -Djava.protocol.handler.pkgs=org.apache.catalina.webresources
06-Feb-2026 14:09:19.998 INFO [main] org.apache.catalina.startup.VersionLoggerListener.log Command line argument: -Dsun.io.useCanonCaches=false
06-Feb-2026 14:09:19.998 INFO [main] org.apache.catalina.startup.VersionLoggerListener.log Command line argument: -Dorg.apache.catalina.security.SecurityListener.UMASK=0027
06-Feb-2026 14:09:19.998 INFO [main] org.apache.catalina.startup.VersionLoggerListener.log Command line argument: -Dignore.endorsed.dirs=
06-Feb-2026 14:09:19.998 INFO [main] org.apache.catalina.startup.VersionLoggerListener.log Command line argument: -Dcatalina.base=/Users/erictran/Downloads/apache-tomcat-9.0.115
06-Feb-2026 14:09:19.998 INFO [main] org.apache.catalina.startup.VersionLoggerListener.log Command line argument: -Dcatalina.home=/Users/erictran/Downloads/apache-tomcat-9.0.115
06-Feb-2026 14:09:19.999 INFO [main] org.apache.catalina.startup.VersionLoggerListener.log Command line argument: -Djava.io.tmpdir=/Users/erictran/Downloads/apache-tomcat-9.0.115/temp
WARNING: A restricted method in java.lang.System has been called
WARNING: java.lang.System::load has been called by org.apache.tomcat.jni.Library in an unnamed module (file:/Users/erictran/Downloads/apache-tomcat-9.0.115/lib/tomcat-jni.jar)
WARNING: Use --enable-native-access=ALL-UNNAMED to avoid a warning for callers in this module
WARNING: Restricted methods will be blocked in a future release unless native access is enabled

06-Feb-2026 14:09:20.004 INFO [main] org.apache.catalina.core.AprLifecycleListener.lifecycleEvent The Apache Tomcat Native library which allows using OpenSSL was not found on the java.library.path: [/Users/erictran/Library/Java/Extensions:/Library/Java/Extensions:/Network/Library/Java/Extensions:/System/Library/Java/Extensions:/usr/lib/java:.]
06-Feb-2026 14:09:20.138 INFO [main] org.apache.coyote.AbstractProtocol.init Initializing ProtocolHandler ["http-nio-8080"]
06-Feb-2026 14:09:20.155 INFO [main] org.apache.catalina.startup.Catalina.load Server initialization in [255] milliseconds
06-Feb-2026 14:09:20.170 INFO [main] org.apache.catalina.core.StandardService.startInternal Starting service [Catalina]
06-Feb-2026 14:09:20.170 INFO [main] org.apache.catalina.core.StandardEngine.startInternal Starting Servlet engine: [Apache Tomcat/9.0.115]
06-Feb-2026 14:09:20.173 INFO [main] org.apache.catalina.startup.HostConfig.deployDirectory Deploying web application directory [/Users/erictran/Downloads/apache-tomcat-9.0.115/webapps/docs]
06-Feb-2026 14:09:20.366 INFO [main] org.apache.jasper.servlet.TldScanner.scanJars At least one JAR was scanned for TLDs yet contained no TLDs. Enable debug logging for this logger for a complete list of JARs that were scanned but no TLDs were found in them. Skipping unneeded JARs during scanning can improve startup time and JSP compilation time.
06-Feb-2026 14:09:20.382 INFO [main] org.apache.catalina.startup.HostConfig.deployDirectory Deployment of web application directory [/Users/erictran/Downloads/apache-tomcat-9.0.115/webapps/docs] has finished in [207] ms
06-Feb-2026 14:09:20.382 INFO [main] org.apache.catalina.startup.HostConfig.deployDirectory Deploying web application directory [/Users/erictran/Downloads/apache-tomcat-9.0.115/webapps/manager]
06-Feb-2026 14:09:20.455 INFO [main] org.apache.jasper.servlet.TldScanner.scanJars At least one JAR was scanned for TLDs yet contained no TLDs. Enable debug logging for this logger for a complete list of JARs that were scanned but no TLDs were found in them. Skipping unneeded JARs during scanning can improve startup time and JSP compilation time.
06-Feb-2026 14:09:20.458 INFO [main] org.apache.catalina.startup.HostConfig.deployDirectory Deployment of web application directory [/Users/erictran/Downloads/apache-tomcat-9.0.115/webapps/manager] has finished in [76] ms
06-Feb-2026 14:09:20.458 INFO [main] org.apache.catalina.startup.HostConfig.deployDirectory Deploying web application directory [/Users/erictran/Downloads/apache-tomcat-9.0.115/webapps/examples]
06-Feb-2026 14:09:20.592 INFO [main] org.apache.jasper.servlet.TldScanner.scanJars At least one JAR was scanned for TLDs yet contained no TLDs. Enable debug logging for this logger for a complete list of JARs that were scanned but no TLDs were found in them. Skipping unneeded JARs during scanning can improve startup time and JSP compilation time.
06-Feb-2026 14:09:20.598 INFO [main] org.apache.catalina.startup.HostConfig.deployDirectory Deployment of web application directory [/Users/erictran/Downloads/apache-tomcat-9.0.115/webapps/examples] has finished in [140] ms
06-Feb-2026 14:09:20.598 INFO [main] org.apache.catalina.startup.HostConfig.deployDirectory Deploying web application directory [/Users/erictran/Downloads/apache-tomcat-9.0.115/webapps/ROOT]
06-Feb-2026 14:09:20.665 INFO [main] org.apache.jasper.servlet.TldScanner.scanJars At least one JAR was scanned for TLDs yet contained no TLDs. Enable debug logging for this logger for a complete list of JARs that were scanned but no TLDs were found in them. Skipping unneeded JARs during scanning can improve startup time and JSP compilation time.
06-Feb-2026 14:09:20.665 INFO [main] org.apache.catalina.startup.HostConfig.deployDirectory Deployment of web application directory [/Users/erictran/Downloads/apache-tomcat-9.0.115/webapps/ROOT] has finished in [67] ms
06-Feb-2026 14:09:20.665 INFO [main] org.apache.catalina.startup.HostConfig.deployDirectory Deploying web application directory [/Users/erictran/Downloads/apache-tomcat-9.0.115/webapps/host-manager]
06-Feb-2026 14:09:20.730 INFO [main] org.apache.jasper.servlet.TldScanner.scanJars At least one JAR was scanned for TLDs yet contained no TLDs. Enable debug logging for this logger for a complete list of JARs that were scanned but no TLDs were found in them. Skipping unneeded JARs during scanning can improve startup time and JSP compilation time.
06-Feb-2026 14:09:20.732 INFO [main] org.apache.catalina.startup.HostConfig.deployDirectory Deployment of web application directory [/Users/erictran/Downloads/apache-tomcat-9.0.115/webapps/host-manager] has finished in [67] ms
06-Feb-2026 14:09:20.733 INFO [main] org.apache.coyote.AbstractProtocol.start Starting ProtocolHandler ["http-nio-8080"]
06-Feb-2026 14:09:20.738 INFO [main] org.apache.catalina.startup.Catalina.start Server startup in [582] milliseconds
Loading class `com.mysql.jdbc.Driver'. This is deprecated. The new driver class is `com.mysql.cj.jdbc.Driver'. The driver is automatically registered via the SPI and manual loading of the driver class is generally unnecessary.
07-Feb-2026 00:43:47.735 INFO [Thread-1] org.apache.coyote.AbstractProtocol.pause Pausing ProtocolHandler ["http-nio-8080"]
07-Feb-2026 00:43:47.745 INFO [Thread-1] org.apache.catalina.core.StandardService.stopInternal Stopping service [Catalina]
07-Feb-2026 00:43:47.806 INFO [Thread-1] org.apache.coyote.AbstractProtocol.stop Stopping ProtocolHandler ["http-nio-8080"]
07-Feb-2026 00:43:48.413 WARNING [Thread-1] org.apache.tomcat.util.net.Acceptor.stopMillis The acceptor thread [http-nio-8080-Acceptor] did not stop cleanly
07-Feb-2026 00:43:48.421 INFO [Thread-1] org.apache.coyote.AbstractProtocol.destroy Destroying ProtocolHandler ["http-nio-8080"]
NOTE: Picked up JDK_JAVA_OPTIONS:  --add-opens=java.base/java.lang=ALL-UNNAMED --add-opens=java.base/java.lang.invoke=ALL-UNNAMED --add-opens=java.base/java.lang.reflect=ALL-UNNAMED --add-opens=java.base/java.io=ALL-UNNAMED --add-opens=java.base/java.util=ALL-UNNAMED --add-opens=java.base/java.util.concurrent=ALL-UNNAMED --add-opens=java.rmi/sun.rmi.transport=ALL-UNNAMED
10-Feb-2026 14:59:39.653 INFO [main] org.apache.catalina.startup.VersionLoggerListener.log Server version name:   Apache Tomcat/9.0.115
10-Feb-2026 14:59:39.655 INFO [main] org.apache.catalina.startup.VersionLoggerListener.log Server built:          Jan 21 2026 08:17:26 UTC
10-Feb-2026 14:59:39.655 INFO [main] org.apache.catalina.startup.VersionLoggerListener.log Server version number: 9.0.115.0
10-Feb-2026 14:59:39.655 INFO [main] org.apache.catalina.startup.VersionLoggerListener.log OS Name:               Mac OS X
10-Feb-2026 14:59:39.655 INFO [main] org.apache.catalina.startup.VersionLoggerListener.log OS Version:            26.2
10-Feb-2026 14:59:39.655 INFO [main] org.apache.catalina.startup.VersionLoggerListener.log Architecture:          aarch64
10-Feb-2026 14:59:39.655 INFO [main] org.apache.catalina.startup.VersionLoggerListener.log Java Home:             /Library/Java/JavaVirtualMachines/jdk-25.jdk/Contents/Home
10-Feb-2026 14:59:39.655 INFO [main] org.apache.catalina.startup.VersionLoggerListener.log JVM Version:           25.0.2+10-LTS-69
10-Feb-2026 14:59:39.655 INFO [main] org.apache.catalina.startup.VersionLoggerListener.log JVM Vendor:            Oracle Corporation
10-Feb-2026 14:59:39.655 INFO [main] org.apache.catalina.startup.VersionLoggerListener.log CATALINA_BASE:         /Users/erictran/Downloads/apache-tomcat-9.0.115
10-Feb-2026 14:59:39.655 INFO [main] org.apache.catalina.startup.VersionLoggerListener.log CATALINA_HOME:         /Users/erictran/Downloads/apache-tomcat-9.0.115
10-Feb-2026 14:59:39.702 INFO [main] org.apache.catalina.startup.VersionLoggerListener.log Command line argument: --add-opens=java.base/java.lang=ALL-UNNAMED
10-Feb-2026 14:59:39.702 INFO [main] org.apache.catalina.startup.VersionLoggerListener.log Command line argument: --add-opens=java.base/java.lang.invoke=ALL-UNNAMED
10-Feb-2026 14:59:39.702 INFO [main] org.apache.catalina.startup.VersionLoggerListener.log Command line argument: --add-opens=java.base/java.lang.reflect=ALL-UNNAMED
10-Feb-2026 14:59:39.702 INFO [main] org.apache.catalina.startup.VersionLoggerListener.log Command line argument: --add-opens=java.base/java.io=ALL-UNNAMED
10-Feb-2026 14:59:39.702 INFO [main] org.apache.catalina.startup.VersionLoggerListener.log Command line argument: --add-opens=java.base/java.util=ALL-UNNAMED
10-Feb-2026 14:59:39.702 INFO [main] org.apache.catalina.startup.VersionLoggerListener.log Command line argument: --add-opens=java.base/java.util.concurrent=ALL-UNNAMED
10-Feb-2026 14:59:39.702 INFO [main] org.apache.catalina.startup.VersionLoggerListener.log Command line argument: --add-opens=java.rmi/sun.rmi.transport=ALL-UNNAMED
10-Feb-2026 14:59:39.702 INFO [main] org.apache.catalina.startup.VersionLoggerListener.log Command line argument: -Djava.util.logging.config.file=/Users/erictran/Downloads/apache-tomcat-9.0.115/conf/logging.properties
10-Feb-2026 14:59:39.702 INFO [main] org.apache.catalina.startup.VersionLoggerListener.log Command line argument: -Djava.util.logging.manager=org.apache.juli.ClassLoaderLogManager
10-Feb-2026 14:59:39.702 INFO [main] org.apache.catalina.startup.VersionLoggerListener.log Command line argument: -Djdk.tls.ephemeralDHKeySize=2048
10-Feb-2026 14:59:39.702 INFO [main] org.apache.catalina.startup.VersionLoggerListener.log Command line argument: -Djava.protocol.handler.pkgs=org.apache.catalina.webresources
10-Feb-2026 14:59:39.703 INFO [main] org.apache.catalina.startup.VersionLoggerListener.log Command line argument: -Dsun.io.useCanonCaches=false
10-Feb-2026 14:59:39.703 INFO [main] org.apache.catalina.startup.VersionLoggerListener.log Command line argument: -Dorg.apache.catalina.security.SecurityListener.UMASK=0027
10-Feb-2026 14:59:39.703 INFO [main] org.apache.catalina.startup.VersionLoggerListener.log Command line argument: -Dignore.endorsed.dirs=
10-Feb-2026 14:59:39.703 INFO [main] org.apache.catalina.startup.VersionLoggerListener.log Command line argument: -Dcatalina.base=/Users/erictran/Downloads/apache-tomcat-9.0.115
10-Feb-2026 14:59:39.703 INFO [main] org.apache.catalina.startup.VersionLoggerListener.log Command line argument: -Dcatalina.home=/Users/erictran/Downloads/apache-tomcat-9.0.115
10-Feb-2026 14:59:39.703 INFO [main] org.apache.catalina.startup.VersionLoggerListener.log Command line argument: -Djava.io.tmpdir=/Users/erictran/Downloads/apache-tomcat-9.0.115/temp
WARNING: A restricted method in java.lang.System has been called
WARNING: java.lang.System::load has been called by org.apache.tomcat.jni.Library in an unnamed module (file:/Users/erictran/Downloads/apache-tomcat-9.0.115/lib/tomcat-jni.jar)
WARNING: Use --enable-native-access=ALL-UNNAMED to avoid a warning for callers in this module
WARNING: Restricted methods will be blocked in a future release unless native access is enabled

10-Feb-2026 14:59:39.708 INFO [main] org.apache.catalina.core.AprLifecycleListener.lifecycleEvent The Apache Tomcat Native library which allows using OpenSSL was not found on the java.library.path: [/Users/erictran/Library/Java/Extensions:/Library/Java/Extensions:/Network/Library/Java/Extensions:/System/Library/Java/Extensions:/usr/lib/java:.]
10-Feb-2026 14:59:39.844 INFO [main] org.apache.coyote.AbstractProtocol.init Initializing ProtocolHandler ["http-nio-8080"]
10-Feb-2026 14:59:39.877 INFO [main] org.apache.catalina.startup.Catalina.load Server initialization in [308] milliseconds
10-Feb-2026 14:59:39.894 INFO [main] org.apache.catalina.core.StandardService.startInternal Starting service [Catalina]
10-Feb-2026 14:59:39.894 INFO [main] org.apache.catalina.core.StandardEngine.startInternal Starting Servlet engine: [Apache Tomcat/9.0.115]
10-Feb-2026 14:59:39.897 INFO [main] org.apache.catalina.startup.HostConfig.deployDirectory Deploying web application directory [/Users/erictran/Downloads/apache-tomcat-9.0.115/webapps/docs]
10-Feb-2026 14:59:40.094 INFO [main] org.apache.jasper.servlet.TldScanner.scanJars At least one JAR was scanned for TLDs yet contained no TLDs. Enable debug logging for this logger for a complete list of JARs that were scanned but no TLDs were found in them. Skipping unneeded JARs during scanning can improve startup time and JSP compilation time.
10-Feb-2026 14:59:40.108 INFO [main] org.apache.catalina.startup.HostConfig.deployDirectory Deployment of web application directory [/Users/erictran/Downloads/apache-tomcat-9.0.115/webapps/docs] has finished in [210] ms
10-Feb-2026 14:59:40.109 INFO [main] org.apache.catalina.startup.HostConfig.deployDirectory Deploying web application directory [/Users/erictran/Downloads/apache-tomcat-9.0.115/webapps/manager]
10-Feb-2026 14:59:40.185 INFO [main] org.apache.jasper.servlet.TldScanner.scanJars At least one JAR was scanned for TLDs yet contained no TLDs. Enable debug logging for this logger for a complete list of JARs that were scanned but no TLDs were found in them. Skipping unneeded JARs during scanning can improve startup time and JSP compilation time.
10-Feb-2026 14:59:40.188 INFO [main] org.apache.catalina.startup.HostConfig.deployDirectory Deployment of web application directory [/Users/erictran/Downloads/apache-tomcat-9.0.115/webapps/manager] has finished in [79] ms
10-Feb-2026 14:59:40.188 INFO [main] org.apache.catalina.startup.HostConfig.deployDirectory Deploying web application directory [/Users/erictran/Downloads/apache-tomcat-9.0.115/webapps/examples]
10-Feb-2026 14:59:40.319 INFO [main] org.apache.jasper.servlet.TldScanner.scanJars At least one JAR was scanned for TLDs yet contained no TLDs. Enable debug logging for this logger for a complete list of JARs that were scanned but no TLDs were found in them. Skipping unneeded JARs during scanning can improve startup time and JSP compilation time.
10-Feb-2026 14:59:40.324 INFO [main] org.apache.catalina.startup.HostConfig.deployDirectory Deployment of web application directory [/Users/erictran/Downloads/apache-tomcat-9.0.115/webapps/examples] has finished in [136] ms
10-Feb-2026 14:59:40.325 INFO [main] org.apache.catalina.startup.HostConfig.deployDirectory Deploying web application directory [/Users/erictran/Downloads/apache-tomcat-9.0.115/webapps/ROOT]
10-Feb-2026 14:59:40.391 INFO [main] org.apache.jasper.servlet.TldScanner.scanJars At least one JAR was scanned for TLDs yet contained no TLDs. Enable debug logging for this logger for a complete list of JARs that were scanned but no TLDs were found in them. Skipping unneeded JARs during scanning can improve startup time and JSP compilation time.
10-Feb-2026 14:59:40.392 INFO [main] org.apache.catalina.startup.HostConfig.deployDirectory Deployment of web application directory [/Users/erictran/Downloads/apache-tomcat-9.0.115/webapps/ROOT] has finished in [67] ms
10-Feb-2026 14:59:40.392 INFO [main] org.apache.catalina.startup.HostConfig.deployDirectory Deploying web application directory [/Users/erictran/Downloads/apache-tomcat-9.0.115/webapps/host-manager]
10-Feb-2026 14:59:40.456 INFO [main] org.apache.jasper.servlet.TldScanner.scanJars At least one JAR was scanned for TLDs yet contained no TLDs. Enable debug logging for this logger for a complete list of JARs that were scanned but no TLDs were found in them. Skipping unneeded JARs during scanning can improve startup time and JSP compilation time.
10-Feb-2026 14:59:40.456 INFO [main] org.apache.catalina.startup.HostConfig.deployDirectory Deployment of web application directory [/Users/erictran/Downloads/apache-tomcat-9.0.115/webapps/host-manager] has finished in [64] ms
10-Feb-2026 14:59:40.458 INFO [main] org.apache.coyote.AbstractProtocol.start Starting ProtocolHandler ["http-nio-8080"]
10-Feb-2026 14:59:40.463 INFO [main] org.apache.catalina.startup.Catalina.start Server startup in [585] milliseconds
Loading class `com.mysql.jdbc.Driver'. This is deprecated. The new driver class is `com.mysql.cj.jdbc.Driver'. The driver is automatically registered via the SPI and manual loading of the driver class is generally unnecessary.
10-Feb-2026 16:46:11.599 INFO [main] org.apache.catalina.core.StandardServer.await A valid shutdown command was received via the shutdown port. Stopping the Server instance.
10-Feb-2026 16:46:11.601 INFO [main] org.apache.coyote.AbstractProtocol.pause Pausing ProtocolHandler ["http-nio-8080"]
10-Feb-2026 16:46:12.607 INFO [main] org.apache.catalina.core.StandardService.stopInternal Stopping service [Catalina]
10-Feb-2026 16:46:12.650 INFO [main] org.apache.coyote.AbstractProtocol.stop Stopping ProtocolHandler ["http-nio-8080"]
10-Feb-2026 16:46:13.253 WARNING [main] org.apache.tomcat.util.net.Acceptor.stopMillis The acceptor thread [http-nio-8080-Acceptor] did not stop cleanly
10-Feb-2026 16:46:13.261 INFO [main] org.apache.coyote.AbstractProtocol.destroy Destroying ProtocolHandler ["http-nio-8080"]
NOTE: Picked up JDK_JAVA_OPTIONS:  --add-opens=java.base/java.lang=ALL-UNNAMED --add-opens=java.base/java.lang.invoke=ALL-UNNAMED --add-opens=java.base/java.lang.reflect=ALL-UNNAMED --add-opens=java.base/java.io=ALL-UNNAMED --add-opens=java.base/java.util=ALL-UNNAMED --add-opens=java.base/java.util.concurrent=ALL-UNNAMED --add-opens=java.rmi/sun.rmi.transport=ALL-UNNAMED
10-Feb-2026 22:00:12.300 INFO [main] org.apache.catalina.startup.VersionLoggerListener.log Server version name:   Apache Tomcat/9.0.115
10-Feb-2026 22:00:12.302 INFO [main] org.apache.catalina.startup.VersionLoggerListener.log Server built:          Jan 21 2026 08:17:26 UTC
10-Feb-2026 22:00:12.302 INFO [main] org.apache.catalina.startup.VersionLoggerListener.log Server version number: 9.0.115.0
10-Feb-2026 22:00:12.302 INFO [main] org.apache.catalina.startup.VersionLoggerListener.log OS Name:               Mac OS X
10-Feb-2026 22:00:12.302 INFO [main] org.apache.catalina.startup.VersionLoggerListener.log OS Version:            26.2
10-Feb-2026 22:00:12.302 INFO [main] org.apache.catalina.startup.VersionLoggerListener.log Architecture:          aarch64
10-Feb-2026 22:00:12.302 INFO [main] org.apache.catalina.startup.VersionLoggerListener.log Java Home:             /Library/Java/JavaVirtualMachines/jdk-25.jdk/Contents/Home
10-Feb-2026 22:00:12.302 INFO [main] org.apache.catalina.startup.VersionLoggerListener.log JVM Version:           25.0.2+10-LTS-69
10-Feb-2026 22:00:12.302 INFO [main] org.apache.catalina.startup.VersionLoggerListener.log JVM Vendor:            Oracle Corporation
10-Feb-2026 22:00:12.302 INFO [main] org.apache.catalina.startup.VersionLoggerListener.log CATALINA_BASE:         /Users/erictran/Downloads/apache-tomcat-9.0.115
10-Feb-2026 22:00:12.302 INFO [main] org.apache.catalina.startup.VersionLoggerListener.log CATALINA_HOME:         /Users/erictran/Downloads/apache-tomcat-9.0.115
10-Feb-2026 22:00:12.309 INFO [main] org.apache.catalina.startup.VersionLoggerListener.log Command line argument: --add-opens=java.base/java.lang=ALL-UNNAMED
10-Feb-2026 22:00:12.309 INFO [main] org.apache.catalina.startup.VersionLoggerListener.log Command line argument: --add-opens=java.base/java.lang.invoke=ALL-UNNAMED
10-Feb-2026 22:00:12.309 INFO [main] org.apache.catalina.startup.VersionLoggerListener.log Command line argument: --add-opens=java.base/java.lang.reflect=ALL-UNNAMED
10-Feb-2026 22:00:12.309 INFO [main] org.apache.catalina.startup.VersionLoggerListener.log Command line argument: --add-opens=java.base/java.io=ALL-UNNAMED
10-Feb-2026 22:00:12.309 INFO [main] org.apache.catalina.startup.VersionLoggerListener.log Command line argument: --add-opens=java.base/java.util=ALL-UNNAMED
10-Feb-2026 22:00:12.309 INFO [main] org.apache.catalina.startup.VersionLoggerListener.log Command line argument: --add-opens=java.base/java.util.concurrent=ALL-UNNAMED
10-Feb-2026 22:00:12.309 INFO [main] org.apache.catalina.startup.VersionLoggerListener.log Command line argument: --add-opens=java.rmi/sun.rmi.transport=ALL-UNNAMED
10-Feb-2026 22:00:12.309 INFO [main] org.apache.catalina.startup.VersionLoggerListener.log Command line argument: -Djava.util.logging.config.file=/Users/erictran/Downloads/apache-tomcat-9.0.115/conf/logging.properties
10-Feb-2026 22:00:12.309 INFO [main] org.apache.catalina.startup.VersionLoggerListener.log Command line argument: -Djava.util.logging.manager=org.apache.juli.ClassLoaderLogManager
10-Feb-2026 22:00:12.309 INFO [main] org.apache.catalina.startup.VersionLoggerListener.log Command line argument: -Djdk.tls.ephemeralDHKeySize=2048
10-Feb-2026 22:00:12.309 INFO [main] org.apache.catalina.startup.VersionLoggerListener.log Command line argument: -Djava.protocol.handler.pkgs=org.apache.catalina.webresources
10-Feb-2026 22:00:12.309 INFO [main] org.apache.catalina.startup.VersionLoggerListener.log Command line argument: -Dsun.io.useCanonCaches=false
10-Feb-2026 22:00:12.310 INFO [main] org.apache.catalina.startup.VersionLoggerListener.log Command line argument: -Dorg.apache.catalina.security.SecurityListener.UMASK=0027
10-Feb-2026 22:00:12.310 INFO [main] org.apache.catalina.startup.VersionLoggerListener.log Command line argument: -Dignore.endorsed.dirs=
10-Feb-2026 22:00:12.310 INFO [main] org.apache.catalina.startup.VersionLoggerListener.log Command line argument: -Dcatalina.base=/Users/erictran/Downloads/apache-tomcat-9.0.115
10-Feb-2026 22:00:12.310 INFO [main] org.apache.catalina.startup.VersionLoggerListener.log Command line argument: -Dcatalina.home=/Users/erictran/Downloads/apache-tomcat-9.0.115
10-Feb-2026 22:00:12.310 INFO [main] org.apache.catalina.startup.VersionLoggerListener.log Command line argument: -Djava.io.tmpdir=/Users/erictran/Downloads/apache-tomcat-9.0.115/temp
WARNING: A restricted method in java.lang.System has been called
WARNING: java.lang.System::load has been called by org.apache.tomcat.jni.Library in an unnamed module (file:/Users/erictran/Downloads/apache-tomcat-9.0.115/lib/tomcat-jni.jar)
WARNING: Use --enable-native-access=ALL-UNNAMED to avoid a warning for callers in this module
WARNING: Restricted methods will be blocked in a future release unless native access is enabled

10-Feb-2026 22:00:12.316 INFO [main] org.apache.catalina.core.AprLifecycleListener.lifecycleEvent The Apache Tomcat Native library which allows using OpenSSL was not found on the java.library.path: [/Users/erictran/Library/Java/Extensions:/Library/Java/Extensions:/Network/Library/Java/Extensions:/System/Library/Java/Extensions:/usr/lib/java:.]
10-Feb-2026 22:00:12.454 INFO [main] org.apache.coyote.AbstractProtocol.init Initializing ProtocolHandler ["http-nio-8080"]
10-Feb-2026 22:00:12.469 INFO [main] org.apache.catalina.startup.Catalina.load Server initialization in [253] milliseconds
10-Feb-2026 22:00:12.485 INFO [main] org.apache.catalina.core.StandardService.startInternal Starting service [Catalina]
10-Feb-2026 22:00:12.485 INFO [main] org.apache.catalina.core.StandardEngine.startInternal Starting Servlet engine: [Apache Tomcat/9.0.115]
10-Feb-2026 22:00:12.488 INFO [main] org.apache.catalina.startup.HostConfig.deployDirectory Deploying web application directory [/Users/erictran/Downloads/apache-tomcat-9.0.115/webapps/docs]
10-Feb-2026 22:00:12.688 INFO [main] org.apache.jasper.servlet.TldScanner.scanJars At least one JAR was scanned for TLDs yet contained no TLDs. Enable debug logging for this logger for a complete list of JARs that were scanned but no TLDs were found in them. Skipping unneeded JARs during scanning can improve startup time and JSP compilation time.
10-Feb-2026 22:00:12.703 INFO [main] org.apache.catalina.startup.HostConfig.deployDirectory Deployment of web application directory [/Users/erictran/Downloads/apache-tomcat-9.0.115/webapps/docs] has finished in [213] ms
10-Feb-2026 22:00:12.703 INFO [main] org.apache.catalina.startup.HostConfig.deployDirectory Deploying web application directory [/Users/erictran/Downloads/apache-tomcat-9.0.115/webapps/manager]
10-Feb-2026 22:00:12.779 INFO [main] org.apache.jasper.servlet.TldScanner.scanJars At least one JAR was scanned for TLDs yet contained no TLDs. Enable debug logging for this logger for a complete list of JARs that were scanned but no TLDs were found in them. Skipping unneeded JARs during scanning can improve startup time and JSP compilation time.
10-Feb-2026 22:00:12.783 INFO [main] org.apache.catalina.startup.HostConfig.deployDirectory Deployment of web application directory [/Users/erictran/Downloads/apache-tomcat-9.0.115/webapps/manager] has finished in [80] ms
10-Feb-2026 22:00:12.783 INFO [main] org.apache.catalina.startup.HostConfig.deployDirectory Deploying web application directory [/Users/erictran/Downloads/apache-tomcat-9.0.115/webapps/examples]
10-Feb-2026 22:00:12.915 INFO [main] org.apache.jasper.servlet.TldScanner.scanJars At least one JAR was scanned for TLDs yet contained no TLDs. Enable debug logging for this logger for a complete list of JARs that were scanned but no TLDs were found in them. Skipping unneeded JARs during scanning can improve startup time and JSP compilation time.
10-Feb-2026 22:00:12.921 INFO [main] org.apache.catalina.startup.HostConfig.deployDirectory Deployment of web application directory [/Users/erictran/Downloads/apache-tomcat-9.0.115/webapps/examples] has finished in [138] ms
10-Feb-2026 22:00:12.921 INFO [main] org.apache.catalina.startup.HostConfig.deployDirectory Deploying web application directory [/Users/erictran/Downloads/apache-tomcat-9.0.115/webapps/ROOT]
10-Feb-2026 22:00:12.989 INFO [main] org.apache.jasper.servlet.TldScanner.scanJars At least one JAR was scanned for TLDs yet contained no TLDs. Enable debug logging for this logger for a complete list of JARs that were scanned but no TLDs were found in them. Skipping unneeded JARs during scanning can improve startup time and JSP compilation time.
10-Feb-2026 22:00:12.995 INFO [main] org.apache.catalina.startup.HostConfig.deployDirectory Deployment of web application directory [/Users/erictran/Downloads/apache-tomcat-9.0.115/webapps/ROOT] has finished in [73] ms
10-Feb-2026 22:00:12.995 INFO [main] org.apache.catalina.startup.HostConfig.deployDirectory Deploying web application directory [/Users/erictran/Downloads/apache-tomcat-9.0.115/webapps/host-manager]
10-Feb-2026 22:00:13.060 INFO [main] org.apache.jasper.servlet.TldScanner.scanJars At least one JAR was scanned for TLDs yet contained no TLDs. Enable debug logging for this logger for a complete list of JARs that were scanned but no TLDs were found in them. Skipping unneeded JARs during scanning can improve startup time and JSP compilation time.
10-Feb-2026 22:00:13.062 INFO [main] org.apache.catalina.startup.HostConfig.deployDirectory Deployment of web application directory [/Users/erictran/Downloads/apache-tomcat-9.0.115/webapps/host-manager] has finished in [67] ms
10-Feb-2026 22:00:13.063 INFO [main] org.apache.coyote.AbstractProtocol.start Starting ProtocolHandler ["http-nio-8080"]
10-Feb-2026 22:00:13.068 INFO [main] org.apache.catalina.startup.Catalina.start Server startup in [597] milliseconds
Loading class `com.mysql.jdbc.Driver'. This is deprecated. The new driver class is `com.mysql.cj.jdbc.Driver'. The driver is automatically registered via the SPI and manual loading of the driver class is generally unnecessary.
11-Feb-2026 01:06:09.715 INFO [Thread-1] org.apache.coyote.AbstractProtocol.pause Pausing ProtocolHandler ["http-nio-8080"]
11-Feb-2026 01:06:09.720 INFO [Thread-1] org.apache.catalina.core.StandardService.stopInternal Stopping service [Catalina]
11-Feb-2026 01:06:09.777 INFO [Thread-1] org.apache.coyote.AbstractProtocol.stop Stopping ProtocolHandler ["http-nio-8080"]
11-Feb-2026 01:06:10.388 WARNING [Thread-1] org.apache.tomcat.util.net.Acceptor.stopMillis The acceptor thread [http-nio-8080-Acceptor] did not stop cleanly
11-Feb-2026 01:06:10.397 INFO [Thread-1] org.apache.coyote.AbstractProtocol.destroy Destroying ProtocolHandler ["http-nio-8080"]
NOTE: Picked up JDK_JAVA_OPTIONS:  --add-opens=java.base/java.lang=ALL-UNNAMED --add-opens=java.base/java.lang.invoke=ALL-UNNAMED --add-opens=java.base/java.lang.reflect=ALL-UNNAMED --add-opens=java.base/java.io=ALL-UNNAMED --add-opens=java.base/java.util=ALL-UNNAMED --add-opens=java.base/java.util.concurrent=ALL-UNNAMED --add-opens=java.rmi/sun.rmi.transport=ALL-UNNAMED
16-Mar-2026 22:09:41.288 INFO [main] org.apache.catalina.startup.VersionLoggerListener.log Server version name:   Apache Tomcat/9.0.115
16-Mar-2026 22:09:41.290 INFO [main] org.apache.catalina.startup.VersionLoggerListener.log Server built:          Jan 21 2026 08:17:26 UTC
16-Mar-2026 22:09:41.290 INFO [main] org.apache.catalina.startup.VersionLoggerListener.log Server version number: 9.0.115.0
16-Mar-2026 22:09:41.290 INFO [main] org.apache.catalina.startup.VersionLoggerListener.log OS Name:               Mac OS X
16-Mar-2026 22:09:41.290 INFO [main] org.apache.catalina.startup.VersionLoggerListener.log OS Version:            26.3.1
16-Mar-2026 22:09:41.290 INFO [main] org.apache.catalina.startup.VersionLoggerListener.log Architecture:          aarch64
16-Mar-2026 22:09:41.290 INFO [main] org.apache.catalina.startup.VersionLoggerListener.log Java Home:             /Library/Java/JavaVirtualMachines/jdk-25.jdk/Contents/Home
16-Mar-2026 22:09:41.290 INFO [main] org.apache.catalina.startup.VersionLoggerListener.log JVM Version:           25.0.2+10-LTS-69
16-Mar-2026 22:09:41.290 INFO [main] org.apache.catalina.startup.VersionLoggerListener.log JVM Vendor:            Oracle Corporation
16-Mar-2026 22:09:41.290 INFO [main] org.apache.catalina.startup.VersionLoggerListener.log CATALINA_BASE:         /Users/erictran/Downloads/CS157A/apache-tomcat-9.0.115
16-Mar-2026 22:09:41.290 INFO [main] org.apache.catalina.startup.VersionLoggerListener.log CATALINA_HOME:         /Users/erictran/Downloads/CS157A/apache-tomcat-9.0.115
16-Mar-2026 22:09:41.330 INFO [main] org.apache.catalina.startup.VersionLoggerListener.log Command line argument: --add-opens=java.base/java.lang=ALL-UNNAMED
16-Mar-2026 22:09:41.330 INFO [main] org.apache.catalina.startup.VersionLoggerListener.log Command line argument: --add-opens=java.base/java.lang.invoke=ALL-UNNAMED
16-Mar-2026 22:09:41.331 INFO [main] org.apache.catalina.startup.VersionLoggerListener.log Command line argument: --add-opens=java.base/java.lang.reflect=ALL-UNNAMED
16-Mar-2026 22:09:41.331 INFO [main] org.apache.catalina.startup.VersionLoggerListener.log Command line argument: --add-opens=java.base/java.io=ALL-UNNAMED
16-Mar-2026 22:09:41.331 INFO [main] org.apache.catalina.startup.VersionLoggerListener.log Command line argument: --add-opens=java.base/java.util=ALL-UNNAMED
16-Mar-2026 22:09:41.331 INFO [main] org.apache.catalina.startup.VersionLoggerListener.log Command line argument: --add-opens=java.base/java.util.concurrent=ALL-UNNAMED
16-Mar-2026 22:09:41.331 INFO [main] org.apache.catalina.startup.VersionLoggerListener.log Command line argument: --add-opens=java.rmi/sun.rmi.transport=ALL-UNNAMED
16-Mar-2026 22:09:41.331 INFO [main] org.apache.catalina.startup.VersionLoggerListener.log Command line argument: -Djava.util.logging.config.file=/Users/erictran/Downloads/CS157A/apache-tomcat-9.0.115/conf/logging.properties
16-Mar-2026 22:09:41.331 INFO [main] org.apache.catalina.startup.VersionLoggerListener.log Command line argument: -Djava.util.logging.manager=org.apache.juli.ClassLoaderLogManager
16-Mar-2026 22:09:41.331 INFO [main] org.apache.catalina.startup.VersionLoggerListener.log Command line argument: -Djdk.tls.ephemeralDHKeySize=2048
16-Mar-2026 22:09:41.331 INFO [main] org.apache.catalina.startup.VersionLoggerListener.log Command line argument: -Djava.protocol.handler.pkgs=org.apache.catalina.webresources
16-Mar-2026 22:09:41.331 INFO [main] org.apache.catalina.startup.VersionLoggerListener.log Command line argument: -Dsun.io.useCanonCaches=false
16-Mar-2026 22:09:41.331 INFO [main] org.apache.catalina.startup.VersionLoggerListener.log Command line argument: -Dorg.apache.catalina.security.SecurityListener.UMASK=0027
16-Mar-2026 22:09:41.331 INFO [main] org.apache.catalina.startup.VersionLoggerListener.log Command line argument: -Dignore.endorsed.dirs=
16-Mar-2026 22:09:41.331 INFO [main] org.apache.catalina.startup.VersionLoggerListener.log Command line argument: -Dcatalina.base=/Users/erictran/Downloads/CS157A/apache-tomcat-9.0.115
16-Mar-2026 22:09:41.331 INFO [main] org.apache.catalina.startup.VersionLoggerListener.log Command line argument: -Dcatalina.home=/Users/erictran/Downloads/CS157A/apache-tomcat-9.0.115
16-Mar-2026 22:09:41.331 INFO [main] org.apache.catalina.startup.VersionLoggerListener.log Command line argument: -Djava.io.tmpdir=/Users/erictran/Downloads/CS157A/apache-tomcat-9.0.115/temp
WARNING: A restricted method in java.lang.System has been called
WARNING: java.lang.System::load has been called by org.apache.tomcat.jni.Library in an unnamed module (file:/Users/erictran/Downloads/CS157A/apache-tomcat-9.0.115/lib/tomcat-jni.jar)
WARNING: Use --enable-native-access=ALL-UNNAMED to avoid a warning for callers in this module
WARNING: Restricted methods will be blocked in a future release unless native access is enabled

16-Mar-2026 22:09:41.337 INFO [main] org.apache.catalina.core.AprLifecycleListener.lifecycleEvent The Apache Tomcat Native library which allows using OpenSSL was not found on the java.library.path: [/Users/erictran/Library/Java/Extensions:/Library/Java/Extensions:/Network/Library/Java/Extensions:/System/Library/Java/Extensions:/usr/lib/java:.]
16-Mar-2026 22:09:41.464 INFO [main] org.apache.coyote.AbstractProtocol.init Initializing ProtocolHandler ["http-nio-8080"]
16-Mar-2026 22:09:41.495 INFO [main] org.apache.catalina.startup.Catalina.load Server initialization in [279] milliseconds
16-Mar-2026 22:09:41.509 INFO [main] org.apache.catalina.core.StandardService.startInternal Starting service [Catalina]
16-Mar-2026 22:09:41.509 INFO [main] org.apache.catalina.core.StandardEngine.startInternal Starting Servlet engine: [Apache Tomcat/9.0.115]
16-Mar-2026 22:09:41.511 INFO [main] org.apache.catalina.startup.HostConfig.deployDirectory Deploying web application directory [/Users/erictran/Downloads/CS157A/apache-tomcat-9.0.115/webapps/docs]
16-Mar-2026 22:09:41.707 INFO [main] org.apache.jasper.servlet.TldScanner.scanJars At least one JAR was scanned for TLDs yet contained no TLDs. Enable debug logging for this logger for a complete list of JARs that were scanned but no TLDs were found in them. Skipping unneeded JARs during scanning can improve startup time and JSP compilation time.
16-Mar-2026 22:09:41.720 INFO [main] org.apache.catalina.startup.HostConfig.deployDirectory Deployment of web application directory [/Users/erictran/Downloads/CS157A/apache-tomcat-9.0.115/webapps/docs] has finished in [208] ms
16-Mar-2026 22:09:41.720 INFO [main] org.apache.catalina.startup.HostConfig.deployDirectory Deploying web application directory [/Users/erictran/Downloads/CS157A/apache-tomcat-9.0.115/webapps/TaskMe]
16-Mar-2026 22:09:41.801 INFO [main] org.apache.jasper.servlet.TldScanner.scanJars At least one JAR was scanned for TLDs yet contained no TLDs. Enable debug logging for this logger for a complete list of JARs that were scanned but no TLDs were found in them. Skipping unneeded JARs during scanning can improve startup time and JSP compilation time.
16-Mar-2026 22:09:41.804 INFO [main] org.apache.catalina.startup.HostConfig.deployDirectory Deployment of web application directory [/Users/erictran/Downloads/CS157A/apache-tomcat-9.0.115/webapps/TaskMe] has finished in [84] ms
16-Mar-2026 22:09:41.804 INFO [main] org.apache.catalina.startup.HostConfig.deployDirectory Deploying web application directory [/Users/erictran/Downloads/CS157A/apache-tomcat-9.0.115/webapps/manager]
16-Mar-2026 22:09:41.880 INFO [main] org.apache.jasper.servlet.TldScanner.scanJars At least one JAR was scanned for TLDs yet contained no TLDs. Enable debug logging for this logger for a complete list of JARs that were scanned but no TLDs were found in them. Skipping unneeded JARs during scanning can improve startup time and JSP compilation time.
16-Mar-2026 22:09:41.883 INFO [main] org.apache.catalina.startup.HostConfig.deployDirectory Deployment of web application directory [/Users/erictran/Downloads/CS157A/apache-tomcat-9.0.115/webapps/manager] has finished in [79] ms
16-Mar-2026 22:09:41.883 INFO [main] org.apache.catalina.startup.HostConfig.deployDirectory Deploying web application directory [/Users/erictran/Downloads/CS157A/apache-tomcat-9.0.115/webapps/examples]
16-Mar-2026 22:09:42.018 INFO [main] org.apache.jasper.servlet.TldScanner.scanJars At least one JAR was scanned for TLDs yet contained no TLDs. Enable debug logging for this logger for a complete list of JARs that were scanned but no TLDs were found in them. Skipping unneeded JARs during scanning can improve startup time and JSP compilation time.
16-Mar-2026 22:09:42.024 INFO [main] org.apache.catalina.startup.HostConfig.deployDirectory Deployment of web application directory [/Users/erictran/Downloads/CS157A/apache-tomcat-9.0.115/webapps/examples] has finished in [140] ms
16-Mar-2026 22:09:42.024 INFO [main] org.apache.catalina.startup.HostConfig.deployDirectory Deploying web application directory [/Users/erictran/Downloads/CS157A/apache-tomcat-9.0.115/webapps/ROOT]
16-Mar-2026 22:09:42.090 INFO [main] org.apache.jasper.servlet.TldScanner.scanJars At least one JAR was scanned for TLDs yet contained no TLDs. Enable debug logging for this logger for a complete list of JARs that were scanned but no TLDs were found in them. Skipping unneeded JARs during scanning can improve startup time and JSP compilation time.
16-Mar-2026 22:09:42.090 INFO [main] org.apache.catalina.startup.HostConfig.deployDirectory Deployment of web application directory [/Users/erictran/Downloads/CS157A/apache-tomcat-9.0.115/webapps/ROOT] has finished in [66] ms
16-Mar-2026 22:09:42.091 INFO [main] org.apache.catalina.startup.HostConfig.deployDirectory Deploying web application directory [/Users/erictran/Downloads/CS157A/apache-tomcat-9.0.115/webapps/host-manager]
16-Mar-2026 22:09:42.159 INFO [main] org.apache.jasper.servlet.TldScanner.scanJars At least one JAR was scanned for TLDs yet contained no TLDs. Enable debug logging for this logger for a complete list of JARs that were scanned but no TLDs were found in them. Skipping unneeded JARs during scanning can improve startup time and JSP compilation time.
16-Mar-2026 22:09:42.160 INFO [main] org.apache.catalina.startup.HostConfig.deployDirectory Deployment of web application directory [/Users/erictran/Downloads/CS157A/apache-tomcat-9.0.115/webapps/host-manager] has finished in [70] ms
16-Mar-2026 22:09:42.162 INFO [main] org.apache.coyote.AbstractProtocol.start Starting ProtocolHandler ["http-nio-8080"]
16-Mar-2026 22:09:42.165 INFO [main] org.apache.catalina.startup.Catalina.start Server startup in [669] milliseconds
16-Mar-2026 22:25:29.393 INFO [main] org.apache.catalina.core.StandardServer.await A valid shutdown command was received via the shutdown port. Stopping the Server instance.
16-Mar-2026 22:25:29.394 INFO [main] org.apache.coyote.AbstractProtocol.pause Pausing ProtocolHandler ["http-nio-8080"]
16-Mar-2026 22:25:30.398 INFO [main] org.apache.catalina.core.StandardService.stopInternal Stopping service [Catalina]
16-Mar-2026 22:25:30.429 INFO [main] org.apache.coyote.AbstractProtocol.stop Stopping ProtocolHandler ["http-nio-8080"]
16-Mar-2026 22:25:31.030 WARNING [main] org.apache.tomcat.util.net.Acceptor.stopMillis The acceptor thread [http-nio-8080-Acceptor] did not stop cleanly
16-Mar-2026 22:25:31.038 INFO [main] org.apache.coyote.AbstractProtocol.destroy Destroying ProtocolHandler ["http-nio-8080"]
NOTE: Picked up JDK_JAVA_OPTIONS:  --add-opens=java.base/java.lang=ALL-UNNAMED --add-opens=java.base/java.lang.invoke=ALL-UNNAMED --add-opens=java.base/java.lang.reflect=ALL-UNNAMED --add-opens=java.base/java.io=ALL-UNNAMED --add-opens=java.base/java.util=ALL-UNNAMED --add-opens=java.base/java.util.concurrent=ALL-UNNAMED --add-opens=java.rmi/sun.rmi.transport=ALL-UNNAMED
16-Mar-2026 22:25:32.680 INFO [main] org.apache.catalina.startup.VersionLoggerListener.log Server version name:   Apache Tomcat/9.0.115
16-Mar-2026 22:25:32.681 INFO [main] org.apache.catalina.startup.VersionLoggerListener.log Server built:          Jan 21 2026 08:17:26 UTC
16-Mar-2026 22:25:32.681 INFO [main] org.apache.catalina.startup.VersionLoggerListener.log Server version number: 9.0.115.0
16-Mar-2026 22:25:32.681 INFO [main] org.apache.catalina.startup.VersionLoggerListener.log OS Name:               Mac OS X
16-Mar-2026 22:25:32.681 INFO [main] org.apache.catalina.startup.VersionLoggerListener.log OS Version:            26.3.1
16-Mar-2026 22:25:32.682 INFO [main] org.apache.catalina.startup.VersionLoggerListener.log Architecture:          aarch64
16-Mar-2026 22:25:32.682 INFO [main] org.apache.catalina.startup.VersionLoggerListener.log Java Home:             /Library/Java/JavaVirtualMachines/jdk-25.jdk/Contents/Home
16-Mar-2026 22:25:32.682 INFO [main] org.apache.catalina.startup.VersionLoggerListener.log JVM Version:           25.0.2+10-LTS-69
16-Mar-2026 22:25:32.682 INFO [main] org.apache.catalina.startup.VersionLoggerListener.log JVM Vendor:            Oracle Corporation
16-Mar-2026 22:25:32.682 INFO [main] org.apache.catalina.startup.VersionLoggerListener.log CATALINA_BASE:         /Users/erictran/Downloads/CS157A/apache-tomcat-9.0.115
16-Mar-2026 22:25:32.682 INFO [main] org.apache.catalina.startup.VersionLoggerListener.log CATALINA_HOME:         /Users/erictran/Downloads/CS157A/apache-tomcat-9.0.115
16-Mar-2026 22:25:32.686 INFO [main] org.apache.catalina.startup.VersionLoggerListener.log Command line argument: --add-opens=java.base/java.lang=ALL-UNNAMED
16-Mar-2026 22:25:32.686 INFO [main] org.apache.catalina.startup.VersionLoggerListener.log Command line argument: --add-opens=java.base/java.lang.invoke=ALL-UNNAMED
16-Mar-2026 22:25:32.686 INFO [main] org.apache.catalina.startup.VersionLoggerListener.log Command line argument: --add-opens=java.base/java.lang.reflect=ALL-UNNAMED
16-Mar-2026 22:25:32.686 INFO [main] org.apache.catalina.startup.VersionLoggerListener.log Command line argument: --add-opens=java.base/java.io=ALL-UNNAMED
16-Mar-2026 22:25:32.686 INFO [main] org.apache.catalina.startup.VersionLoggerListener.log Command line argument: --add-opens=java.base/java.util=ALL-UNNAMED
16-Mar-2026 22:25:32.686 INFO [main] org.apache.catalina.startup.VersionLoggerListener.log Command line argument: --add-opens=java.base/java.util.concurrent=ALL-UNNAMED
16-Mar-2026 22:25:32.686 INFO [main] org.apache.catalina.startup.VersionLoggerListener.log Command line argument: --add-opens=java.rmi/sun.rmi.transport=ALL-UNNAMED
16-Mar-2026 22:25:32.686 INFO [main] org.apache.catalina.startup.VersionLoggerListener.log Command line argument: -Djava.util.logging.config.file=/Users/erictran/Downloads/CS157A/apache-tomcat-9.0.115/conf/logging.properties
16-Mar-2026 22:25:32.686 INFO [main] org.apache.catalina.startup.VersionLoggerListener.log Command line argument: -Djava.util.logging.manager=org.apache.juli.ClassLoaderLogManager
16-Mar-2026 22:25:32.686 INFO [main] org.apache.catalina.startup.VersionLoggerListener.log Command line argument: -Djdk.tls.ephemeralDHKeySize=2048
16-Mar-2026 22:25:32.686 INFO [main] org.apache.catalina.startup.VersionLoggerListener.log Command line argument: -Djava.protocol.handler.pkgs=org.apache.catalina.webresources
16-Mar-2026 22:25:32.686 INFO [main] org.apache.catalina.startup.VersionLoggerListener.log Command line argument: -Dsun.io.useCanonCaches=false
16-Mar-2026 22:25:32.686 INFO [main] org.apache.catalina.startup.VersionLoggerListener.log Command line argument: -Dorg.apache.catalina.security.SecurityListener.UMASK=0027
16-Mar-2026 22:25:32.686 INFO [main] org.apache.catalina.startup.VersionLoggerListener.log Command line argument: -Dignore.endorsed.dirs=
16-Mar-2026 22:25:32.686 INFO [main] org.apache.catalina.startup.VersionLoggerListener.log Command line argument: -Dcatalina.base=/Users/erictran/Downloads/CS157A/apache-tomcat-9.0.115
16-Mar-2026 22:25:32.687 INFO [main] org.apache.catalina.startup.VersionLoggerListener.log Command line argument: -Dcatalina.home=/Users/erictran/Downloads/CS157A/apache-tomcat-9.0.115
16-Mar-2026 22:25:32.687 INFO [main] org.apache.catalina.startup.VersionLoggerListener.log Command line argument: -Djava.io.tmpdir=/Users/erictran/Downloads/CS157A/apache-tomcat-9.0.115/temp
WARNING: A restricted method in java.lang.System has been called
WARNING: java.lang.System::load has been called by org.apache.tomcat.jni.Library in an unnamed module (file:/Users/erictran/Downloads/CS157A/apache-tomcat-9.0.115/lib/tomcat-jni.jar)
WARNING: Use --enable-native-access=ALL-UNNAMED to avoid a warning for callers in this module
WARNING: Restricted methods will be blocked in a future release unless native access is enabled

16-Mar-2026 22:25:32.692 INFO [main] org.apache.catalina.core.AprLifecycleListener.lifecycleEvent The Apache Tomcat Native library which allows using OpenSSL was not found on the java.library.path: [/Users/erictran/Library/Java/Extensions:/Library/Java/Extensions:/Network/Library/Java/Extensions:/System/Library/Java/Extensions:/usr/lib/java:.]
16-Mar-2026 22:25:32.819 INFO [main] org.apache.coyote.AbstractProtocol.init Initializing ProtocolHandler ["http-nio-8080"]
16-Mar-2026 22:25:32.829 INFO [main] org.apache.catalina.startup.Catalina.load Server initialization in [252] milliseconds
16-Mar-2026 22:25:32.841 INFO [main] org.apache.catalina.core.StandardService.startInternal Starting service [Catalina]
16-Mar-2026 22:25:32.842 INFO [main] org.apache.catalina.core.StandardEngine.startInternal Starting Servlet engine: [Apache Tomcat/9.0.115]
16-Mar-2026 22:25:32.844 INFO [main] org.apache.catalina.startup.HostConfig.deployDirectory Deploying web application directory [/Users/erictran/Downloads/CS157A/apache-tomcat-9.0.115/webapps/docs]
16-Mar-2026 22:25:33.014 INFO [main] org.apache.jasper.servlet.TldScanner.scanJars At least one JAR was scanned for TLDs yet contained no TLDs. Enable debug logging for this logger for a complete list of JARs that were scanned but no TLDs were found in them. Skipping unneeded JARs during scanning can improve startup time and JSP compilation time.
16-Mar-2026 22:25:33.026 INFO [main] org.apache.catalina.startup.HostConfig.deployDirectory Deployment of web application directory [/Users/erictran/Downloads/CS157A/apache-tomcat-9.0.115/webapps/docs] has finished in [181] ms
16-Mar-2026 22:25:33.027 INFO [main] org.apache.catalina.startup.HostConfig.deployDirectory Deploying web application directory [/Users/erictran/Downloads/CS157A/apache-tomcat-9.0.115/webapps/TaskMe]
16-Mar-2026 22:25:33.105 INFO [main] org.apache.jasper.servlet.TldScanner.scanJars At least one JAR was scanned for TLDs yet contained no TLDs. Enable debug logging for this logger for a complete list of JARs that were scanned but no TLDs were found in them. Skipping unneeded JARs during scanning can improve startup time and JSP compilation time.
16-Mar-2026 22:25:33.107 INFO [main] org.apache.catalina.startup.HostConfig.deployDirectory Deployment of web application directory [/Users/erictran/Downloads/CS157A/apache-tomcat-9.0.115/webapps/TaskMe] has finished in [80] ms
16-Mar-2026 22:25:33.107 INFO [main] org.apache.catalina.startup.HostConfig.deployDirectory Deploying web application directory [/Users/erictran/Downloads/CS157A/apache-tomcat-9.0.115/webapps/manager]
16-Mar-2026 22:25:33.181 INFO [main] org.apache.jasper.servlet.TldScanner.scanJars At least one JAR was scanned for TLDs yet contained no TLDs. Enable debug logging for this logger for a complete list of JARs that were scanned but no TLDs were found in them. Skipping unneeded JARs during scanning can improve startup time and JSP compilation time.
16-Mar-2026 22:25:33.184 INFO [main] org.apache.catalina.startup.HostConfig.deployDirectory Deployment of web application directory [/Users/erictran/Downloads/CS157A/apache-tomcat-9.0.115/webapps/manager] has finished in [77] ms
16-Mar-2026 22:25:33.184 INFO [main] org.apache.catalina.startup.HostConfig.deployDirectory Deploying web application directory [/Users/erictran/Downloads/CS157A/apache-tomcat-9.0.115/webapps/examples]
16-Mar-2026 22:25:33.310 INFO [main] org.apache.jasper.servlet.TldScanner.scanJars At least one JAR was scanned for TLDs yet contained no TLDs. Enable debug logging for this logger for a complete list of JARs that were scanned but no TLDs were found in them. Skipping unneeded JARs during scanning can improve startup time and JSP compilation time.
16-Mar-2026 22:25:33.316 INFO [main] org.apache.catalina.startup.HostConfig.deployDirectory Deployment of web application directory [/Users/erictran/Downloads/CS157A/apache-tomcat-9.0.115/webapps/examples] has finished in [132] ms
16-Mar-2026 22:25:33.316 INFO [main] org.apache.catalina.startup.HostConfig.deployDirectory Deploying web application directory [/Users/erictran/Downloads/CS157A/apache-tomcat-9.0.115/webapps/ROOT]
16-Mar-2026 22:25:33.380 INFO [main] org.apache.jasper.servlet.TldScanner.scanJars At least one JAR was scanned for TLDs yet contained no TLDs. Enable debug logging for this logger for a complete list of JARs that were scanned but no TLDs were found in them. Skipping unneeded JARs during scanning can improve startup time and JSP compilation time.
16-Mar-2026 22:25:33.380 INFO [main] org.apache.catalina.startup.HostConfig.deployDirectory Deployment of web application directory [/Users/erictran/Downloads/CS157A/apache-tomcat-9.0.115/webapps/ROOT] has finished in [64] ms
16-Mar-2026 22:25:33.381 INFO [main] org.apache.catalina.startup.HostConfig.deployDirectory Deploying web application directory [/Users/erictran/Downloads/CS157A/apache-tomcat-9.0.115/webapps/host-manager]
16-Mar-2026 22:25:33.445 INFO [main] org.apache.jasper.servlet.TldScanner.scanJars At least one JAR was scanned for TLDs yet contained no TLDs. Enable debug logging for this logger for a complete list of JARs that were scanned but no TLDs were found in them. Skipping unneeded JARs during scanning can improve startup time and JSP compilation time.
16-Mar-2026 22:25:33.445 INFO [main] org.apache.catalina.startup.HostConfig.deployDirectory Deployment of web application directory [/Users/erictran/Downloads/CS157A/apache-tomcat-9.0.115/webapps/host-manager] has finished in [64] ms
16-Mar-2026 22:25:33.447 INFO [main] org.apache.coyote.AbstractProtocol.start Starting ProtocolHandler ["http-nio-8080"]
16-Mar-2026 22:25:33.451 INFO [main] org.apache.catalina.startup.Catalina.start Server startup in [621] milliseconds
16-Mar-2026 23:21:00.132 INFO [Thread-1] org.apache.coyote.AbstractProtocol.pause Pausing ProtocolHandler ["http-nio-8080"]
16-Mar-2026 23:21:00.139 INFO [Thread-1] org.apache.catalina.core.StandardService.stopInternal Stopping service [Catalina]
16-Mar-2026 23:21:00.212 INFO [Thread-1] org.apache.coyote.AbstractProtocol.stop Stopping ProtocolHandler ["http-nio-8080"]
16-Mar-2026 23:21:00.818 WARNING [Thread-1] org.apache.tomcat.util.net.Acceptor.stopMillis The acceptor thread [http-nio-8080-Acceptor] did not stop cleanly
16-Mar-2026 23:21:00.826 INFO [Thread-1] org.apache.coyote.AbstractProtocol.destroy Destroying ProtocolHandler ["http-nio-8080"]
NOTE: Picked up JDK_JAVA_OPTIONS:  --add-opens=java.base/java.lang=ALL-UNNAMED --add-opens=java.base/java.lang.invoke=ALL-UNNAMED --add-opens=java.base/java.lang.reflect=ALL-UNNAMED --add-opens=java.base/java.io=ALL-UNNAMED --add-opens=java.base/java.util=ALL-UNNAMED --add-opens=java.base/java.util.concurrent=ALL-UNNAMED --add-opens=java.rmi/sun.rmi.transport=ALL-UNNAMED
17-Mar-2026 15:25:36.574 INFO [main] org.apache.catalina.startup.VersionLoggerListener.log Server version name:   Apache Tomcat/9.0.115
17-Mar-2026 15:25:36.576 INFO [main] org.apache.catalina.startup.VersionLoggerListener.log Server built:          Jan 21 2026 08:17:26 UTC
17-Mar-2026 15:25:36.576 INFO [main] org.apache.catalina.startup.VersionLoggerListener.log Server version number: 9.0.115.0
17-Mar-2026 15:25:36.576 INFO [main] org.apache.catalina.startup.VersionLoggerListener.log OS Name:               Mac OS X
17-Mar-2026 15:25:36.576 INFO [main] org.apache.catalina.startup.VersionLoggerListener.log OS Version:            26.3.1
17-Mar-2026 15:25:36.576 INFO [main] org.apache.catalina.startup.VersionLoggerListener.log Architecture:          aarch64
17-Mar-2026 15:25:36.576 INFO [main] org.apache.catalina.startup.VersionLoggerListener.log Java Home:             /Library/Java/JavaVirtualMachines/jdk-25.jdk/Contents/Home
17-Mar-2026 15:25:36.576 INFO [main] org.apache.catalina.startup.VersionLoggerListener.log JVM Version:           25.0.2+10-LTS-69
17-Mar-2026 15:25:36.576 INFO [main] org.apache.catalina.startup.VersionLoggerListener.log JVM Vendor:            Oracle Corporation
17-Mar-2026 15:25:36.576 INFO [main] org.apache.catalina.startup.VersionLoggerListener.log CATALINA_BASE:         /Users/erictran/Downloads/CS157A/CS157A-S1-14/apache-tomcat-9.0.115
17-Mar-2026 15:25:36.576 INFO [main] org.apache.catalina.startup.VersionLoggerListener.log CATALINA_HOME:         /Users/erictran/Downloads/CS157A/CS157A-S1-14/apache-tomcat-9.0.115
17-Mar-2026 15:25:36.616 INFO [main] org.apache.catalina.startup.VersionLoggerListener.log Command line argument: --add-opens=java.base/java.lang=ALL-UNNAMED
17-Mar-2026 15:25:36.616 INFO [main] org.apache.catalina.startup.VersionLoggerListener.log Command line argument: --add-opens=java.base/java.lang.invoke=ALL-UNNAMED
17-Mar-2026 15:25:36.617 INFO [main] org.apache.catalina.startup.VersionLoggerListener.log Command line argument: --add-opens=java.base/java.lang.reflect=ALL-UNNAMED
17-Mar-2026 15:25:36.617 INFO [main] org.apache.catalina.startup.VersionLoggerListener.log Command line argument: --add-opens=java.base/java.io=ALL-UNNAMED
17-Mar-2026 15:25:36.617 INFO [main] org.apache.catalina.startup.VersionLoggerListener.log Command line argument: --add-opens=java.base/java.util=ALL-UNNAMED
17-Mar-2026 15:25:36.617 INFO [main] org.apache.catalina.startup.VersionLoggerListener.log Command line argument: --add-opens=java.base/java.util.concurrent=ALL-UNNAMED
17-Mar-2026 15:25:36.617 INFO [main] org.apache.catalina.startup.VersionLoggerListener.log Command line argument: --add-opens=java.rmi/sun.rmi.transport=ALL-UNNAMED
17-Mar-2026 15:25:36.617 INFO [main] org.apache.catalina.startup.VersionLoggerListener.log Command line argument: -Djava.util.logging.config.file=/Users/erictran/Downloads/CS157A/CS157A-S1-14/apache-tomcat-9.0.115/conf/logging.properties
17-Mar-2026 15:25:36.617 INFO [main] org.apache.catalina.startup.VersionLoggerListener.log Command line argument: -Djava.util.logging.manager=org.apache.juli.ClassLoaderLogManager
17-Mar-2026 15:25:36.617 INFO [main] org.apache.catalina.startup.VersionLoggerListener.log Command line argument: -Djdk.tls.ephemeralDHKeySize=2048
17-Mar-2026 15:25:36.617 INFO [main] org.apache.catalina.startup.VersionLoggerListener.log Command line argument: -Djava.protocol.handler.pkgs=org.apache.catalina.webresources
17-Mar-2026 15:25:36.617 INFO [main] org.apache.catalina.startup.VersionLoggerListener.log Command line argument: -Dsun.io.useCanonCaches=false
17-Mar-2026 15:25:36.617 INFO [main] org.apache.catalina.startup.VersionLoggerListener.log Command line argument: -Dorg.apache.catalina.security.SecurityListener.UMASK=0027
17-Mar-2026 15:25:36.617 INFO [main] org.apache.catalina.startup.VersionLoggerListener.log Command line argument: -Dignore.endorsed.dirs=
17-Mar-2026 15:25:36.617 INFO [main] org.apache.catalina.startup.VersionLoggerListener.log Command line argument: -Dcatalina.base=/Users/erictran/Downloads/CS157A/CS157A-S1-14/apache-tomcat-9.0.115
17-Mar-2026 15:25:36.617 INFO [main] org.apache.catalina.startup.VersionLoggerListener.log Command line argument: -Dcatalina.home=/Users/erictran/Downloads/CS157A/CS157A-S1-14/apache-tomcat-9.0.115
17-Mar-2026 15:25:36.617 INFO [main] org.apache.catalina.startup.VersionLoggerListener.log Command line argument: -Djava.io.tmpdir=/Users/erictran/Downloads/CS157A/CS157A-S1-14/apache-tomcat-9.0.115/temp
WARNING: A restricted method in java.lang.System has been called
WARNING: java.lang.System::load has been called by org.apache.tomcat.jni.Library in an unnamed module (file:/Users/erictran/Downloads/CS157A/CS157A-S1-14/apache-tomcat-9.0.115/lib/tomcat-jni.jar)
WARNING: Use --enable-native-access=ALL-UNNAMED to avoid a warning for callers in this module
WARNING: Restricted methods will be blocked in a future release unless native access is enabled

17-Mar-2026 15:25:36.623 INFO [main] org.apache.catalina.core.AprLifecycleListener.lifecycleEvent The Apache Tomcat Native library which allows using OpenSSL was not found on the java.library.path: [/Users/erictran/Library/Java/Extensions:/Library/Java/Extensions:/Network/Library/Java/Extensions:/System/Library/Java/Extensions:/usr/lib/java:.]
17-Mar-2026 15:25:36.767 INFO [main] org.apache.coyote.AbstractProtocol.init Initializing ProtocolHandler ["http-nio-8080"]
17-Mar-2026 15:25:36.795 INFO [main] org.apache.catalina.startup.Catalina.load Server initialization in [308] milliseconds
17-Mar-2026 15:25:36.811 INFO [main] org.apache.catalina.core.StandardService.startInternal Starting service [Catalina]
17-Mar-2026 15:25:36.811 INFO [main] org.apache.catalina.core.StandardEngine.startInternal Starting Servlet engine: [Apache Tomcat/9.0.115]
17-Mar-2026 15:25:36.813 INFO [main] org.apache.catalina.startup.HostConfig.deployDirectory Deploying web application directory [/Users/erictran/Downloads/CS157A/CS157A-S1-14/apache-tomcat-9.0.115/webapps/docs]
17-Mar-2026 15:25:37.010 INFO [main] org.apache.jasper.servlet.TldScanner.scanJars At least one JAR was scanned for TLDs yet contained no TLDs. Enable debug logging for this logger for a complete list of JARs that were scanned but no TLDs were found in them. Skipping unneeded JARs during scanning can improve startup time and JSP compilation time.
17-Mar-2026 15:25:37.025 INFO [main] org.apache.catalina.startup.HostConfig.deployDirectory Deployment of web application directory [/Users/erictran/Downloads/CS157A/CS157A-S1-14/apache-tomcat-9.0.115/webapps/docs] has finished in [210] ms
17-Mar-2026 15:25:37.025 INFO [main] org.apache.catalina.startup.HostConfig.deployDirectory Deploying web application directory [/Users/erictran/Downloads/CS157A/CS157A-S1-14/apache-tomcat-9.0.115/webapps/TaskME]
17-Mar-2026 15:25:37.107 INFO [main] org.apache.jasper.servlet.TldScanner.scanJars At least one JAR was scanned for TLDs yet contained no TLDs. Enable debug logging for this logger for a complete list of JARs that were scanned but no TLDs were found in them. Skipping unneeded JARs during scanning can improve startup time and JSP compilation time.
17-Mar-2026 15:25:37.111 INFO [main] org.apache.catalina.startup.HostConfig.deployDirectory Deployment of web application directory [/Users/erictran/Downloads/CS157A/CS157A-S1-14/apache-tomcat-9.0.115/webapps/TaskME] has finished in [86] ms
17-Mar-2026 15:25:37.111 INFO [main] org.apache.catalina.startup.HostConfig.deployDirectory Deploying web application directory [/Users/erictran/Downloads/CS157A/CS157A-S1-14/apache-tomcat-9.0.115/webapps/manager]
17-Mar-2026 15:25:37.187 INFO [main] org.apache.jasper.servlet.TldScanner.scanJars At least one JAR was scanned for TLDs yet contained no TLDs. Enable debug logging for this logger for a complete list of JARs that were scanned but no TLDs were found in them. Skipping unneeded JARs during scanning can improve startup time and JSP compilation time.
17-Mar-2026 15:25:37.190 INFO [main] org.apache.catalina.startup.HostConfig.deployDirectory Deployment of web application directory [/Users/erictran/Downloads/CS157A/CS157A-S1-14/apache-tomcat-9.0.115/webapps/manager] has finished in [79] ms
17-Mar-2026 15:25:37.190 INFO [main] org.apache.catalina.startup.HostConfig.deployDirectory Deploying web application directory [/Users/erictran/Downloads/CS157A/CS157A-S1-14/apache-tomcat-9.0.115/webapps/examples]
17-Mar-2026 15:25:37.324 INFO [main] org.apache.jasper.servlet.TldScanner.scanJars At least one JAR was scanned for TLDs yet contained no TLDs. Enable debug logging for this logger for a complete list of JARs that were scanned but no TLDs were found in them. Skipping unneeded JARs during scanning can improve startup time and JSP compilation time.
17-Mar-2026 15:25:37.331 INFO [main] org.apache.catalina.startup.HostConfig.deployDirectory Deployment of web application directory [/Users/erictran/Downloads/CS157A/CS157A-S1-14/apache-tomcat-9.0.115/webapps/examples] has finished in [141] ms
17-Mar-2026 15:25:37.331 INFO [main] org.apache.catalina.startup.HostConfig.deployDirectory Deploying web application directory [/Users/erictran/Downloads/CS157A/CS157A-S1-14/apache-tomcat-9.0.115/webapps/ROOT]
17-Mar-2026 15:25:37.397 INFO [main] org.apache.jasper.servlet.TldScanner.scanJars At least one JAR was scanned for TLDs yet contained no TLDs. Enable debug logging for this logger for a complete list of JARs that were scanned but no TLDs were found in them. Skipping unneeded JARs during scanning can improve startup time and JSP compilation time.
17-Mar-2026 15:25:37.397 INFO [main] org.apache.catalina.startup.HostConfig.deployDirectory Deployment of web application directory [/Users/erictran/Downloads/CS157A/CS157A-S1-14/apache-tomcat-9.0.115/webapps/ROOT] has finished in [66] ms
17-Mar-2026 15:25:37.397 INFO [main] org.apache.catalina.startup.HostConfig.deployDirectory Deploying web application directory [/Users/erictran/Downloads/CS157A/CS157A-S1-14/apache-tomcat-9.0.115/webapps/host-manager]
17-Mar-2026 15:25:37.466 INFO [main] org.apache.jasper.servlet.TldScanner.scanJars At least one JAR was scanned for TLDs yet contained no TLDs. Enable debug logging for this logger for a complete list of JARs that were scanned but no TLDs were found in them. Skipping unneeded JARs during scanning can improve startup time and JSP compilation time.
17-Mar-2026 15:25:37.466 INFO [main] org.apache.catalina.startup.HostConfig.deployDirectory Deployment of web application directory [/Users/erictran/Downloads/CS157A/CS157A-S1-14/apache-tomcat-9.0.115/webapps/host-manager] has finished in [69] ms
17-Mar-2026 15:25:37.468 INFO [main] org.apache.coyote.AbstractProtocol.start Starting ProtocolHandler ["http-nio-8080"]
17-Mar-2026 15:25:37.473 INFO [main] org.apache.catalina.startup.Catalina.start Server startup in [677] milliseconds
NOTE: Picked up JDK_JAVA_OPTIONS:  --add-opens=java.base/java.lang=ALL-UNNAMED --add-opens=java.base/java.lang.invoke=ALL-UNNAMED --add-opens=java.base/java.lang.reflect=ALL-UNNAMED --add-opens=java.base/java.io=ALL-UNNAMED --add-opens=java.base/java.util=ALL-UNNAMED --add-opens=java.base/java.util.concurrent=ALL-UNNAMED --add-opens=java.rmi/sun.rmi.transport=ALL-UNNAMED
14-Apr-2026 00:47:51.262 INFO [main] org.apache.catalina.startup.VersionLoggerListener.log Server version name:   Apache Tomcat/9.0.115
14-Apr-2026 00:47:51.263 INFO [main] org.apache.catalina.startup.VersionLoggerListener.log Server built:          Jan 21 2026 08:17:26 UTC
14-Apr-2026 00:47:51.263 INFO [main] org.apache.catalina.startup.VersionLoggerListener.log Server version number: 9.0.115.0
14-Apr-2026 00:47:51.263 INFO [main] org.apache.catalina.startup.VersionLoggerListener.log OS Name:               Mac OS X
14-Apr-2026 00:47:51.263 INFO [main] org.apache.catalina.startup.VersionLoggerListener.log OS Version:            26.4.1
14-Apr-2026 00:47:51.264 INFO [main] org.apache.catalina.startup.VersionLoggerListener.log Architecture:          aarch64
14-Apr-2026 00:47:51.264 INFO [main] org.apache.catalina.startup.VersionLoggerListener.log Java Home:             /Library/Java/JavaVirtualMachines/jdk-25.jdk/Contents/Home
14-Apr-2026 00:47:51.264 INFO [main] org.apache.catalina.startup.VersionLoggerListener.log JVM Version:           25.0.2+10-LTS-69
14-Apr-2026 00:47:51.264 INFO [main] org.apache.catalina.startup.VersionLoggerListener.log JVM Vendor:            Oracle Corporation
14-Apr-2026 00:47:51.264 INFO [main] org.apache.catalina.startup.VersionLoggerListener.log CATALINA_BASE:         /Users/erictran/Downloads/CS157A/CS157A-S1-14/apache-tomcat-9.0.115
14-Apr-2026 00:47:51.264 INFO [main] org.apache.catalina.startup.VersionLoggerListener.log CATALINA_HOME:         /Users/erictran/Downloads/CS157A/CS157A-S1-14/apache-tomcat-9.0.115
14-Apr-2026 00:47:51.268 INFO [main] org.apache.catalina.startup.VersionLoggerListener.log Command line argument: --add-opens=java.base/java.lang=ALL-UNNAMED
14-Apr-2026 00:47:51.268 INFO [main] org.apache.catalina.startup.VersionLoggerListener.log Command line argument: --add-opens=java.base/java.lang.invoke=ALL-UNNAMED
14-Apr-2026 00:47:51.268 INFO [main] org.apache.catalina.startup.VersionLoggerListener.log Command line argument: --add-opens=java.base/java.lang.reflect=ALL-UNNAMED
14-Apr-2026 00:47:51.268 INFO [main] org.apache.catalina.startup.VersionLoggerListener.log Command line argument: --add-opens=java.base/java.io=ALL-UNNAMED
14-Apr-2026 00:47:51.268 INFO [main] org.apache.catalina.startup.VersionLoggerListener.log Command line argument: --add-opens=java.base/java.util=ALL-UNNAMED
14-Apr-2026 00:47:51.268 INFO [main] org.apache.catalina.startup.VersionLoggerListener.log Command line argument: --add-opens=java.base/java.util.concurrent=ALL-UNNAMED
14-Apr-2026 00:47:51.268 INFO [main] org.apache.catalina.startup.VersionLoggerListener.log Command line argument: --add-opens=java.rmi/sun.rmi.transport=ALL-UNNAMED
14-Apr-2026 00:47:51.268 INFO [main] org.apache.catalina.startup.VersionLoggerListener.log Command line argument: -Djava.util.logging.config.file=/Users/erictran/Downloads/CS157A/CS157A-S1-14/apache-tomcat-9.0.115/conf/logging.properties
14-Apr-2026 00:47:51.268 INFO [main] org.apache.catalina.startup.VersionLoggerListener.log Command line argument: -Djava.util.logging.manager=org.apache.juli.ClassLoaderLogManager
14-Apr-2026 00:47:51.268 INFO [main] org.apache.catalina.startup.VersionLoggerListener.log Command line argument: -Djdk.tls.ephemeralDHKeySize=2048
14-Apr-2026 00:47:51.268 INFO [main] org.apache.catalina.startup.VersionLoggerListener.log Command line argument: -Djava.protocol.handler.pkgs=org.apache.catalina.webresources
14-Apr-2026 00:47:51.269 INFO [main] org.apache.catalina.startup.VersionLoggerListener.log Command line argument: -Dsun.io.useCanonCaches=false
14-Apr-2026 00:47:51.269 INFO [main] org.apache.catalina.startup.VersionLoggerListener.log Command line argument: -Dorg.apache.catalina.security.SecurityListener.UMASK=0027
14-Apr-2026 00:47:51.269 INFO [main] org.apache.catalina.startup.VersionLoggerListener.log Command line argument: -Dignore.endorsed.dirs=
14-Apr-2026 00:47:51.269 INFO [main] org.apache.catalina.startup.VersionLoggerListener.log Command line argument: -Dcatalina.base=/Users/erictran/Downloads/CS157A/CS157A-S1-14/apache-tomcat-9.0.115
14-Apr-2026 00:47:51.269 INFO [main] org.apache.catalina.startup.VersionLoggerListener.log Command line argument: -Dcatalina.home=/Users/erictran/Downloads/CS157A/CS157A-S1-14/apache-tomcat-9.0.115
14-Apr-2026 00:47:51.269 INFO [main] org.apache.catalina.startup.VersionLoggerListener.log Command line argument: -Djava.io.tmpdir=/Users/erictran/Downloads/CS157A/CS157A-S1-14/apache-tomcat-9.0.115/temp
WARNING: A restricted method in java.lang.System has been called
WARNING: java.lang.System::load has been called by org.apache.tomcat.jni.Library in an unnamed module (file:/Users/erictran/Downloads/CS157A/CS157A-S1-14/apache-tomcat-9.0.115/lib/tomcat-jni.jar)
WARNING: Use --enable-native-access=ALL-UNNAMED to avoid a warning for callers in this module
WARNING: Restricted methods will be blocked in a future release unless native access is enabled

14-Apr-2026 00:47:51.275 INFO [main] org.apache.catalina.core.AprLifecycleListener.lifecycleEvent The Apache Tomcat Native library which allows using OpenSSL was not found on the java.library.path: [/Users/erictran/Library/Java/Extensions:/Library/Java/Extensions:/Network/Library/Java/Extensions:/System/Library/Java/Extensions:/usr/lib/java:.]
14-Apr-2026 00:47:51.395 INFO [main] org.apache.coyote.AbstractProtocol.init Initializing ProtocolHandler ["http-nio-8080"]
14-Apr-2026 00:47:51.406 INFO [main] org.apache.catalina.startup.Catalina.load Server initialization in [209] milliseconds
14-Apr-2026 00:47:51.418 INFO [main] org.apache.catalina.core.StandardService.startInternal Starting service [Catalina]
14-Apr-2026 00:47:51.418 INFO [main] org.apache.catalina.core.StandardEngine.startInternal Starting Servlet engine: [Apache Tomcat/9.0.115]
14-Apr-2026 00:47:51.420 INFO [main] org.apache.catalina.startup.HostConfig.deployDirectory Deploying web application directory [/Users/erictran/Downloads/CS157A/CS157A-S1-14/apache-tomcat-9.0.115/webapps/docs]
14-Apr-2026 00:47:51.619 INFO [main] org.apache.jasper.servlet.TldScanner.scanJars At least one JAR was scanned for TLDs yet contained no TLDs. Enable debug logging for this logger for a complete list of JARs that were scanned but no TLDs were found in them. Skipping unneeded JARs during scanning can improve startup time and JSP compilation time.
14-Apr-2026 00:47:51.632 INFO [main] org.apache.catalina.startup.HostConfig.deployDirectory Deployment of web application directory [/Users/erictran/Downloads/CS157A/CS157A-S1-14/apache-tomcat-9.0.115/webapps/docs] has finished in [211] ms
14-Apr-2026 00:47:51.632 INFO [main] org.apache.catalina.startup.HostConfig.deployDirectory Deploying web application directory [/Users/erictran/Downloads/CS157A/CS157A-S1-14/apache-tomcat-9.0.115/webapps/TaskME]
14-Apr-2026 00:47:51.730 INFO [main] org.apache.jasper.servlet.TldScanner.scanJars At least one JAR was scanned for TLDs yet contained no TLDs. Enable debug logging for this logger for a complete list of JARs that were scanned but no TLDs were found in them. Skipping unneeded JARs during scanning can improve startup time and JSP compilation time.
14-Apr-2026 00:47:51.733 INFO [main] org.apache.catalina.startup.HostConfig.deployDirectory Deployment of web application directory [/Users/erictran/Downloads/CS157A/CS157A-S1-14/apache-tomcat-9.0.115/webapps/TaskME] has finished in [101] ms
14-Apr-2026 00:47:51.733 INFO [main] org.apache.catalina.startup.HostConfig.deployDirectory Deploying web application directory [/Users/erictran/Downloads/CS157A/CS157A-S1-14/apache-tomcat-9.0.115/webapps/manager]
14-Apr-2026 00:47:51.824 INFO [main] org.apache.jasper.servlet.TldScanner.scanJars At least one JAR was scanned for TLDs yet contained no TLDs. Enable debug logging for this logger for a complete list of JARs that were scanned but no TLDs were found in them. Skipping unneeded JARs during scanning can improve startup time and JSP compilation time.
14-Apr-2026 00:47:51.827 INFO [main] org.apache.catalina.startup.HostConfig.deployDirectory Deployment of web application directory [/Users/erictran/Downloads/CS157A/CS157A-S1-14/apache-tomcat-9.0.115/webapps/manager] has finished in [94] ms
14-Apr-2026 00:47:51.827 INFO [main] org.apache.catalina.startup.HostConfig.deployDirectory Deploying web application directory [/Users/erictran/Downloads/CS157A/CS157A-S1-14/apache-tomcat-9.0.115/webapps/examples]
14-Apr-2026 00:47:51.978 INFO [main] org.apache.jasper.servlet.TldScanner.scanJars At least one JAR was scanned for TLDs yet contained no TLDs. Enable debug logging for this logger for a complete list of JARs that were scanned but no TLDs were found in them. Skipping unneeded JARs during scanning can improve startup time and JSP compilation time.
14-Apr-2026 00:47:51.985 INFO [main] org.apache.catalina.startup.HostConfig.deployDirectory Deployment of web application directory [/Users/erictran/Downloads/CS157A/CS157A-S1-14/apache-tomcat-9.0.115/webapps/examples] has finished in [158] ms
14-Apr-2026 00:47:51.985 INFO [main] org.apache.catalina.startup.HostConfig.deployDirectory Deploying web application directory [/Users/erictran/Downloads/CS157A/CS157A-S1-14/apache-tomcat-9.0.115/webapps/ROOT]
14-Apr-2026 00:47:52.068 INFO [main] org.apache.jasper.servlet.TldScanner.scanJars At least one JAR was scanned for TLDs yet contained no TLDs. Enable debug logging for this logger for a complete list of JARs that were scanned but no TLDs were found in them. Skipping unneeded JARs during scanning can improve startup time and JSP compilation time.
14-Apr-2026 00:47:52.069 INFO [main] org.apache.catalina.startup.HostConfig.deployDirectory Deployment of web application directory [/Users/erictran/Downloads/CS157A/CS157A-S1-14/apache-tomcat-9.0.115/webapps/ROOT] has finished in [84] ms
14-Apr-2026 00:47:52.069 INFO [main] org.apache.catalina.startup.HostConfig.deployDirectory Deploying web application directory [/Users/erictran/Downloads/CS157A/CS157A-S1-14/apache-tomcat-9.0.115/webapps/host-manager]
14-Apr-2026 00:47:52.151 INFO [main] org.apache.jasper.servlet.TldScanner.scanJars At least one JAR was scanned for TLDs yet contained no TLDs. Enable debug logging for this logger for a complete list of JARs that were scanned but no TLDs were found in them. Skipping unneeded JARs during scanning can improve startup time and JSP compilation time.
14-Apr-2026 00:47:52.152 INFO [main] org.apache.catalina.startup.HostConfig.deployDirectory Deployment of web application directory [/Users/erictran/Downloads/CS157A/CS157A-S1-14/apache-tomcat-9.0.115/webapps/host-manager] has finished in [83] ms
14-Apr-2026 00:47:52.153 INFO [main] org.apache.coyote.AbstractProtocol.start Starting ProtocolHandler ["http-nio-8080"]
14-Apr-2026 00:47:52.157 INFO [main] org.apache.catalina.startup.Catalina.start Server startup in [751] milliseconds
14-Apr-2026 01:10:29.157 INFO [main] org.apache.catalina.core.StandardServer.await A valid shutdown command was received via the shutdown port. Stopping the Server instance.
14-Apr-2026 01:10:29.158 INFO [main] org.apache.coyote.AbstractProtocol.pause Pausing ProtocolHandler ["http-nio-8080"]
NOTE: Picked up JDK_JAVA_OPTIONS:  --add-opens=java.base/java.lang=ALL-UNNAMED --add-opens=java.base/java.lang.invoke=ALL-UNNAMED --add-opens=java.base/java.lang.reflect=ALL-UNNAMED --add-opens=java.base/java.io=ALL-UNNAMED --add-opens=java.base/java.util=ALL-UNNAMED --add-opens=java.base/java.util.concurrent=ALL-UNNAMED --add-opens=java.rmi/sun.rmi.transport=ALL-UNNAMED
14-Apr-2026 01:10:30.160 INFO [main] org.apache.catalina.core.StandardService.stopInternal Stopping service [Catalina]
14-Apr-2026 01:10:30.174 INFO [main] org.apache.coyote.AbstractProtocol.stop Stopping ProtocolHandler ["http-nio-8080"]
14-Apr-2026 01:10:30.281 INFO [main] org.apache.catalina.startup.VersionLoggerListener.log Server version name:   Apache Tomcat/9.0.115
14-Apr-2026 01:10:30.283 INFO [main] org.apache.catalina.startup.VersionLoggerListener.log Server built:          Jan 21 2026 08:17:26 UTC
14-Apr-2026 01:10:30.283 INFO [main] org.apache.catalina.startup.VersionLoggerListener.log Server version number: 9.0.115.0
14-Apr-2026 01:10:30.283 INFO [main] org.apache.catalina.startup.VersionLoggerListener.log OS Name:               Mac OS X
14-Apr-2026 01:10:30.283 INFO [main] org.apache.catalina.startup.VersionLoggerListener.log OS Version:            26.4.1
14-Apr-2026 01:10:30.283 INFO [main] org.apache.catalina.startup.VersionLoggerListener.log Architecture:          aarch64
14-Apr-2026 01:10:30.283 INFO [main] org.apache.catalina.startup.VersionLoggerListener.log Java Home:             /Library/Java/JavaVirtualMachines/jdk-25.jdk/Contents/Home
14-Apr-2026 01:10:30.283 INFO [main] org.apache.catalina.startup.VersionLoggerListener.log JVM Version:           25.0.2+10-LTS-69
14-Apr-2026 01:10:30.283 INFO [main] org.apache.catalina.startup.VersionLoggerListener.log JVM Vendor:            Oracle Corporation
14-Apr-2026 01:10:30.283 INFO [main] org.apache.catalina.startup.VersionLoggerListener.log CATALINA_BASE:         /Users/erictran/Downloads/CS157A/CS157A-S1-14/apache-tomcat-9.0.115
14-Apr-2026 01:10:30.283 INFO [main] org.apache.catalina.startup.VersionLoggerListener.log CATALINA_HOME:         /Users/erictran/Downloads/CS157A/CS157A-S1-14/apache-tomcat-9.0.115
14-Apr-2026 01:10:30.288 INFO [main] org.apache.catalina.startup.VersionLoggerListener.log Command line argument: --add-opens=java.base/java.lang=ALL-UNNAMED
14-Apr-2026 01:10:30.288 INFO [main] org.apache.catalina.startup.VersionLoggerListener.log Command line argument: --add-opens=java.base/java.lang.invoke=ALL-UNNAMED
14-Apr-2026 01:10:30.288 INFO [main] org.apache.catalina.startup.VersionLoggerListener.log Command line argument: --add-opens=java.base/java.lang.reflect=ALL-UNNAMED
14-Apr-2026 01:10:30.288 INFO [main] org.apache.catalina.startup.VersionLoggerListener.log Command line argument: --add-opens=java.base/java.io=ALL-UNNAMED
14-Apr-2026 01:10:30.288 INFO [main] org.apache.catalina.startup.VersionLoggerListener.log Command line argument: --add-opens=java.base/java.util=ALL-UNNAMED
14-Apr-2026 01:10:30.288 INFO [main] org.apache.catalina.startup.VersionLoggerListener.log Command line argument: --add-opens=java.base/java.util.concurrent=ALL-UNNAMED
14-Apr-2026 01:10:30.288 INFO [main] org.apache.catalina.startup.VersionLoggerListener.log Command line argument: --add-opens=java.rmi/sun.rmi.transport=ALL-UNNAMED
14-Apr-2026 01:10:30.288 INFO [main] org.apache.catalina.startup.VersionLoggerListener.log Command line argument: -Djava.util.logging.config.file=/Users/erictran/Downloads/CS157A/CS157A-S1-14/apache-tomcat-9.0.115/conf/logging.properties
14-Apr-2026 01:10:30.288 INFO [main] org.apache.catalina.startup.VersionLoggerListener.log Command line argument: -Djava.util.logging.manager=org.apache.juli.ClassLoaderLogManager
14-Apr-2026 01:10:30.288 INFO [main] org.apache.catalina.startup.VersionLoggerListener.log Command line argument: -Djdk.tls.ephemeralDHKeySize=2048
14-Apr-2026 01:10:30.288 INFO [main] org.apache.catalina.startup.VersionLoggerListener.log Command line argument: -Djava.protocol.handler.pkgs=org.apache.catalina.webresources
14-Apr-2026 01:10:30.288 INFO [main] org.apache.catalina.startup.VersionLoggerListener.log Command line argument: -Dsun.io.useCanonCaches=false
14-Apr-2026 01:10:30.288 INFO [main] org.apache.catalina.startup.VersionLoggerListener.log Command line argument: -Dorg.apache.catalina.security.SecurityListener.UMASK=0027
14-Apr-2026 01:10:30.288 INFO [main] org.apache.catalina.startup.VersionLoggerListener.log Command line argument: -Dignore.endorsed.dirs=
14-Apr-2026 01:10:30.288 INFO [main] org.apache.catalina.startup.VersionLoggerListener.log Command line argument: -Dcatalina.base=/Users/erictran/Downloads/CS157A/CS157A-S1-14/apache-tomcat-9.0.115
14-Apr-2026 01:10:30.288 INFO [main] org.apache.catalina.startup.VersionLoggerListener.log Command line argument: -Dcatalina.home=/Users/erictran/Downloads/CS157A/CS157A-S1-14/apache-tomcat-9.0.115
14-Apr-2026 01:10:30.288 INFO [main] org.apache.catalina.startup.VersionLoggerListener.log Command line argument: -Djava.io.tmpdir=/Users/erictran/Downloads/CS157A/CS157A-S1-14/apache-tomcat-9.0.115/temp
WARNING: A restricted method in java.lang.System has been called
WARNING: java.lang.System::load has been called by org.apache.tomcat.jni.Library in an unnamed module (file:/Users/erictran/Downloads/CS157A/CS157A-S1-14/apache-tomcat-9.0.115/lib/tomcat-jni.jar)
WARNING: Use --enable-native-access=ALL-UNNAMED to avoid a warning for callers in this module
WARNING: Restricted methods will be blocked in a future release unless native access is enabled

14-Apr-2026 01:10:30.294 INFO [main] org.apache.catalina.core.AprLifecycleListener.lifecycleEvent The Apache Tomcat Native library which allows using OpenSSL was not found on the java.library.path: [/Users/erictran/Library/Java/Extensions:/Library/Java/Extensions:/Network/Library/Java/Extensions:/System/Library/Java/Extensions:/usr/lib/java:.]
14-Apr-2026 01:10:30.419 INFO [main] org.apache.coyote.AbstractProtocol.init Initializing ProtocolHandler ["http-nio-8080"]
14-Apr-2026 01:10:30.427 SEVERE [main] org.apache.catalina.util.LifecycleBase.handleSubClassException Failed to initialize component [Connector["http-nio-8080"]]
	org.apache.catalina.LifecycleException: Protocol handler initialization failed
		at org.apache.catalina.connector.Connector.initInternal(Connector.java:1084)
		at org.apache.catalina.util.LifecycleBase.init(LifecycleBase.java:122)
		at org.apache.catalina.core.StandardService.initInternal(StandardService.java:520)
		at org.apache.catalina.util.LifecycleBase.init(LifecycleBase.java:122)
		at org.apache.catalina.core.StandardServer.initInternal(StandardServer.java:984)
		at org.apache.catalina.util.LifecycleBase.init(LifecycleBase.java:122)
		at org.apache.catalina.startup.Catalina.load(Catalina.java:687)
		at org.apache.catalina.startup.Catalina.load(Catalina.java:710)
		at java.base/jdk.internal.reflect.DirectMethodHandleAccessor.invoke(DirectMethodHandleAccessor.java:104)
		at java.base/java.lang.reflect.Method.invoke(Method.java:565)
		at org.apache.catalina.startup.Bootstrap.load(Bootstrap.java:299)
		at org.apache.catalina.startup.Bootstrap.main(Bootstrap.java:472)
	Caused by: java.net.BindException: Address already in use
		at java.base/sun.nio.ch.Net.bind0(Native Method)
		at java.base/sun.nio.ch.Net.bind(Net.java:522)
		at java.base/sun.nio.ch.ServerSocketChannelImpl.netBind(ServerSocketChannelImpl.java:335)
		at java.base/sun.nio.ch.ServerSocketChannelImpl.bind(ServerSocketChannelImpl.java:297)
		at org.apache.tomcat.util.net.NioEndpoint.initServerSocket(NioEndpoint.java:296)
		at org.apache.tomcat.util.net.NioEndpoint.bind(NioEndpoint.java:251)
		at org.apache.tomcat.util.net.AbstractEndpoint.bindWithCleanup(AbstractEndpoint.java:1497)
		at org.apache.tomcat.util.net.AbstractEndpoint.init(AbstractEndpoint.java:1510)
		at org.apache.coyote.AbstractProtocol.init(AbstractProtocol.java:667)
		at org.apache.coyote.http11.AbstractHttp11Protocol.init(AbstractHttp11Protocol.java:80)
		at org.apache.catalina.connector.Connector.initInternal(Connector.java:1082)
		... 11 more
14-Apr-2026 01:10:30.427 INFO [main] org.apache.catalina.startup.Catalina.load Server initialization in [212] milliseconds
14-Apr-2026 01:10:30.442 INFO [main] org.apache.catalina.core.StandardService.startInternal Starting service [Catalina]
14-Apr-2026 01:10:30.442 INFO [main] org.apache.catalina.core.StandardEngine.startInternal Starting Servlet engine: [Apache Tomcat/9.0.115]
14-Apr-2026 01:10:30.445 INFO [main] org.apache.catalina.startup.HostConfig.deployDirectory Deploying web application directory [/Users/erictran/Downloads/CS157A/CS157A-S1-14/apache-tomcat-9.0.115/webapps/docs]
14-Apr-2026 01:10:30.652 INFO [main] org.apache.jasper.servlet.TldScanner.scanJars At least one JAR was scanned for TLDs yet contained no TLDs. Enable debug logging for this logger for a complete list of JARs that were scanned but no TLDs were found in them. Skipping unneeded JARs during scanning can improve startup time and JSP compilation time.
14-Apr-2026 01:10:30.665 INFO [main] org.apache.catalina.startup.HostConfig.deployDirectory Deployment of web application directory [/Users/erictran/Downloads/CS157A/CS157A-S1-14/apache-tomcat-9.0.115/webapps/docs] has finished in [219] ms
14-Apr-2026 01:10:30.665 INFO [main] org.apache.catalina.startup.HostConfig.deployDirectory Deploying web application directory [/Users/erictran/Downloads/CS157A/CS157A-S1-14/apache-tomcat-9.0.115/webapps/TaskME]
14-Apr-2026 01:10:30.766 INFO [main] org.apache.jasper.servlet.TldScanner.scanJars At least one JAR was scanned for TLDs yet contained no TLDs. Enable debug logging for this logger for a complete list of JARs that were scanned but no TLDs were found in them. Skipping unneeded JARs during scanning can improve startup time and JSP compilation time.
14-Apr-2026 01:10:30.769 INFO [main] org.apache.catalina.startup.HostConfig.deployDirectory Deployment of web application directory [/Users/erictran/Downloads/CS157A/CS157A-S1-14/apache-tomcat-9.0.115/webapps/TaskME] has finished in [103] ms
14-Apr-2026 01:10:30.769 INFO [main] org.apache.catalina.startup.HostConfig.deployDirectory Deploying web application directory [/Users/erictran/Downloads/CS157A/CS157A-S1-14/apache-tomcat-9.0.115/webapps/manager]
14-Apr-2026 01:10:30.779 WARNING [main] org.apache.tomcat.util.net.Acceptor.stopMillis The acceptor thread [http-nio-8080-Acceptor] did not stop cleanly
14-Apr-2026 01:10:30.782 INFO [main] org.apache.coyote.AbstractProtocol.destroy Destroying ProtocolHandler ["http-nio-8080"]
14-Apr-2026 01:10:30.863 INFO [main] org.apache.jasper.servlet.TldScanner.scanJars At least one JAR was scanned for TLDs yet contained no TLDs. Enable debug logging for this logger for a complete list of JARs that were scanned but no TLDs were found in them. Skipping unneeded JARs during scanning can improve startup time and JSP compilation time.
14-Apr-2026 01:10:30.865 INFO [main] org.apache.catalina.startup.HostConfig.deployDirectory Deployment of web application directory [/Users/erictran/Downloads/CS157A/CS157A-S1-14/apache-tomcat-9.0.115/webapps/manager] has finished in [96] ms
14-Apr-2026 01:10:30.866 INFO [main] org.apache.catalina.startup.HostConfig.deployDirectory Deploying web application directory [/Users/erictran/Downloads/CS157A/CS157A-S1-14/apache-tomcat-9.0.115/webapps/examples]
14-Apr-2026 01:10:31.014 INFO [main] org.apache.jasper.servlet.TldScanner.scanJars At least one JAR was scanned for TLDs yet contained no TLDs. Enable debug logging for this logger for a complete list of JARs that were scanned but no TLDs were found in them. Skipping unneeded JARs during scanning can improve startup time and JSP compilation time.
14-Apr-2026 01:10:31.021 INFO [main] org.apache.catalina.startup.HostConfig.deployDirectory Deployment of web application directory [/Users/erictran/Downloads/CS157A/CS157A-S1-14/apache-tomcat-9.0.115/webapps/examples] has finished in [155] ms
14-Apr-2026 01:10:31.021 INFO [main] org.apache.catalina.startup.HostConfig.deployDirectory Deploying web application directory [/Users/erictran/Downloads/CS157A/CS157A-S1-14/apache-tomcat-9.0.115/webapps/ROOT]
14-Apr-2026 01:10:31.103 INFO [main] org.apache.jasper.servlet.TldScanner.scanJars At least one JAR was scanned for TLDs yet contained no TLDs. Enable debug logging for this logger for a complete list of JARs that were scanned but no TLDs were found in them. Skipping unneeded JARs during scanning can improve startup time and JSP compilation time.
14-Apr-2026 01:10:31.104 INFO [main] org.apache.catalina.startup.HostConfig.deployDirectory Deployment of web application directory [/Users/erictran/Downloads/CS157A/CS157A-S1-14/apache-tomcat-9.0.115/webapps/ROOT] has finished in [83] ms
14-Apr-2026 01:10:31.104 INFO [main] org.apache.catalina.startup.HostConfig.deployDirectory Deploying web application directory [/Users/erictran/Downloads/CS157A/CS157A-S1-14/apache-tomcat-9.0.115/webapps/host-manager]
14-Apr-2026 01:10:31.189 INFO [main] org.apache.jasper.servlet.TldScanner.scanJars At least one JAR was scanned for TLDs yet contained no TLDs. Enable debug logging for this logger for a complete list of JARs that were scanned but no TLDs were found in them. Skipping unneeded JARs during scanning can improve startup time and JSP compilation time.
14-Apr-2026 01:10:31.190 INFO [main] org.apache.catalina.startup.HostConfig.deployDirectory Deployment of web application directory [/Users/erictran/Downloads/CS157A/CS157A-S1-14/apache-tomcat-9.0.115/webapps/host-manager] has finished in [86] ms
14-Apr-2026 01:10:31.191 INFO [main] org.apache.catalina.startup.Catalina.start Server startup in [763] milliseconds
14-Apr-2026 01:15:06.427 INFO [main] org.apache.catalina.core.StandardServer.await A valid shutdown command was received via the shutdown port. Stopping the Server instance.
14-Apr-2026 01:15:06.428 INFO [main] org.apache.coyote.AbstractProtocol.pause Pausing ProtocolHandler ["http-nio-8080"]
14-Apr-2026 01:15:06.428 INFO [main] org.apache.catalina.core.StandardService.stopInternal Stopping service [Catalina]
14-Apr-2026 01:15:06.439 INFO [main] org.apache.coyote.AbstractProtocol.stop Stopping ProtocolHandler ["http-nio-8080"]
14-Apr-2026 01:15:06.440 INFO [main] org.apache.coyote.AbstractProtocol.destroy Destroying ProtocolHandler ["http-nio-8080"]
NOTE: Picked up JDK_JAVA_OPTIONS:  --add-opens=java.base/java.lang=ALL-UNNAMED --add-opens=java.base/java.lang.invoke=ALL-UNNAMED --add-opens=java.base/java.lang.reflect=ALL-UNNAMED --add-opens=java.base/java.io=ALL-UNNAMED --add-opens=java.base/java.util=ALL-UNNAMED --add-opens=java.base/java.util.concurrent=ALL-UNNAMED --add-opens=java.rmi/sun.rmi.transport=ALL-UNNAMED
14-Apr-2026 10:55:29.351 INFO [main] org.apache.catalina.startup.VersionLoggerListener.log Server version name:   Apache Tomcat/9.0.115
14-Apr-2026 10:55:29.352 INFO [main] org.apache.catalina.startup.VersionLoggerListener.log Server built:          Jan 21 2026 08:17:26 UTC
14-Apr-2026 10:55:29.352 INFO [main] org.apache.catalina.startup.VersionLoggerListener.log Server version number: 9.0.115.0
14-Apr-2026 10:55:29.352 INFO [main] org.apache.catalina.startup.VersionLoggerListener.log OS Name:               Mac OS X
14-Apr-2026 10:55:29.352 INFO [main] org.apache.catalina.startup.VersionLoggerListener.log OS Version:            26.4.1
14-Apr-2026 10:55:29.352 INFO [main] org.apache.catalina.startup.VersionLoggerListener.log Architecture:          aarch64
14-Apr-2026 10:55:29.352 INFO [main] org.apache.catalina.startup.VersionLoggerListener.log Java Home:             /Library/Java/JavaVirtualMachines/jdk-25.jdk/Contents/Home
14-Apr-2026 10:55:29.352 INFO [main] org.apache.catalina.startup.VersionLoggerListener.log JVM Version:           25.0.2+10-LTS-69
14-Apr-2026 10:55:29.353 INFO [main] org.apache.catalina.startup.VersionLoggerListener.log JVM Vendor:            Oracle Corporation
14-Apr-2026 10:55:29.353 INFO [main] org.apache.catalina.startup.VersionLoggerListener.log CATALINA_BASE:         /Users/erictran/Downloads/CS157A/CS157A-S1-14/apache-tomcat-9.0.115
14-Apr-2026 10:55:29.353 INFO [main] org.apache.catalina.startup.VersionLoggerListener.log CATALINA_HOME:         /Users/erictran/Downloads/CS157A/CS157A-S1-14/apache-tomcat-9.0.115
14-Apr-2026 10:55:29.357 INFO [main] org.apache.catalina.startup.VersionLoggerListener.log Command line argument: --add-opens=java.base/java.lang=ALL-UNNAMED
14-Apr-2026 10:55:29.357 INFO [main] org.apache.catalina.startup.VersionLoggerListener.log Command line argument: --add-opens=java.base/java.lang.invoke=ALL-UNNAMED
14-Apr-2026 10:55:29.357 INFO [main] org.apache.catalina.startup.VersionLoggerListener.log Command line argument: --add-opens=java.base/java.lang.reflect=ALL-UNNAMED
14-Apr-2026 10:55:29.357 INFO [main] org.apache.catalina.startup.VersionLoggerListener.log Command line argument: --add-opens=java.base/java.io=ALL-UNNAMED
14-Apr-2026 10:55:29.357 INFO [main] org.apache.catalina.startup.VersionLoggerListener.log Command line argument: --add-opens=java.base/java.util=ALL-UNNAMED
14-Apr-2026 10:55:29.357 INFO [main] org.apache.catalina.startup.VersionLoggerListener.log Command line argument: --add-opens=java.base/java.util.concurrent=ALL-UNNAMED
14-Apr-2026 10:55:29.357 INFO [main] org.apache.catalina.startup.VersionLoggerListener.log Command line argument: --add-opens=java.rmi/sun.rmi.transport=ALL-UNNAMED
14-Apr-2026 10:55:29.357 INFO [main] org.apache.catalina.startup.VersionLoggerListener.log Command line argument: -Djava.util.logging.config.file=/Users/erictran/Downloads/CS157A/CS157A-S1-14/apache-tomcat-9.0.115/conf/logging.properties
14-Apr-2026 10:55:29.357 INFO [main] org.apache.catalina.startup.VersionLoggerListener.log Command line argument: -Djava.util.logging.manager=org.apache.juli.ClassLoaderLogManager
14-Apr-2026 10:55:29.357 INFO [main] org.apache.catalina.startup.VersionLoggerListener.log Command line argument: -Djdk.tls.ephemeralDHKeySize=2048
14-Apr-2026 10:55:29.357 INFO [main] org.apache.catalina.startup.VersionLoggerListener.log Command line argument: -Djava.protocol.handler.pkgs=org.apache.catalina.webresources
14-Apr-2026 10:55:29.358 INFO [main] org.apache.catalina.startup.VersionLoggerListener.log Command line argument: -Dsun.io.useCanonCaches=false
14-Apr-2026 10:55:29.358 INFO [main] org.apache.catalina.startup.VersionLoggerListener.log Command line argument: -Dorg.apache.catalina.security.SecurityListener.UMASK=0027
14-Apr-2026 10:55:29.358 INFO [main] org.apache.catalina.startup.VersionLoggerListener.log Command line argument: -Dignore.endorsed.dirs=
14-Apr-2026 10:55:29.358 INFO [main] org.apache.catalina.startup.VersionLoggerListener.log Command line argument: -Dcatalina.base=/Users/erictran/Downloads/CS157A/CS157A-S1-14/apache-tomcat-9.0.115
14-Apr-2026 10:55:29.358 INFO [main] org.apache.catalina.startup.VersionLoggerListener.log Command line argument: -Dcatalina.home=/Users/erictran/Downloads/CS157A/CS157A-S1-14/apache-tomcat-9.0.115
14-Apr-2026 10:55:29.358 INFO [main] org.apache.catalina.startup.VersionLoggerListener.log Command line argument: -Djava.io.tmpdir=/Users/erictran/Downloads/CS157A/CS157A-S1-14/apache-tomcat-9.0.115/temp
WARNING: A restricted method in java.lang.System has been called
WARNING: java.lang.System::load has been called by org.apache.tomcat.jni.Library in an unnamed module (file:/Users/erictran/Downloads/CS157A/CS157A-S1-14/apache-tomcat-9.0.115/lib/tomcat-jni.jar)
WARNING: Use --enable-native-access=ALL-UNNAMED to avoid a warning for callers in this module
WARNING: Restricted methods will be blocked in a future release unless native access is enabled

14-Apr-2026 10:55:29.363 INFO [main] org.apache.catalina.core.AprLifecycleListener.lifecycleEvent The Apache Tomcat Native library which allows using OpenSSL was not found on the java.library.path: [/Users/erictran/Library/Java/Extensions:/Library/Java/Extensions:/Network/Library/Java/Extensions:/System/Library/Java/Extensions:/usr/lib/java:.]
14-Apr-2026 10:55:29.498 INFO [main] org.apache.coyote.AbstractProtocol.init Initializing ProtocolHandler ["http-nio-8080"]
14-Apr-2026 10:55:29.509 INFO [main] org.apache.catalina.startup.Catalina.load Server initialization in [242] milliseconds
14-Apr-2026 10:55:29.525 INFO [main] org.apache.catalina.core.StandardService.startInternal Starting service [Catalina]
14-Apr-2026 10:55:29.525 INFO [main] org.apache.catalina.core.StandardEngine.startInternal Starting Servlet engine: [Apache Tomcat/9.0.115]
14-Apr-2026 10:55:29.528 INFO [main] org.apache.catalina.startup.HostConfig.deployDirectory Deploying web application directory [/Users/erictran/Downloads/CS157A/CS157A-S1-14/apache-tomcat-9.0.115/webapps/docs]
14-Apr-2026 10:55:29.730 INFO [main] org.apache.jasper.servlet.TldScanner.scanJars At least one JAR was scanned for TLDs yet contained no TLDs. Enable debug logging for this logger for a complete list of JARs that were scanned but no TLDs were found in them. Skipping unneeded JARs during scanning can improve startup time and JSP compilation time.
14-Apr-2026 10:55:29.745 INFO [main] org.apache.catalina.startup.HostConfig.deployDirectory Deployment of web application directory [/Users/erictran/Downloads/CS157A/CS157A-S1-14/apache-tomcat-9.0.115/webapps/docs] has finished in [216] ms
14-Apr-2026 10:55:29.745 INFO [main] org.apache.catalina.startup.HostConfig.deployDirectory Deploying web application directory [/Users/erictran/Downloads/CS157A/CS157A-S1-14/apache-tomcat-9.0.115/webapps/TaskME]
14-Apr-2026 10:55:29.828 INFO [main] org.apache.jasper.servlet.TldScanner.scanJars At least one JAR was scanned for TLDs yet contained no TLDs. Enable debug logging for this logger for a complete list of JARs that were scanned but no TLDs were found in them. Skipping unneeded JARs during scanning can improve startup time and JSP compilation time.
14-Apr-2026 10:55:29.832 INFO [main] org.apache.catalina.startup.HostConfig.deployDirectory Deployment of web application directory [/Users/erictran/Downloads/CS157A/CS157A-S1-14/apache-tomcat-9.0.115/webapps/TaskME] has finished in [87] ms
14-Apr-2026 10:55:29.832 INFO [main] org.apache.catalina.startup.HostConfig.deployDirectory Deploying web application directory [/Users/erictran/Downloads/CS157A/CS157A-S1-14/apache-tomcat-9.0.115/webapps/manager]
14-Apr-2026 10:55:29.909 INFO [main] org.apache.jasper.servlet.TldScanner.scanJars At least one JAR was scanned for TLDs yet contained no TLDs. Enable debug logging for this logger for a complete list of JARs that were scanned but no TLDs were found in them. Skipping unneeded JARs during scanning can improve startup time and JSP compilation time.
14-Apr-2026 10:55:29.912 INFO [main] org.apache.catalina.startup.HostConfig.deployDirectory Deployment of web application directory [/Users/erictran/Downloads/CS157A/CS157A-S1-14/apache-tomcat-9.0.115/webapps/manager] has finished in [80] ms
14-Apr-2026 10:55:29.912 INFO [main] org.apache.catalina.startup.HostConfig.deployDirectory Deploying web application directory [/Users/erictran/Downloads/CS157A/CS157A-S1-14/apache-tomcat-9.0.115/webapps/examples]
14-Apr-2026 10:55:30.042 INFO [main] org.apache.jasper.servlet.TldScanner.scanJars At least one JAR was scanned for TLDs yet contained no TLDs. Enable debug logging for this logger for a complete list of JARs that were scanned but no TLDs were found in them. Skipping unneeded JARs during scanning can improve startup time and JSP compilation time.
14-Apr-2026 10:55:30.049 INFO [main] org.apache.catalina.startup.HostConfig.deployDirectory Deployment of web application directory [/Users/erictran/Downloads/CS157A/CS157A-S1-14/apache-tomcat-9.0.115/webapps/examples] has finished in [137] ms
14-Apr-2026 10:55:30.050 INFO [main] org.apache.catalina.startup.HostConfig.deployDirectory Deploying web application directory [/Users/erictran/Downloads/CS157A/CS157A-S1-14/apache-tomcat-9.0.115/webapps/ROOT]
14-Apr-2026 10:55:30.116 INFO [main] org.apache.jasper.servlet.TldScanner.scanJars At least one JAR was scanned for TLDs yet contained no TLDs. Enable debug logging for this logger for a complete list of JARs that were scanned but no TLDs were found in them. Skipping unneeded JARs during scanning can improve startup time and JSP compilation time.
14-Apr-2026 10:55:30.117 INFO [main] org.apache.catalina.startup.HostConfig.deployDirectory Deployment of web application directory [/Users/erictran/Downloads/CS157A/CS157A-S1-14/apache-tomcat-9.0.115/webapps/ROOT] has finished in [67] ms
14-Apr-2026 10:55:30.117 INFO [main] org.apache.catalina.startup.HostConfig.deployDirectory Deploying web application directory [/Users/erictran/Downloads/CS157A/CS157A-S1-14/apache-tomcat-9.0.115/webapps/host-manager]
14-Apr-2026 10:55:30.186 INFO [main] org.apache.jasper.servlet.TldScanner.scanJars At least one JAR was scanned for TLDs yet contained no TLDs. Enable debug logging for this logger for a complete list of JARs that were scanned but no TLDs were found in them. Skipping unneeded JARs during scanning can improve startup time and JSP compilation time.
14-Apr-2026 10:55:30.187 INFO [main] org.apache.catalina.startup.HostConfig.deployDirectory Deployment of web application directory [/Users/erictran/Downloads/CS157A/CS157A-S1-14/apache-tomcat-9.0.115/webapps/host-manager] has finished in [70] ms
14-Apr-2026 10:55:30.188 INFO [main] org.apache.coyote.AbstractProtocol.start Starting ProtocolHandler ["http-nio-8080"]
14-Apr-2026 10:55:30.192 INFO [main] org.apache.catalina.startup.Catalina.start Server startup in [682] milliseconds
14-Apr-2026 11:05:10.600 INFO [Catalina-utility-1] org.apache.catalina.startup.HostConfig.reload Reloading context [/TaskME]
14-Apr-2026 11:05:10.601 INFO [Catalina-utility-1] org.apache.catalina.core.StandardContext.reload Reloading Context with name [/TaskME] has started
14-Apr-2026 11:05:10.726 INFO [Catalina-utility-1] org.apache.jasper.servlet.TldScanner.scanJars At least one JAR was scanned for TLDs yet contained no TLDs. Enable debug logging for this logger for a complete list of JARs that were scanned but no TLDs were found in them. Skipping unneeded JARs during scanning can improve startup time and JSP compilation time.
14-Apr-2026 11:05:10.728 INFO [Catalina-utility-1] org.apache.catalina.core.StandardContext.reload Reloading Context with name [/TaskME] is completed
14-Apr-2026 11:05:44.981 INFO [main] org.apache.catalina.core.StandardServer.await A valid shutdown command was received via the shutdown port. Stopping the Server instance.
14-Apr-2026 11:05:44.981 INFO [main] org.apache.coyote.AbstractProtocol.pause Pausing ProtocolHandler ["http-nio-8080"]
14-Apr-2026 11:05:45.984 INFO [main] org.apache.catalina.core.StandardService.stopInternal Stopping service [Catalina]
14-Apr-2026 11:05:46.009 INFO [main] org.apache.coyote.AbstractProtocol.stop Stopping ProtocolHandler ["http-nio-8080"]
NOTE: Picked up JDK_JAVA_OPTIONS:  --add-opens=java.base/java.lang=ALL-UNNAMED --add-opens=java.base/java.lang.invoke=ALL-UNNAMED --add-opens=java.base/java.lang.reflect=ALL-UNNAMED --add-opens=java.base/java.io=ALL-UNNAMED --add-opens=java.base/java.util=ALL-UNNAMED --add-opens=java.base/java.util.concurrent=ALL-UNNAMED --add-opens=java.rmi/sun.rmi.transport=ALL-UNNAMED
14-Apr-2026 11:05:46.427 INFO [main] org.apache.catalina.startup.VersionLoggerListener.log Server version name:   Apache Tomcat/9.0.115
14-Apr-2026 11:05:46.428 INFO [main] org.apache.catalina.startup.VersionLoggerListener.log Server built:          Jan 21 2026 08:17:26 UTC
14-Apr-2026 11:05:46.428 INFO [main] org.apache.catalina.startup.VersionLoggerListener.log Server version number: 9.0.115.0
14-Apr-2026 11:05:46.429 INFO [main] org.apache.catalina.startup.VersionLoggerListener.log OS Name:               Mac OS X
14-Apr-2026 11:05:46.429 INFO [main] org.apache.catalina.startup.VersionLoggerListener.log OS Version:            26.4.1
14-Apr-2026 11:05:46.429 INFO [main] org.apache.catalina.startup.VersionLoggerListener.log Architecture:          aarch64
14-Apr-2026 11:05:46.429 INFO [main] org.apache.catalina.startup.VersionLoggerListener.log Java Home:             /Library/Java/JavaVirtualMachines/jdk-25.jdk/Contents/Home
14-Apr-2026 11:05:46.429 INFO [main] org.apache.catalina.startup.VersionLoggerListener.log JVM Version:           25.0.2+10-LTS-69
14-Apr-2026 11:05:46.429 INFO [main] org.apache.catalina.startup.VersionLoggerListener.log JVM Vendor:            Oracle Corporation
14-Apr-2026 11:05:46.429 INFO [main] org.apache.catalina.startup.VersionLoggerListener.log CATALINA_BASE:         /Users/erictran/Downloads/CS157A/CS157A-S1-14/apache-tomcat-9.0.115
14-Apr-2026 11:05:46.429 INFO [main] org.apache.catalina.startup.VersionLoggerListener.log CATALINA_HOME:         /Users/erictran/Downloads/CS157A/CS157A-S1-14/apache-tomcat-9.0.115
14-Apr-2026 11:05:46.433 INFO [main] org.apache.catalina.startup.VersionLoggerListener.log Command line argument: --add-opens=java.base/java.lang=ALL-UNNAMED
14-Apr-2026 11:05:46.433 INFO [main] org.apache.catalina.startup.VersionLoggerListener.log Command line argument: --add-opens=java.base/java.lang.invoke=ALL-UNNAMED
14-Apr-2026 11:05:46.433 INFO [main] org.apache.catalina.startup.VersionLoggerListener.log Command line argument: --add-opens=java.base/java.lang.reflect=ALL-UNNAMED
14-Apr-2026 11:05:46.433 INFO [main] org.apache.catalina.startup.VersionLoggerListener.log Command line argument: --add-opens=java.base/java.io=ALL-UNNAMED
14-Apr-2026 11:05:46.433 INFO [main] org.apache.catalina.startup.VersionLoggerListener.log Command line argument: --add-opens=java.base/java.util=ALL-UNNAMED
14-Apr-2026 11:05:46.433 INFO [main] org.apache.catalina.startup.VersionLoggerListener.log Command line argument: --add-opens=java.base/java.util.concurrent=ALL-UNNAMED
14-Apr-2026 11:05:46.433 INFO [main] org.apache.catalina.startup.VersionLoggerListener.log Command line argument: --add-opens=java.rmi/sun.rmi.transport=ALL-UNNAMED
14-Apr-2026 11:05:46.433 INFO [main] org.apache.catalina.startup.VersionLoggerListener.log Command line argument: -Djava.util.logging.config.file=/Users/erictran/Downloads/CS157A/CS157A-S1-14/apache-tomcat-9.0.115/conf/logging.properties
14-Apr-2026 11:05:46.433 INFO [main] org.apache.catalina.startup.VersionLoggerListener.log Command line argument: -Djava.util.logging.manager=org.apache.juli.ClassLoaderLogManager
14-Apr-2026 11:05:46.433 INFO [main] org.apache.catalina.startup.VersionLoggerListener.log Command line argument: -Djdk.tls.ephemeralDHKeySize=2048
14-Apr-2026 11:05:46.433 INFO [main] org.apache.catalina.startup.VersionLoggerListener.log Command line argument: -Djava.protocol.handler.pkgs=org.apache.catalina.webresources
14-Apr-2026 11:05:46.433 INFO [main] org.apache.catalina.startup.VersionLoggerListener.log Command line argument: -Dsun.io.useCanonCaches=false
14-Apr-2026 11:05:46.433 INFO [main] org.apache.catalina.startup.VersionLoggerListener.log Command line argument: -Dorg.apache.catalina.security.SecurityListener.UMASK=0027
14-Apr-2026 11:05:46.433 INFO [main] org.apache.catalina.startup.VersionLoggerListener.log Command line argument: -Dignore.endorsed.dirs=
14-Apr-2026 11:05:46.433 INFO [main] org.apache.catalina.startup.VersionLoggerListener.log Command line argument: -Dcatalina.base=/Users/erictran/Downloads/CS157A/CS157A-S1-14/apache-tomcat-9.0.115
14-Apr-2026 11:05:46.433 INFO [main] org.apache.catalina.startup.VersionLoggerListener.log Command line argument: -Dcatalina.home=/Users/erictran/Downloads/CS157A/CS157A-S1-14/apache-tomcat-9.0.115
14-Apr-2026 11:05:46.433 INFO [main] org.apache.catalina.startup.VersionLoggerListener.log Command line argument: -Djava.io.tmpdir=/Users/erictran/Downloads/CS157A/CS157A-S1-14/apache-tomcat-9.0.115/temp
WARNING: A restricted method in java.lang.System has been called
WARNING: java.lang.System::load has been called by org.apache.tomcat.jni.Library in an unnamed module (file:/Users/erictran/Downloads/CS157A/CS157A-S1-14/apache-tomcat-9.0.115/lib/tomcat-jni.jar)
WARNING: Use --enable-native-access=ALL-UNNAMED to avoid a warning for callers in this module
WARNING: Restricted methods will be blocked in a future release unless native access is enabled

14-Apr-2026 11:05:46.439 INFO [main] org.apache.catalina.core.AprLifecycleListener.lifecycleEvent The Apache Tomcat Native library which allows using OpenSSL was not found on the java.library.path: [/Users/erictran/Library/Java/Extensions:/Library/Java/Extensions:/Network/Library/Java/Extensions:/System/Library/Java/Extensions:/usr/lib/java:.]
14-Apr-2026 11:05:46.565 INFO [main] org.apache.coyote.AbstractProtocol.init Initializing ProtocolHandler ["http-nio-8080"]
14-Apr-2026 11:05:46.572 SEVERE [main] org.apache.catalina.util.LifecycleBase.handleSubClassException Failed to initialize component [Connector["http-nio-8080"]]
	org.apache.catalina.LifecycleException: Protocol handler initialization failed
		at org.apache.catalina.connector.Connector.initInternal(Connector.java:1084)
		at org.apache.catalina.util.LifecycleBase.init(LifecycleBase.java:122)
		at org.apache.catalina.core.StandardService.initInternal(StandardService.java:520)
		at org.apache.catalina.util.LifecycleBase.init(LifecycleBase.java:122)
		at org.apache.catalina.core.StandardServer.initInternal(StandardServer.java:984)
		at org.apache.catalina.util.LifecycleBase.init(LifecycleBase.java:122)
		at org.apache.catalina.startup.Catalina.load(Catalina.java:687)
		at org.apache.catalina.startup.Catalina.load(Catalina.java:710)
		at java.base/jdk.internal.reflect.DirectMethodHandleAccessor.invoke(DirectMethodHandleAccessor.java:104)
		at java.base/java.lang.reflect.Method.invoke(Method.java:565)
		at org.apache.catalina.startup.Bootstrap.load(Bootstrap.java:299)
		at org.apache.catalina.startup.Bootstrap.main(Bootstrap.java:472)
	Caused by: java.net.BindException: Address already in use
		at java.base/sun.nio.ch.Net.bind0(Native Method)
		at java.base/sun.nio.ch.Net.bind(Net.java:522)
		at java.base/sun.nio.ch.ServerSocketChannelImpl.netBind(ServerSocketChannelImpl.java:335)
		at java.base/sun.nio.ch.ServerSocketChannelImpl.bind(ServerSocketChannelImpl.java:297)
		at org.apache.tomcat.util.net.NioEndpoint.initServerSocket(NioEndpoint.java:296)
		at org.apache.tomcat.util.net.NioEndpoint.bind(NioEndpoint.java:251)
		at org.apache.tomcat.util.net.AbstractEndpoint.bindWithCleanup(AbstractEndpoint.java:1497)
		at org.apache.tomcat.util.net.AbstractEndpoint.init(AbstractEndpoint.java:1510)
		at org.apache.coyote.AbstractProtocol.init(AbstractProtocol.java:667)
		at org.apache.coyote.http11.AbstractHttp11Protocol.init(AbstractHttp11Protocol.java:80)
		at org.apache.catalina.connector.Connector.initInternal(Connector.java:1082)
		... 11 more
14-Apr-2026 11:05:46.572 INFO [main] org.apache.catalina.startup.Catalina.load Server initialization in [215] milliseconds
14-Apr-2026 11:05:46.586 INFO [main] org.apache.catalina.core.StandardService.startInternal Starting service [Catalina]
14-Apr-2026 11:05:46.586 INFO [main] org.apache.catalina.core.StandardEngine.startInternal Starting Servlet engine: [Apache Tomcat/9.0.115]
14-Apr-2026 11:05:46.588 INFO [main] org.apache.catalina.startup.HostConfig.deployDirectory Deploying web application directory [/Users/erictran/Downloads/CS157A/CS157A-S1-14/apache-tomcat-9.0.115/webapps/docs]
14-Apr-2026 11:05:46.612 WARNING [main] org.apache.tomcat.util.net.Acceptor.stopMillis The acceptor thread [http-nio-8080-Acceptor] did not stop cleanly
14-Apr-2026 11:05:46.615 INFO [main] org.apache.coyote.AbstractProtocol.destroy Destroying ProtocolHandler ["http-nio-8080"]
14-Apr-2026 11:05:46.782 INFO [main] org.apache.jasper.servlet.TldScanner.scanJars At least one JAR was scanned for TLDs yet contained no TLDs. Enable debug logging for this logger for a complete list of JARs that were scanned but no TLDs were found in them. Skipping unneeded JARs during scanning can improve startup time and JSP compilation time.
14-Apr-2026 11:05:46.795 INFO [main] org.apache.catalina.startup.HostConfig.deployDirectory Deployment of web application directory [/Users/erictran/Downloads/CS157A/CS157A-S1-14/apache-tomcat-9.0.115/webapps/docs] has finished in [206] ms
14-Apr-2026 11:05:46.795 INFO [main] org.apache.catalina.startup.HostConfig.deployDirectory Deploying web application directory [/Users/erictran/Downloads/CS157A/CS157A-S1-14/apache-tomcat-9.0.115/webapps/TaskME]
14-Apr-2026 11:05:46.881 INFO [main] org.apache.jasper.servlet.TldScanner.scanJars At least one JAR was scanned for TLDs yet contained no TLDs. Enable debug logging for this logger for a complete list of JARs that were scanned but no TLDs were found in them. Skipping unneeded JARs during scanning can improve startup time and JSP compilation time.
14-Apr-2026 11:05:46.888 INFO [main] org.apache.catalina.startup.HostConfig.deployDirectory Deployment of web application directory [/Users/erictran/Downloads/CS157A/CS157A-S1-14/apache-tomcat-9.0.115/webapps/TaskME] has finished in [93] ms
14-Apr-2026 11:05:46.888 INFO [main] org.apache.catalina.startup.HostConfig.deployDirectory Deploying web application directory [/Users/erictran/Downloads/CS157A/CS157A-S1-14/apache-tomcat-9.0.115/webapps/manager]
14-Apr-2026 11:05:46.965 INFO [main] org.apache.jasper.servlet.TldScanner.scanJars At least one JAR was scanned for TLDs yet contained no TLDs. Enable debug logging for this logger for a complete list of JARs that were scanned but no TLDs were found in them. Skipping unneeded JARs during scanning can improve startup time and JSP compilation time.
14-Apr-2026 11:05:46.967 INFO [main] org.apache.catalina.startup.HostConfig.deployDirectory Deployment of web application directory [/Users/erictran/Downloads/CS157A/CS157A-S1-14/apache-tomcat-9.0.115/webapps/manager] has finished in [79] ms
14-Apr-2026 11:05:46.967 INFO [main] org.apache.catalina.startup.HostConfig.deployDirectory Deploying web application directory [/Users/erictran/Downloads/CS157A/CS157A-S1-14/apache-tomcat-9.0.115/webapps/examples]
14-Apr-2026 11:05:47.094 INFO [main] org.apache.jasper.servlet.TldScanner.scanJars At least one JAR was scanned for TLDs yet contained no TLDs. Enable debug logging for this logger for a complete list of JARs that were scanned but no TLDs were found in them. Skipping unneeded JARs during scanning can improve startup time and JSP compilation time.
14-Apr-2026 11:05:47.100 INFO [main] org.apache.catalina.startup.HostConfig.deployDirectory Deployment of web application directory [/Users/erictran/Downloads/CS157A/CS157A-S1-14/apache-tomcat-9.0.115/webapps/examples] has finished in [133] ms
14-Apr-2026 11:05:47.100 INFO [main] org.apache.catalina.startup.HostConfig.deployDirectory Deploying web application directory [/Users/erictran/Downloads/CS157A/CS157A-S1-14/apache-tomcat-9.0.115/webapps/ROOT]
14-Apr-2026 11:05:47.166 INFO [main] org.apache.jasper.servlet.TldScanner.scanJars At least one JAR was scanned for TLDs yet contained no TLDs. Enable debug logging for this logger for a complete list of JARs that were scanned but no TLDs were found in them. Skipping unneeded JARs during scanning can improve startup time and JSP compilation time.
14-Apr-2026 11:05:47.167 INFO [main] org.apache.catalina.startup.HostConfig.deployDirectory Deployment of web application directory [/Users/erictran/Downloads/CS157A/CS157A-S1-14/apache-tomcat-9.0.115/webapps/ROOT] has finished in [67] ms
14-Apr-2026 11:05:47.167 INFO [main] org.apache.catalina.startup.HostConfig.deployDirectory Deploying web application directory [/Users/erictran/Downloads/CS157A/CS157A-S1-14/apache-tomcat-9.0.115/webapps/host-manager]
14-Apr-2026 11:05:47.234 INFO [main] org.apache.jasper.servlet.TldScanner.scanJars At least one JAR was scanned for TLDs yet contained no TLDs. Enable debug logging for this logger for a complete list of JARs that were scanned but no TLDs were found in them. Skipping unneeded JARs during scanning can improve startup time and JSP compilation time.
14-Apr-2026 11:05:47.235 INFO [main] org.apache.catalina.startup.HostConfig.deployDirectory Deployment of web application directory [/Users/erictran/Downloads/CS157A/CS157A-S1-14/apache-tomcat-9.0.115/webapps/host-manager] has finished in [68] ms
14-Apr-2026 11:05:47.236 INFO [main] org.apache.catalina.startup.Catalina.start Server startup in [663] milliseconds
14-Apr-2026 11:06:29.452 INFO [main] org.apache.catalina.core.StandardServer.await A valid shutdown command was received via the shutdown port. Stopping the Server instance.
14-Apr-2026 11:06:29.453 INFO [main] org.apache.coyote.AbstractProtocol.pause Pausing ProtocolHandler ["http-nio-8080"]
14-Apr-2026 11:06:29.453 INFO [main] org.apache.catalina.core.StandardService.stopInternal Stopping service [Catalina]
14-Apr-2026 11:06:29.464 INFO [main] org.apache.coyote.AbstractProtocol.stop Stopping ProtocolHandler ["http-nio-8080"]
14-Apr-2026 11:06:29.465 INFO [main] org.apache.coyote.AbstractProtocol.destroy Destroying ProtocolHandler ["http-nio-8080"]
NOTE: Picked up JDK_JAVA_OPTIONS:  --add-opens=java.base/java.lang=ALL-UNNAMED --add-opens=java.base/java.lang.invoke=ALL-UNNAMED --add-opens=java.base/java.lang.reflect=ALL-UNNAMED --add-opens=java.base/java.io=ALL-UNNAMED --add-opens=java.base/java.util=ALL-UNNAMED --add-opens=java.base/java.util.concurrent=ALL-UNNAMED --add-opens=java.rmi/sun.rmi.transport=ALL-UNNAMED
14-Apr-2026 11:06:31.726 INFO [main] org.apache.catalina.startup.VersionLoggerListener.log Server version name:   Apache Tomcat/9.0.115
14-Apr-2026 11:06:31.727 INFO [main] org.apache.catalina.startup.VersionLoggerListener.log Server built:          Jan 21 2026 08:17:26 UTC
14-Apr-2026 11:06:31.727 INFO [main] org.apache.catalina.startup.VersionLoggerListener.log Server version number: 9.0.115.0
14-Apr-2026 11:06:31.727 INFO [main] org.apache.catalina.startup.VersionLoggerListener.log OS Name:               Mac OS X
14-Apr-2026 11:06:31.728 INFO [main] org.apache.catalina.startup.VersionLoggerListener.log OS Version:            26.4.1
14-Apr-2026 11:06:31.728 INFO [main] org.apache.catalina.startup.VersionLoggerListener.log Architecture:          aarch64
14-Apr-2026 11:06:31.728 INFO [main] org.apache.catalina.startup.VersionLoggerListener.log Java Home:             /Library/Java/JavaVirtualMachines/jdk-25.jdk/Contents/Home
14-Apr-2026 11:06:31.728 INFO [main] org.apache.catalina.startup.VersionLoggerListener.log JVM Version:           25.0.2+10-LTS-69
14-Apr-2026 11:06:31.728 INFO [main] org.apache.catalina.startup.VersionLoggerListener.log JVM Vendor:            Oracle Corporation
14-Apr-2026 11:06:31.728 INFO [main] org.apache.catalina.startup.VersionLoggerListener.log CATALINA_BASE:         /Users/erictran/Downloads/CS157A/CS157A-S1-14/apache-tomcat-9.0.115
14-Apr-2026 11:06:31.728 INFO [main] org.apache.catalina.startup.VersionLoggerListener.log CATALINA_HOME:         /Users/erictran/Downloads/CS157A/CS157A-S1-14/apache-tomcat-9.0.115
14-Apr-2026 11:06:31.732 INFO [main] org.apache.catalina.startup.VersionLoggerListener.log Command line argument: --add-opens=java.base/java.lang=ALL-UNNAMED
14-Apr-2026 11:06:31.732 INFO [main] org.apache.catalina.startup.VersionLoggerListener.log Command line argument: --add-opens=java.base/java.lang.invoke=ALL-UNNAMED
14-Apr-2026 11:06:31.732 INFO [main] org.apache.catalina.startup.VersionLoggerListener.log Command line argument: --add-opens=java.base/java.lang.reflect=ALL-UNNAMED
14-Apr-2026 11:06:31.732 INFO [main] org.apache.catalina.startup.VersionLoggerListener.log Command line argument: --add-opens=java.base/java.io=ALL-UNNAMED
14-Apr-2026 11:06:31.732 INFO [main] org.apache.catalina.startup.VersionLoggerListener.log Command line argument: --add-opens=java.base/java.util=ALL-UNNAMED
14-Apr-2026 11:06:31.732 INFO [main] org.apache.catalina.startup.VersionLoggerListener.log Command line argument: --add-opens=java.base/java.util.concurrent=ALL-UNNAMED
14-Apr-2026 11:06:31.732 INFO [main] org.apache.catalina.startup.VersionLoggerListener.log Command line argument: --add-opens=java.rmi/sun.rmi.transport=ALL-UNNAMED
14-Apr-2026 11:06:31.732 INFO [main] org.apache.catalina.startup.VersionLoggerListener.log Command line argument: -Djava.util.logging.config.file=/Users/erictran/Downloads/CS157A/CS157A-S1-14/apache-tomcat-9.0.115/conf/logging.properties
14-Apr-2026 11:06:31.732 INFO [main] org.apache.catalina.startup.VersionLoggerListener.log Command line argument: -Djava.util.logging.manager=org.apache.juli.ClassLoaderLogManager
14-Apr-2026 11:06:31.732 INFO [main] org.apache.catalina.startup.VersionLoggerListener.log Command line argument: -Djdk.tls.ephemeralDHKeySize=2048
14-Apr-2026 11:06:31.732 INFO [main] org.apache.catalina.startup.VersionLoggerListener.log Command line argument: -Djava.protocol.handler.pkgs=org.apache.catalina.webresources
14-Apr-2026 11:06:31.733 INFO [main] org.apache.catalina.startup.VersionLoggerListener.log Command line argument: -Dsun.io.useCanonCaches=false
14-Apr-2026 11:06:31.733 INFO [main] org.apache.catalina.startup.VersionLoggerListener.log Command line argument: -Dorg.apache.catalina.security.SecurityListener.UMASK=0027
14-Apr-2026 11:06:31.733 INFO [main] org.apache.catalina.startup.VersionLoggerListener.log Command line argument: -Dignore.endorsed.dirs=
14-Apr-2026 11:06:31.733 INFO [main] org.apache.catalina.startup.VersionLoggerListener.log Command line argument: -Dcatalina.base=/Users/erictran/Downloads/CS157A/CS157A-S1-14/apache-tomcat-9.0.115
14-Apr-2026 11:06:31.733 INFO [main] org.apache.catalina.startup.VersionLoggerListener.log Command line argument: -Dcatalina.home=/Users/erictran/Downloads/CS157A/CS157A-S1-14/apache-tomcat-9.0.115
14-Apr-2026 11:06:31.733 INFO [main] org.apache.catalina.startup.VersionLoggerListener.log Command line argument: -Djava.io.tmpdir=/Users/erictran/Downloads/CS157A/CS157A-S1-14/apache-tomcat-9.0.115/temp
WARNING: A restricted method in java.lang.System has been called
WARNING: java.lang.System::load has been called by org.apache.tomcat.jni.Library in an unnamed module (file:/Users/erictran/Downloads/CS157A/CS157A-S1-14/apache-tomcat-9.0.115/lib/tomcat-jni.jar)
WARNING: Use --enable-native-access=ALL-UNNAMED to avoid a warning for callers in this module
WARNING: Restricted methods will be blocked in a future release unless native access is enabled

14-Apr-2026 11:06:31.738 INFO [main] org.apache.catalina.core.AprLifecycleListener.lifecycleEvent The Apache Tomcat Native library which allows using OpenSSL was not found on the java.library.path: [/Users/erictran/Library/Java/Extensions:/Library/Java/Extensions:/Network/Library/Java/Extensions:/System/Library/Java/Extensions:/usr/lib/java:.]
14-Apr-2026 11:06:31.860 INFO [main] org.apache.coyote.AbstractProtocol.init Initializing ProtocolHandler ["http-nio-8080"]
14-Apr-2026 11:06:31.871 INFO [main] org.apache.catalina.startup.Catalina.load Server initialization in [220] milliseconds
14-Apr-2026 11:06:31.883 INFO [main] org.apache.catalina.core.StandardService.startInternal Starting service [Catalina]
14-Apr-2026 11:06:31.883 INFO [main] org.apache.catalina.core.StandardEngine.startInternal Starting Servlet engine: [Apache Tomcat/9.0.115]
14-Apr-2026 11:06:31.886 INFO [main] org.apache.catalina.startup.HostConfig.deployDirectory Deploying web application directory [/Users/erictran/Downloads/CS157A/CS157A-S1-14/apache-tomcat-9.0.115/webapps/docs]
14-Apr-2026 11:06:32.061 INFO [main] org.apache.jasper.servlet.TldScanner.scanJars At least one JAR was scanned for TLDs yet contained no TLDs. Enable debug logging for this logger for a complete list of JARs that were scanned but no TLDs were found in them. Skipping unneeded JARs during scanning can improve startup time and JSP compilation time.
14-Apr-2026 11:06:32.074 INFO [main] org.apache.catalina.startup.HostConfig.deployDirectory Deployment of web application directory [/Users/erictran/Downloads/CS157A/CS157A-S1-14/apache-tomcat-9.0.115/webapps/docs] has finished in [187] ms
14-Apr-2026 11:06:32.074 INFO [main] org.apache.catalina.startup.HostConfig.deployDirectory Deploying web application directory [/Users/erictran/Downloads/CS157A/CS157A-S1-14/apache-tomcat-9.0.115/webapps/TaskME]
14-Apr-2026 11:06:32.157 INFO [main] org.apache.jasper.servlet.TldScanner.scanJars At least one JAR was scanned for TLDs yet contained no TLDs. Enable debug logging for this logger for a complete list of JARs that were scanned but no TLDs were found in them. Skipping unneeded JARs during scanning can improve startup time and JSP compilation time.
14-Apr-2026 11:06:32.163 INFO [main] org.apache.catalina.startup.HostConfig.deployDirectory Deployment of web application directory [/Users/erictran/Downloads/CS157A/CS157A-S1-14/apache-tomcat-9.0.115/webapps/TaskME] has finished in [89] ms
14-Apr-2026 11:06:32.163 INFO [main] org.apache.catalina.startup.HostConfig.deployDirectory Deploying web application directory [/Users/erictran/Downloads/CS157A/CS157A-S1-14/apache-tomcat-9.0.115/webapps/manager]
14-Apr-2026 11:06:32.237 INFO [main] org.apache.jasper.servlet.TldScanner.scanJars At least one JAR was scanned for TLDs yet contained no TLDs. Enable debug logging for this logger for a complete list of JARs that were scanned but no TLDs were found in them. Skipping unneeded JARs during scanning can improve startup time and JSP compilation time.
14-Apr-2026 11:06:32.239 INFO [main] org.apache.catalina.startup.HostConfig.deployDirectory Deployment of web application directory [/Users/erictran/Downloads/CS157A/CS157A-S1-14/apache-tomcat-9.0.115/webapps/manager] has finished in [76] ms
14-Apr-2026 11:06:32.239 INFO [main] org.apache.catalina.startup.HostConfig.deployDirectory Deploying web application directory [/Users/erictran/Downloads/CS157A/CS157A-S1-14/apache-tomcat-9.0.115/webapps/examples]
14-Apr-2026 11:06:32.365 INFO [main] org.apache.jasper.servlet.TldScanner.scanJars At least one JAR was scanned for TLDs yet contained no TLDs. Enable debug logging for this logger for a complete list of JARs that were scanned but no TLDs were found in them. Skipping unneeded JARs during scanning can improve startup time and JSP compilation time.
14-Apr-2026 11:06:32.372 INFO [main] org.apache.catalina.startup.HostConfig.deployDirectory Deployment of web application directory [/Users/erictran/Downloads/CS157A/CS157A-S1-14/apache-tomcat-9.0.115/webapps/examples] has finished in [133] ms
14-Apr-2026 11:06:32.372 INFO [main] org.apache.catalina.startup.HostConfig.deployDirectory Deploying web application directory [/Users/erictran/Downloads/CS157A/CS157A-S1-14/apache-tomcat-9.0.115/webapps/ROOT]
14-Apr-2026 11:06:32.438 INFO [main] org.apache.jasper.servlet.TldScanner.scanJars At least one JAR was scanned for TLDs yet contained no TLDs. Enable debug logging for this logger for a complete list of JARs that were scanned but no TLDs were found in them. Skipping unneeded JARs during scanning can improve startup time and JSP compilation time.
14-Apr-2026 11:06:32.438 INFO [main] org.apache.catalina.startup.HostConfig.deployDirectory Deployment of web application directory [/Users/erictran/Downloads/CS157A/CS157A-S1-14/apache-tomcat-9.0.115/webapps/ROOT] has finished in [66] ms
14-Apr-2026 11:06:32.438 INFO [main] org.apache.catalina.startup.HostConfig.deployDirectory Deploying web application directory [/Users/erictran/Downloads/CS157A/CS157A-S1-14/apache-tomcat-9.0.115/webapps/host-manager]
14-Apr-2026 11:06:32.507 INFO [main] org.apache.jasper.servlet.TldScanner.scanJars At least one JAR was scanned for TLDs yet contained no TLDs. Enable debug logging for this logger for a complete list of JARs that were scanned but no TLDs were found in them. Skipping unneeded JARs during scanning can improve startup time and JSP compilation time.
14-Apr-2026 11:06:32.508 INFO [main] org.apache.catalina.startup.HostConfig.deployDirectory Deployment of web application directory [/Users/erictran/Downloads/CS157A/CS157A-S1-14/apache-tomcat-9.0.115/webapps/host-manager] has finished in [70] ms
14-Apr-2026 11:06:32.509 INFO [main] org.apache.coyote.AbstractProtocol.start Starting ProtocolHandler ["http-nio-8080"]
14-Apr-2026 11:06:32.513 INFO [main] org.apache.catalina.startup.Catalina.start Server startup in [642] milliseconds
14-Apr-2026 11:22:12.999 INFO [Catalina-utility-2] org.apache.catalina.startup.HostConfig.reload Reloading context [/TaskME]
14-Apr-2026 11:22:13.002 INFO [Catalina-utility-2] org.apache.catalina.core.StandardContext.reload Reloading Context with name [/TaskME] has started
14-Apr-2026 11:22:13.129 INFO [Catalina-utility-2] org.apache.jasper.servlet.TldScanner.scanJars At least one JAR was scanned for TLDs yet contained no TLDs. Enable debug logging for this logger for a complete list of JARs that were scanned but no TLDs were found in them. Skipping unneeded JARs during scanning can improve startup time and JSP compilation time.
14-Apr-2026 11:22:13.130 INFO [Catalina-utility-2] org.apache.catalina.core.StandardContext.reload Reloading Context with name [/TaskME] is completed
14-Apr-2026 11:23:49.078 INFO [main] org.apache.catalina.core.StandardServer.await A valid shutdown command was received via the shutdown port. Stopping the Server instance.
14-Apr-2026 11:23:49.079 INFO [main] org.apache.coyote.AbstractProtocol.pause Pausing ProtocolHandler ["http-nio-8080"]
14-Apr-2026 11:23:50.081 INFO [main] org.apache.catalina.core.StandardService.stopInternal Stopping service [Catalina]
14-Apr-2026 11:23:50.104 INFO [main] org.apache.coyote.AbstractProtocol.stop Stopping ProtocolHandler ["http-nio-8080"]
14-Apr-2026 11:23:50.706 WARNING [main] org.apache.tomcat.util.net.Acceptor.stopMillis The acceptor thread [http-nio-8080-Acceptor] did not stop cleanly
14-Apr-2026 11:23:50.712 INFO [main] org.apache.coyote.AbstractProtocol.destroy Destroying ProtocolHandler ["http-nio-8080"]
NOTE: Picked up JDK_JAVA_OPTIONS:  --add-opens=java.base/java.lang=ALL-UNNAMED --add-opens=java.base/java.lang.invoke=ALL-UNNAMED --add-opens=java.base/java.lang.reflect=ALL-UNNAMED --add-opens=java.base/java.io=ALL-UNNAMED --add-opens=java.base/java.util=ALL-UNNAMED --add-opens=java.base/java.util.concurrent=ALL-UNNAMED --add-opens=java.rmi/sun.rmi.transport=ALL-UNNAMED
14-Apr-2026 11:23:56.845 INFO [main] org.apache.catalina.startup.VersionLoggerListener.log Server version name:   Apache Tomcat/9.0.115
14-Apr-2026 11:23:56.847 INFO [main] org.apache.catalina.startup.VersionLoggerListener.log Server built:          Jan 21 2026 08:17:26 UTC
14-Apr-2026 11:23:56.847 INFO [main] org.apache.catalina.startup.VersionLoggerListener.log Server version number: 9.0.115.0
14-Apr-2026 11:23:56.847 INFO [main] org.apache.catalina.startup.VersionLoggerListener.log OS Name:               Mac OS X
14-Apr-2026 11:23:56.847 INFO [main] org.apache.catalina.startup.VersionLoggerListener.log OS Version:            26.4.1
14-Apr-2026 11:23:56.847 INFO [main] org.apache.catalina.startup.VersionLoggerListener.log Architecture:          aarch64
14-Apr-2026 11:23:56.847 INFO [main] org.apache.catalina.startup.VersionLoggerListener.log Java Home:             /Library/Java/JavaVirtualMachines/jdk-25.jdk/Contents/Home
14-Apr-2026 11:23:56.847 INFO [main] org.apache.catalina.startup.VersionLoggerListener.log JVM Version:           25.0.2+10-LTS-69
14-Apr-2026 11:23:56.847 INFO [main] org.apache.catalina.startup.VersionLoggerListener.log JVM Vendor:            Oracle Corporation
14-Apr-2026 11:23:56.847 INFO [main] org.apache.catalina.startup.VersionLoggerListener.log CATALINA_BASE:         /Users/erictran/Downloads/CS157A/CS157A-S1-14/apache-tomcat-9.0.115
14-Apr-2026 11:23:56.847 INFO [main] org.apache.catalina.startup.VersionLoggerListener.log CATALINA_HOME:         /Users/erictran/Downloads/CS157A/CS157A-S1-14/apache-tomcat-9.0.115
14-Apr-2026 11:23:56.851 INFO [main] org.apache.catalina.startup.VersionLoggerListener.log Command line argument: --add-opens=java.base/java.lang=ALL-UNNAMED
14-Apr-2026 11:23:56.851 INFO [main] org.apache.catalina.startup.VersionLoggerListener.log Command line argument: --add-opens=java.base/java.lang.invoke=ALL-UNNAMED
14-Apr-2026 11:23:56.851 INFO [main] org.apache.catalina.startup.VersionLoggerListener.log Command line argument: --add-opens=java.base/java.lang.reflect=ALL-UNNAMED
14-Apr-2026 11:23:56.851 INFO [main] org.apache.catalina.startup.VersionLoggerListener.log Command line argument: --add-opens=java.base/java.io=ALL-UNNAMED
14-Apr-2026 11:23:56.851 INFO [main] org.apache.catalina.startup.VersionLoggerListener.log Command line argument: --add-opens=java.base/java.util=ALL-UNNAMED
14-Apr-2026 11:23:56.851 INFO [main] org.apache.catalina.startup.VersionLoggerListener.log Command line argument: --add-opens=java.base/java.util.concurrent=ALL-UNNAMED
14-Apr-2026 11:23:56.851 INFO [main] org.apache.catalina.startup.VersionLoggerListener.log Command line argument: --add-opens=java.rmi/sun.rmi.transport=ALL-UNNAMED
14-Apr-2026 11:23:56.852 INFO [main] org.apache.catalina.startup.VersionLoggerListener.log Command line argument: -Djava.util.logging.config.file=/Users/erictran/Downloads/CS157A/CS157A-S1-14/apache-tomcat-9.0.115/conf/logging.properties
14-Apr-2026 11:23:56.852 INFO [main] org.apache.catalina.startup.VersionLoggerListener.log Command line argument: -Djava.util.logging.manager=org.apache.juli.ClassLoaderLogManager
14-Apr-2026 11:23:56.852 INFO [main] org.apache.catalina.startup.VersionLoggerListener.log Command line argument: -Djdk.tls.ephemeralDHKeySize=2048
14-Apr-2026 11:23:56.852 INFO [main] org.apache.catalina.startup.VersionLoggerListener.log Command line argument: -Djava.protocol.handler.pkgs=org.apache.catalina.webresources
14-Apr-2026 11:23:56.852 INFO [main] org.apache.catalina.startup.VersionLoggerListener.log Command line argument: -Dsun.io.useCanonCaches=false
14-Apr-2026 11:23:56.852 INFO [main] org.apache.catalina.startup.VersionLoggerListener.log Command line argument: -Dorg.apache.catalina.security.SecurityListener.UMASK=0027
14-Apr-2026 11:23:56.852 INFO [main] org.apache.catalina.startup.VersionLoggerListener.log Command line argument: -Dignore.endorsed.dirs=
14-Apr-2026 11:23:56.852 INFO [main] org.apache.catalina.startup.VersionLoggerListener.log Command line argument: -Dcatalina.base=/Users/erictran/Downloads/CS157A/CS157A-S1-14/apache-tomcat-9.0.115
14-Apr-2026 11:23:56.852 INFO [main] org.apache.catalina.startup.VersionLoggerListener.log Command line argument: -Dcatalina.home=/Users/erictran/Downloads/CS157A/CS157A-S1-14/apache-tomcat-9.0.115
14-Apr-2026 11:23:56.852 INFO [main] org.apache.catalina.startup.VersionLoggerListener.log Command line argument: -Djava.io.tmpdir=/Users/erictran/Downloads/CS157A/CS157A-S1-14/apache-tomcat-9.0.115/temp
WARNING: A restricted method in java.lang.System has been called
WARNING: java.lang.System::load has been called by org.apache.tomcat.jni.Library in an unnamed module (file:/Users/erictran/Downloads/CS157A/CS157A-S1-14/apache-tomcat-9.0.115/lib/tomcat-jni.jar)
WARNING: Use --enable-native-access=ALL-UNNAMED to avoid a warning for callers in this module
WARNING: Restricted methods will be blocked in a future release unless native access is enabled

14-Apr-2026 11:23:56.859 INFO [main] org.apache.catalina.core.AprLifecycleListener.lifecycleEvent The Apache Tomcat Native library which allows using OpenSSL was not found on the java.library.path: [/Users/erictran/Library/Java/Extensions:/Library/Java/Extensions:/Network/Library/Java/Extensions:/System/Library/Java/Extensions:/usr/lib/java:.]
14-Apr-2026 11:23:56.985 INFO [main] org.apache.coyote.AbstractProtocol.init Initializing ProtocolHandler ["http-nio-8080"]
14-Apr-2026 11:23:56.997 INFO [main] org.apache.catalina.startup.Catalina.load Server initialization in [220] milliseconds
14-Apr-2026 11:23:57.010 INFO [main] org.apache.catalina.core.StandardService.startInternal Starting service [Catalina]
14-Apr-2026 11:23:57.010 INFO [main] org.apache.catalina.core.StandardEngine.startInternal Starting Servlet engine: [Apache Tomcat/9.0.115]
14-Apr-2026 11:23:57.012 INFO [main] org.apache.catalina.startup.HostConfig.deployDirectory Deploying web application directory [/Users/erictran/Downloads/CS157A/CS157A-S1-14/apache-tomcat-9.0.115/webapps/docs]
14-Apr-2026 11:23:57.202 INFO [main] org.apache.jasper.servlet.TldScanner.scanJars At least one JAR was scanned for TLDs yet contained no TLDs. Enable debug logging for this logger for a complete list of JARs that were scanned but no TLDs were found in them. Skipping unneeded JARs during scanning can improve startup time and JSP compilation time.
14-Apr-2026 11:23:57.215 INFO [main] org.apache.catalina.startup.HostConfig.deployDirectory Deployment of web application directory [/Users/erictran/Downloads/CS157A/CS157A-S1-14/apache-tomcat-9.0.115/webapps/docs] has finished in [202] ms
14-Apr-2026 11:23:57.215 INFO [main] org.apache.catalina.startup.HostConfig.deployDirectory Deploying web application directory [/Users/erictran/Downloads/CS157A/CS157A-S1-14/apache-tomcat-9.0.115/webapps/TaskME]
14-Apr-2026 11:23:57.303 INFO [main] org.apache.jasper.servlet.TldScanner.scanJars At least one JAR was scanned for TLDs yet contained no TLDs. Enable debug logging for this logger for a complete list of JARs that were scanned but no TLDs were found in them. Skipping unneeded JARs during scanning can improve startup time and JSP compilation time.
14-Apr-2026 11:23:57.310 INFO [main] org.apache.catalina.startup.HostConfig.deployDirectory Deployment of web application directory [/Users/erictran/Downloads/CS157A/CS157A-S1-14/apache-tomcat-9.0.115/webapps/TaskME] has finished in [95] ms
14-Apr-2026 11:23:57.310 INFO [main] org.apache.catalina.startup.HostConfig.deployDirectory Deploying web application directory [/Users/erictran/Downloads/CS157A/CS157A-S1-14/apache-tomcat-9.0.115/webapps/manager]
14-Apr-2026 11:23:57.388 INFO [main] org.apache.jasper.servlet.TldScanner.scanJars At least one JAR was scanned for TLDs yet contained no TLDs. Enable debug logging for this logger for a complete list of JARs that were scanned but no TLDs were found in them. Skipping unneeded JARs during scanning can improve startup time and JSP compilation time.
14-Apr-2026 11:23:57.390 INFO [main] org.apache.catalina.startup.HostConfig.deployDirectory Deployment of web application directory [/Users/erictran/Downloads/CS157A/CS157A-S1-14/apache-tomcat-9.0.115/webapps/manager] has finished in [80] ms
14-Apr-2026 11:23:57.390 INFO [main] org.apache.catalina.startup.HostConfig.deployDirectory Deploying web application directory [/Users/erictran/Downloads/CS157A/CS157A-S1-14/apache-tomcat-9.0.115/webapps/examples]
14-Apr-2026 11:23:57.518 INFO [main] org.apache.jasper.servlet.TldScanner.scanJars At least one JAR was scanned for TLDs yet contained no TLDs. Enable debug logging for this logger for a complete list of JARs that were scanned but no TLDs were found in them. Skipping unneeded JARs during scanning can improve startup time and JSP compilation time.
14-Apr-2026 11:23:57.525 INFO [main] org.apache.catalina.startup.HostConfig.deployDirectory Deployment of web application directory [/Users/erictran/Downloads/CS157A/CS157A-S1-14/apache-tomcat-9.0.115/webapps/examples] has finished in [135] ms
14-Apr-2026 11:23:57.525 INFO [main] org.apache.catalina.startup.HostConfig.deployDirectory Deploying web application directory [/Users/erictran/Downloads/CS157A/CS157A-S1-14/apache-tomcat-9.0.115/webapps/ROOT]
14-Apr-2026 11:23:57.597 INFO [main] org.apache.jasper.servlet.TldScanner.scanJars At least one JAR was scanned for TLDs yet contained no TLDs. Enable debug logging for this logger for a complete list of JARs that were scanned but no TLDs were found in them. Skipping unneeded JARs during scanning can improve startup time and JSP compilation time.
14-Apr-2026 11:23:57.598 INFO [main] org.apache.catalina.startup.HostConfig.deployDirectory Deployment of web application directory [/Users/erictran/Downloads/CS157A/CS157A-S1-14/apache-tomcat-9.0.115/webapps/ROOT] has finished in [73] ms
14-Apr-2026 11:23:57.598 INFO [main] org.apache.catalina.startup.HostConfig.deployDirectory Deploying web application directory [/Users/erictran/Downloads/CS157A/CS157A-S1-14/apache-tomcat-9.0.115/webapps/host-manager]
14-Apr-2026 11:23:57.668 INFO [main] org.apache.jasper.servlet.TldScanner.scanJars At least one JAR was scanned for TLDs yet contained no TLDs. Enable debug logging for this logger for a complete list of JARs that were scanned but no TLDs were found in them. Skipping unneeded JARs during scanning can improve startup time and JSP compilation time.
14-Apr-2026 11:23:57.668 INFO [main] org.apache.catalina.startup.HostConfig.deployDirectory Deployment of web application directory [/Users/erictran/Downloads/CS157A/CS157A-S1-14/apache-tomcat-9.0.115/webapps/host-manager] has finished in [70] ms
14-Apr-2026 11:23:57.670 INFO [main] org.apache.coyote.AbstractProtocol.start Starting ProtocolHandler ["http-nio-8080"]
14-Apr-2026 11:23:57.674 INFO [main] org.apache.catalina.startup.Catalina.start Server startup in [676] milliseconds
java.sql.SQLSyntaxErrorException: Unknown column 'Created_By' in 'field list'
	at com.mysql.cj.jdbc.exceptions.SQLError.createSQLException(SQLError.java:112)
	at com.mysql.cj.jdbc.exceptions.SQLExceptionsMapping.translateException(SQLExceptionsMapping.java:114)
	at com.mysql.cj.jdbc.ClientPreparedStatement.executeInternal(ClientPreparedStatement.java:988)
	at com.mysql.cj.jdbc.ClientPreparedStatement.executeQuery(ClientPreparedStatement.java:1056)
	at ProjectServlet.doGet(ProjectServlet.java:95)
	at javax.servlet.http.HttpServlet.service(HttpServlet.java:529)
	at javax.servlet.http.HttpServlet.service(HttpServlet.java:623)
	at org.apache.catalina.core.ApplicationFilterChain.internalDoFilter(ApplicationFilterChain.java:197)
	at org.apache.catalina.core.ApplicationFilterChain.doFilter(ApplicationFilterChain.java:142)
	at org.apache.tomcat.websocket.server.WsFilter.doFilter(WsFilter.java:51)
	at org.apache.catalina.core.ApplicationFilterChain.internalDoFilter(ApplicationFilterChain.java:166)
	at org.apache.catalina.core.ApplicationFilterChain.doFilter(ApplicationFilterChain.java:142)
	at org.apache.catalina.core.StandardWrapperValve.invoke(StandardWrapperValve.java:166)
	at org.apache.catalina.core.StandardContextValve.invoke(StandardContextValve.java:88)
	at org.apache.catalina.authenticator.AuthenticatorBase.invoke(AuthenticatorBase.java:491)
	at org.apache.catalina.core.StandardHostValve.invoke(StandardHostValve.java:127)
	at org.apache.catalina.valves.ErrorReportValve.invoke(ErrorReportValve.java:83)
	at org.apache.catalina.valves.AbstractAccessLogValve.invoke(AbstractAccessLogValve.java:643)
	at org.apache.catalina.core.StandardEngineValve.invoke(StandardEngineValve.java:72)
	at org.apache.catalina.connector.CoyoteAdapter.service(CoyoteAdapter.java:344)
	at org.apache.coyote.http11.Http11Processor.service(Http11Processor.java:398)
	at org.apache.coyote.AbstractProcessorLight.process(AbstractProcessorLight.java:63)
	at org.apache.coyote.AbstractProtocol$ConnectionHandler.process(AbstractProtocol.java:939)
	at org.apache.tomcat.util.net.NioEndpoint$SocketProcessor.doRun(NioEndpoint.java:1832)
	at org.apache.tomcat.util.net.SocketProcessorBase.run(SocketProcessorBase.java:52)
	at org.apache.tomcat.util.threads.ThreadPoolExecutor.runWorker(ThreadPoolExecutor.java:973)
	at org.apache.tomcat.util.threads.ThreadPoolExecutor$Worker.run(ThreadPoolExecutor.java:491)
	at org.apache.tomcat.util.threads.TaskThread$WrappingRunnable.run(TaskThread.java:63)
	at java.base/java.lang.Thread.run(Thread.java:1474)
java.sql.SQLSyntaxErrorException: Unknown column 'Created_By' in 'field list'
	at com.mysql.cj.jdbc.exceptions.SQLError.createSQLException(SQLError.java:112)
	at com.mysql.cj.jdbc.exceptions.SQLExceptionsMapping.translateException(SQLExceptionsMapping.java:114)
	at com.mysql.cj.jdbc.ClientPreparedStatement.executeInternal(ClientPreparedStatement.java:988)
	at com.mysql.cj.jdbc.ClientPreparedStatement.executeQuery(ClientPreparedStatement.java:1056)
	at ProjectServlet.doGet(ProjectServlet.java:95)
	at javax.servlet.http.HttpServlet.service(HttpServlet.java:529)
	at javax.servlet.http.HttpServlet.service(HttpServlet.java:623)
	at org.apache.catalina.core.ApplicationFilterChain.internalDoFilter(ApplicationFilterChain.java:197)
	at org.apache.catalina.core.ApplicationFilterChain.doFilter(ApplicationFilterChain.java:142)
	at org.apache.tomcat.websocket.server.WsFilter.doFilter(WsFilter.java:51)
	at org.apache.catalina.core.ApplicationFilterChain.internalDoFilter(ApplicationFilterChain.java:166)
	at org.apache.catalina.core.ApplicationFilterChain.doFilter(ApplicationFilterChain.java:142)
	at org.apache.catalina.core.StandardWrapperValve.invoke(StandardWrapperValve.java:166)
	at org.apache.catalina.core.StandardContextValve.invoke(StandardContextValve.java:88)
	at org.apache.catalina.authenticator.AuthenticatorBase.invoke(AuthenticatorBase.java:491)
	at org.apache.catalina.core.StandardHostValve.invoke(StandardHostValve.java:127)
	at org.apache.catalina.valves.ErrorReportValve.invoke(ErrorReportValve.java:83)
	at org.apache.catalina.valves.AbstractAccessLogValve.invoke(AbstractAccessLogValve.java:643)
	at org.apache.catalina.core.StandardEngineValve.invoke(StandardEngineValve.java:72)
	at org.apache.catalina.connector.CoyoteAdapter.service(CoyoteAdapter.java:344)
	at org.apache.coyote.http11.Http11Processor.service(Http11Processor.java:398)
	at org.apache.coyote.AbstractProcessorLight.process(AbstractProcessorLight.java:63)
	at org.apache.coyote.AbstractProtocol$ConnectionHandler.process(AbstractProtocol.java:939)
	at org.apache.tomcat.util.net.NioEndpoint$SocketProcessor.doRun(NioEndpoint.java:1832)
	at org.apache.tomcat.util.net.SocketProcessorBase.run(SocketProcessorBase.java:52)
	at org.apache.tomcat.util.threads.ThreadPoolExecutor.runWorker(ThreadPoolExecutor.java:973)
	at org.apache.tomcat.util.threads.ThreadPoolExecutor$Worker.run(ThreadPoolExecutor.java:491)
	at org.apache.tomcat.util.threads.TaskThread$WrappingRunnable.run(TaskThread.java:63)
	at java.base/java.lang.Thread.run(Thread.java:1474)
java.sql.SQLSyntaxErrorException: Unknown column 'Created_By' in 'field list'
	at com.mysql.cj.jdbc.exceptions.SQLError.createSQLException(SQLError.java:112)
	at com.mysql.cj.jdbc.exceptions.SQLExceptionsMapping.translateException(SQLExceptionsMapping.java:114)
	at com.mysql.cj.jdbc.ClientPreparedStatement.executeInternal(ClientPreparedStatement.java:988)
	at com.mysql.cj.jdbc.ClientPreparedStatement.executeQuery(ClientPreparedStatement.java:1056)
	at ProjectServlet.doGet(ProjectServlet.java:95)
	at javax.servlet.http.HttpServlet.service(HttpServlet.java:529)
	at javax.servlet.http.HttpServlet.service(HttpServlet.java:623)
	at org.apache.catalina.core.ApplicationFilterChain.internalDoFilter(ApplicationFilterChain.java:197)
	at org.apache.catalina.core.ApplicationFilterChain.doFilter(ApplicationFilterChain.java:142)
	at org.apache.tomcat.websocket.server.WsFilter.doFilter(WsFilter.java:51)
	at org.apache.catalina.core.ApplicationFilterChain.internalDoFilter(ApplicationFilterChain.java:166)
	at org.apache.catalina.core.ApplicationFilterChain.doFilter(ApplicationFilterChain.java:142)
	at org.apache.catalina.core.StandardWrapperValve.invoke(StandardWrapperValve.java:166)
	at org.apache.catalina.core.StandardContextValve.invoke(StandardContextValve.java:88)
	at org.apache.catalina.authenticator.AuthenticatorBase.invoke(AuthenticatorBase.java:491)
	at org.apache.catalina.core.StandardHostValve.invoke(StandardHostValve.java:127)
	at org.apache.catalina.valves.ErrorReportValve.invoke(ErrorReportValve.java:83)
	at org.apache.catalina.valves.AbstractAccessLogValve.invoke(AbstractAccessLogValve.java:643)
	at org.apache.catalina.core.StandardEngineValve.invoke(StandardEngineValve.java:72)
	at org.apache.catalina.connector.CoyoteAdapter.service(CoyoteAdapter.java:344)
	at org.apache.coyote.http11.Http11Processor.service(Http11Processor.java:398)
	at org.apache.coyote.AbstractProcessorLight.process(AbstractProcessorLight.java:63)
	at org.apache.coyote.AbstractProtocol$ConnectionHandler.process(AbstractProtocol.java:939)
	at org.apache.tomcat.util.net.NioEndpoint$SocketProcessor.doRun(NioEndpoint.java:1832)
	at org.apache.tomcat.util.net.SocketProcessorBase.run(SocketProcessorBase.java:52)
	at org.apache.tomcat.util.threads.ThreadPoolExecutor.runWorker(ThreadPoolExecutor.java:973)
	at org.apache.tomcat.util.threads.ThreadPoolExecutor$Worker.run(ThreadPoolExecutor.java:491)
	at org.apache.tomcat.util.threads.TaskThread$WrappingRunnable.run(TaskThread.java:63)
	at java.base/java.lang.Thread.run(Thread.java:1474)
java.sql.SQLSyntaxErrorException: Unknown column 'Created_By' in 'field list'
	at com.mysql.cj.jdbc.exceptions.SQLError.createSQLException(SQLError.java:112)
	at com.mysql.cj.jdbc.exceptions.SQLExceptionsMapping.translateException(SQLExceptionsMapping.java:114)
	at com.mysql.cj.jdbc.ClientPreparedStatement.executeInternal(ClientPreparedStatement.java:988)
	at com.mysql.cj.jdbc.ClientPreparedStatement.executeQuery(ClientPreparedStatement.java:1056)
	at ProjectServlet.doGet(ProjectServlet.java:95)
	at javax.servlet.http.HttpServlet.service(HttpServlet.java:529)
	at javax.servlet.http.HttpServlet.service(HttpServlet.java:623)
	at org.apache.catalina.core.ApplicationFilterChain.internalDoFilter(ApplicationFilterChain.java:197)
	at org.apache.catalina.core.ApplicationFilterChain.doFilter(ApplicationFilterChain.java:142)
	at org.apache.tomcat.websocket.server.WsFilter.doFilter(WsFilter.java:51)
	at org.apache.catalina.core.ApplicationFilterChain.internalDoFilter(ApplicationFilterChain.java:166)
	at org.apache.catalina.core.ApplicationFilterChain.doFilter(ApplicationFilterChain.java:142)
	at org.apache.catalina.core.StandardWrapperValve.invoke(StandardWrapperValve.java:166)
	at org.apache.catalina.core.StandardContextValve.invoke(StandardContextValve.java:88)
	at org.apache.catalina.authenticator.AuthenticatorBase.invoke(AuthenticatorBase.java:491)
	at org.apache.catalina.core.StandardHostValve.invoke(StandardHostValve.java:127)
	at org.apache.catalina.valves.ErrorReportValve.invoke(ErrorReportValve.java:83)
	at org.apache.catalina.valves.AbstractAccessLogValve.invoke(AbstractAccessLogValve.java:643)
	at org.apache.catalina.core.StandardEngineValve.invoke(StandardEngineValve.java:72)
	at org.apache.catalina.connector.CoyoteAdapter.service(CoyoteAdapter.java:344)
	at org.apache.coyote.http11.Http11Processor.service(Http11Processor.java:398)
	at org.apache.coyote.AbstractProcessorLight.process(AbstractProcessorLight.java:63)
	at org.apache.coyote.AbstractProtocol$ConnectionHandler.process(AbstractProtocol.java:939)
	at org.apache.tomcat.util.net.NioEndpoint$SocketProcessor.doRun(NioEndpoint.java:1832)
	at org.apache.tomcat.util.net.SocketProcessorBase.run(SocketProcessorBase.java:52)
	at org.apache.tomcat.util.threads.ThreadPoolExecutor.runWorker(ThreadPoolExecutor.java:973)
	at org.apache.tomcat.util.threads.ThreadPoolExecutor$Worker.run(ThreadPoolExecutor.java:491)
	at org.apache.tomcat.util.threads.TaskThread$WrappingRunnable.run(TaskThread.java:63)
	at java.base/java.lang.Thread.run(Thread.java:1474)
java.sql.SQLSyntaxErrorException: Unknown column 'Created_By' in 'field list'
	at com.mysql.cj.jdbc.exceptions.SQLError.createSQLException(SQLError.java:112)
	at com.mysql.cj.jdbc.exceptions.SQLExceptionsMapping.translateException(SQLExceptionsMapping.java:114)
	at com.mysql.cj.jdbc.ClientPreparedStatement.executeInternal(ClientPreparedStatement.java:988)
	at com.mysql.cj.jdbc.ClientPreparedStatement.executeQuery(ClientPreparedStatement.java:1056)
	at ProjectServlet.doGet(ProjectServlet.java:95)
	at javax.servlet.http.HttpServlet.service(HttpServlet.java:529)
	at javax.servlet.http.HttpServlet.service(HttpServlet.java:623)
	at org.apache.catalina.core.ApplicationFilterChain.internalDoFilter(ApplicationFilterChain.java:197)
	at org.apache.catalina.core.ApplicationFilterChain.doFilter(ApplicationFilterChain.java:142)
	at org.apache.tomcat.websocket.server.WsFilter.doFilter(WsFilter.java:51)
	at org.apache.catalina.core.ApplicationFilterChain.internalDoFilter(ApplicationFilterChain.java:166)
	at org.apache.catalina.core.ApplicationFilterChain.doFilter(ApplicationFilterChain.java:142)
	at org.apache.catalina.core.StandardWrapperValve.invoke(StandardWrapperValve.java:166)
	at org.apache.catalina.core.StandardContextValve.invoke(StandardContextValve.java:88)
	at org.apache.catalina.authenticator.AuthenticatorBase.invoke(AuthenticatorBase.java:491)
	at org.apache.catalina.core.StandardHostValve.invoke(StandardHostValve.java:127)
	at org.apache.catalina.valves.ErrorReportValve.invoke(ErrorReportValve.java:83)
	at org.apache.catalina.valves.AbstractAccessLogValve.invoke(AbstractAccessLogValve.java:643)
	at org.apache.catalina.core.StandardEngineValve.invoke(StandardEngineValve.java:72)
	at org.apache.catalina.connector.CoyoteAdapter.service(CoyoteAdapter.java:344)
	at org.apache.coyote.http11.Http11Processor.service(Http11Processor.java:398)
	at org.apache.coyote.AbstractProcessorLight.process(AbstractProcessorLight.java:63)
	at org.apache.coyote.AbstractProtocol$ConnectionHandler.process(AbstractProtocol.java:939)
	at org.apache.tomcat.util.net.NioEndpoint$SocketProcessor.doRun(NioEndpoint.java:1832)
	at org.apache.tomcat.util.net.SocketProcessorBase.run(SocketProcessorBase.java:52)
	at org.apache.tomcat.util.threads.ThreadPoolExecutor.runWorker(ThreadPoolExecutor.java:973)
	at org.apache.tomcat.util.threads.ThreadPoolExecutor$Worker.run(ThreadPoolExecutor.java:491)
	at org.apache.tomcat.util.threads.TaskThread$WrappingRunnable.run(TaskThread.java:63)
	at java.base/java.lang.Thread.run(Thread.java:1474)
14-Apr-2026 11:28:50.658 INFO [main] org.apache.catalina.core.StandardServer.await A valid shutdown command was received via the shutdown port. Stopping the Server instance.
14-Apr-2026 11:28:50.658 INFO [main] org.apache.coyote.AbstractProtocol.pause Pausing ProtocolHandler ["http-nio-8080"]
14-Apr-2026 11:28:51.661 INFO [main] org.apache.catalina.core.StandardService.stopInternal Stopping service [Catalina]
14-Apr-2026 11:28:51.691 INFO [main] org.apache.coyote.AbstractProtocol.stop Stopping ProtocolHandler ["http-nio-8080"]
14-Apr-2026 11:28:52.297 WARNING [main] org.apache.tomcat.util.net.Acceptor.stopMillis The acceptor thread [http-nio-8080-Acceptor] did not stop cleanly
14-Apr-2026 11:28:52.302 INFO [main] org.apache.coyote.AbstractProtocol.destroy Destroying ProtocolHandler ["http-nio-8080"]
NOTE: Picked up JDK_JAVA_OPTIONS:  --add-opens=java.base/java.lang=ALL-UNNAMED --add-opens=java.base/java.lang.invoke=ALL-UNNAMED --add-opens=java.base/java.lang.reflect=ALL-UNNAMED --add-opens=java.base/java.io=ALL-UNNAMED --add-opens=java.base/java.util=ALL-UNNAMED --add-opens=java.base/java.util.concurrent=ALL-UNNAMED --add-opens=java.rmi/sun.rmi.transport=ALL-UNNAMED
14-Apr-2026 11:29:34.292 INFO [main] org.apache.catalina.startup.VersionLoggerListener.log Server version name:   Apache Tomcat/9.0.115
14-Apr-2026 11:29:34.294 INFO [main] org.apache.catalina.startup.VersionLoggerListener.log Server built:          Jan 21 2026 08:17:26 UTC
14-Apr-2026 11:29:34.294 INFO [main] org.apache.catalina.startup.VersionLoggerListener.log Server version number: 9.0.115.0
14-Apr-2026 11:29:34.294 INFO [main] org.apache.catalina.startup.VersionLoggerListener.log OS Name:               Mac OS X
14-Apr-2026 11:29:34.294 INFO [main] org.apache.catalina.startup.VersionLoggerListener.log OS Version:            26.4.1
14-Apr-2026 11:29:34.294 INFO [main] org.apache.catalina.startup.VersionLoggerListener.log Architecture:          aarch64
14-Apr-2026 11:29:34.294 INFO [main] org.apache.catalina.startup.VersionLoggerListener.log Java Home:             /Library/Java/JavaVirtualMachines/jdk-25.jdk/Contents/Home
14-Apr-2026 11:29:34.294 INFO [main] org.apache.catalina.startup.VersionLoggerListener.log JVM Version:           25.0.2+10-LTS-69
14-Apr-2026 11:29:34.294 INFO [main] org.apache.catalina.startup.VersionLoggerListener.log JVM Vendor:            Oracle Corporation
14-Apr-2026 11:29:34.294 INFO [main] org.apache.catalina.startup.VersionLoggerListener.log CATALINA_BASE:         /Users/erictran/Downloads/CS157A/CS157A-S1-14/apache-tomcat-9.0.115
14-Apr-2026 11:29:34.294 INFO [main] org.apache.catalina.startup.VersionLoggerListener.log CATALINA_HOME:         /Users/erictran/Downloads/CS157A/CS157A-S1-14/apache-tomcat-9.0.115
14-Apr-2026 11:29:34.299 INFO [main] org.apache.catalina.startup.VersionLoggerListener.log Command line argument: --add-opens=java.base/java.lang=ALL-UNNAMED
14-Apr-2026 11:29:34.299 INFO [main] org.apache.catalina.startup.VersionLoggerListener.log Command line argument: --add-opens=java.base/java.lang.invoke=ALL-UNNAMED
14-Apr-2026 11:29:34.299 INFO [main] org.apache.catalina.startup.VersionLoggerListener.log Command line argument: --add-opens=java.base/java.lang.reflect=ALL-UNNAMED
14-Apr-2026 11:29:34.299 INFO [main] org.apache.catalina.startup.VersionLoggerListener.log Command line argument: --add-opens=java.base/java.io=ALL-UNNAMED
14-Apr-2026 11:29:34.299 INFO [main] org.apache.catalina.startup.VersionLoggerListener.log Command line argument: --add-opens=java.base/java.util=ALL-UNNAMED
14-Apr-2026 11:29:34.299 INFO [main] org.apache.catalina.startup.VersionLoggerListener.log Command line argument: --add-opens=java.base/java.util.concurrent=ALL-UNNAMED
14-Apr-2026 11:29:34.299 INFO [main] org.apache.catalina.startup.VersionLoggerListener.log Command line argument: --add-opens=java.rmi/sun.rmi.transport=ALL-UNNAMED
14-Apr-2026 11:29:34.299 INFO [main] org.apache.catalina.startup.VersionLoggerListener.log Command line argument: -Djava.util.logging.config.file=/Users/erictran/Downloads/CS157A/CS157A-S1-14/apache-tomcat-9.0.115/conf/logging.properties
14-Apr-2026 11:29:34.299 INFO [main] org.apache.catalina.startup.VersionLoggerListener.log Command line argument: -Djava.util.logging.manager=org.apache.juli.ClassLoaderLogManager
14-Apr-2026 11:29:34.299 INFO [main] org.apache.catalina.startup.VersionLoggerListener.log Command line argument: -Djdk.tls.ephemeralDHKeySize=2048
14-Apr-2026 11:29:34.299 INFO [main] org.apache.catalina.startup.VersionLoggerListener.log Command line argument: -Djava.protocol.handler.pkgs=org.apache.catalina.webresources
14-Apr-2026 11:29:34.299 INFO [main] org.apache.catalina.startup.VersionLoggerListener.log Command line argument: -Dsun.io.useCanonCaches=false
14-Apr-2026 11:29:34.299 INFO [main] org.apache.catalina.startup.VersionLoggerListener.log Command line argument: -Dorg.apache.catalina.security.SecurityListener.UMASK=0027
14-Apr-2026 11:29:34.299 INFO [main] org.apache.catalina.startup.VersionLoggerListener.log Command line argument: -Dignore.endorsed.dirs=
14-Apr-2026 11:29:34.299 INFO [main] org.apache.catalina.startup.VersionLoggerListener.log Command line argument: -Dcatalina.base=/Users/erictran/Downloads/CS157A/CS157A-S1-14/apache-tomcat-9.0.115
14-Apr-2026 11:29:34.299 INFO [main] org.apache.catalina.startup.VersionLoggerListener.log Command line argument: -Dcatalina.home=/Users/erictran/Downloads/CS157A/CS157A-S1-14/apache-tomcat-9.0.115
14-Apr-2026 11:29:34.300 INFO [main] org.apache.catalina.startup.VersionLoggerListener.log Command line argument: -Djava.io.tmpdir=/Users/erictran/Downloads/CS157A/CS157A-S1-14/apache-tomcat-9.0.115/temp
WARNING: A restricted method in java.lang.System has been called
WARNING: java.lang.System::load has been called by org.apache.tomcat.jni.Library in an unnamed module (file:/Users/erictran/Downloads/CS157A/CS157A-S1-14/apache-tomcat-9.0.115/lib/tomcat-jni.jar)
WARNING: Use --enable-native-access=ALL-UNNAMED to avoid a warning for callers in this module
WARNING: Restricted methods will be blocked in a future release unless native access is enabled

14-Apr-2026 11:29:34.305 INFO [main] org.apache.catalina.core.AprLifecycleListener.lifecycleEvent The Apache Tomcat Native library which allows using OpenSSL was not found on the java.library.path: [/Users/erictran/Library/Java/Extensions:/Library/Java/Extensions:/Network/Library/Java/Extensions:/System/Library/Java/Extensions:/usr/lib/java:.]
14-Apr-2026 11:29:34.432 INFO [main] org.apache.coyote.AbstractProtocol.init Initializing ProtocolHandler ["http-nio-8080"]
14-Apr-2026 11:29:34.444 INFO [main] org.apache.catalina.startup.Catalina.load Server initialization in [224] milliseconds
14-Apr-2026 11:29:34.458 INFO [main] org.apache.catalina.core.StandardService.startInternal Starting service [Catalina]
14-Apr-2026 11:29:34.458 INFO [main] org.apache.catalina.core.StandardEngine.startInternal Starting Servlet engine: [Apache Tomcat/9.0.115]
14-Apr-2026 11:29:34.460 INFO [main] org.apache.catalina.startup.HostConfig.deployDirectory Deploying web application directory [/Users/erictran/Downloads/CS157A/CS157A-S1-14/apache-tomcat-9.0.115/webapps/docs]
14-Apr-2026 11:29:34.641 INFO [main] org.apache.jasper.servlet.TldScanner.scanJars At least one JAR was scanned for TLDs yet contained no TLDs. Enable debug logging for this logger for a complete list of JARs that were scanned but no TLDs were found in them. Skipping unneeded JARs during scanning can improve startup time and JSP compilation time.
14-Apr-2026 11:29:34.655 INFO [main] org.apache.catalina.startup.HostConfig.deployDirectory Deployment of web application directory [/Users/erictran/Downloads/CS157A/CS157A-S1-14/apache-tomcat-9.0.115/webapps/docs] has finished in [194] ms
14-Apr-2026 11:29:34.655 INFO [main] org.apache.catalina.startup.HostConfig.deployDirectory Deploying web application directory [/Users/erictran/Downloads/CS157A/CS157A-S1-14/apache-tomcat-9.0.115/webapps/TaskME]
14-Apr-2026 11:29:34.741 INFO [main] org.apache.jasper.servlet.TldScanner.scanJars At least one JAR was scanned for TLDs yet contained no TLDs. Enable debug logging for this logger for a complete list of JARs that were scanned but no TLDs were found in them. Skipping unneeded JARs during scanning can improve startup time and JSP compilation time.
14-Apr-2026 11:29:34.749 INFO [main] org.apache.catalina.startup.HostConfig.deployDirectory Deployment of web application directory [/Users/erictran/Downloads/CS157A/CS157A-S1-14/apache-tomcat-9.0.115/webapps/TaskME] has finished in [94] ms
14-Apr-2026 11:29:34.749 INFO [main] org.apache.catalina.startup.HostConfig.deployDirectory Deploying web application directory [/Users/erictran/Downloads/CS157A/CS157A-S1-14/apache-tomcat-9.0.115/webapps/manager]
14-Apr-2026 11:29:34.824 INFO [main] org.apache.jasper.servlet.TldScanner.scanJars At least one JAR was scanned for TLDs yet contained no TLDs. Enable debug logging for this logger for a complete list of JARs that were scanned but no TLDs were found in them. Skipping unneeded JARs during scanning can improve startup time and JSP compilation time.
14-Apr-2026 11:29:34.826 INFO [main] org.apache.catalina.startup.HostConfig.deployDirectory Deployment of web application directory [/Users/erictran/Downloads/CS157A/CS157A-S1-14/apache-tomcat-9.0.115/webapps/manager] has finished in [77] ms
14-Apr-2026 11:29:34.826 INFO [main] org.apache.catalina.startup.HostConfig.deployDirectory Deploying web application directory [/Users/erictran/Downloads/CS157A/CS157A-S1-14/apache-tomcat-9.0.115/webapps/examples]
14-Apr-2026 11:29:34.969 INFO [main] org.apache.jasper.servlet.TldScanner.scanJars At least one JAR was scanned for TLDs yet contained no TLDs. Enable debug logging for this logger for a complete list of JARs that were scanned but no TLDs were found in them. Skipping unneeded JARs during scanning can improve startup time and JSP compilation time.
14-Apr-2026 11:29:34.975 INFO [main] org.apache.catalina.startup.HostConfig.deployDirectory Deployment of web application directory [/Users/erictran/Downloads/CS157A/CS157A-S1-14/apache-tomcat-9.0.115/webapps/examples] has finished in [149] ms
14-Apr-2026 11:29:34.975 INFO [main] org.apache.catalina.startup.HostConfig.deployDirectory Deploying web application directory [/Users/erictran/Downloads/CS157A/CS157A-S1-14/apache-tomcat-9.0.115/webapps/ROOT]
14-Apr-2026 11:29:35.041 INFO [main] org.apache.jasper.servlet.TldScanner.scanJars At least one JAR was scanned for TLDs yet contained no TLDs. Enable debug logging for this logger for a complete list of JARs that were scanned but no TLDs were found in them. Skipping unneeded JARs during scanning can improve startup time and JSP compilation time.
14-Apr-2026 11:29:35.041 INFO [main] org.apache.catalina.startup.HostConfig.deployDirectory Deployment of web application directory [/Users/erictran/Downloads/CS157A/CS157A-S1-14/apache-tomcat-9.0.115/webapps/ROOT] has finished in [66] ms
14-Apr-2026 11:29:35.041 INFO [main] org.apache.catalina.startup.HostConfig.deployDirectory Deploying web application directory [/Users/erictran/Downloads/CS157A/CS157A-S1-14/apache-tomcat-9.0.115/webapps/host-manager]
14-Apr-2026 11:29:35.109 INFO [main] org.apache.jasper.servlet.TldScanner.scanJars At least one JAR was scanned for TLDs yet contained no TLDs. Enable debug logging for this logger for a complete list of JARs that were scanned but no TLDs were found in them. Skipping unneeded JARs during scanning can improve startup time and JSP compilation time.
14-Apr-2026 11:29:35.110 INFO [main] org.apache.catalina.startup.HostConfig.deployDirectory Deployment of web application directory [/Users/erictran/Downloads/CS157A/CS157A-S1-14/apache-tomcat-9.0.115/webapps/host-manager] has finished in [69] ms
14-Apr-2026 11:29:35.111 INFO [main] org.apache.coyote.AbstractProtocol.start Starting ProtocolHandler ["http-nio-8080"]
14-Apr-2026 11:29:35.116 INFO [main] org.apache.catalina.startup.Catalina.start Server startup in [671] milliseconds
14-Apr-2026 11:36:01.012 INFO [main] org.apache.catalina.core.StandardServer.await A valid shutdown command was received via the shutdown port. Stopping the Server instance.
14-Apr-2026 11:36:01.012 INFO [main] org.apache.coyote.AbstractProtocol.pause Pausing ProtocolHandler ["http-nio-8080"]
14-Apr-2026 11:36:02.014 INFO [main] org.apache.catalina.core.StandardService.stopInternal Stopping service [Catalina]
14-Apr-2026 11:36:02.030 INFO [main] org.apache.coyote.AbstractProtocol.stop Stopping ProtocolHandler ["http-nio-8080"]
14-Apr-2026 11:36:02.636 WARNING [main] org.apache.tomcat.util.net.Acceptor.stopMillis The acceptor thread [http-nio-8080-Acceptor] did not stop cleanly
14-Apr-2026 11:36:02.644 INFO [main] org.apache.coyote.AbstractProtocol.destroy Destroying ProtocolHandler ["http-nio-8080"]
NOTE: Picked up JDK_JAVA_OPTIONS:  --add-opens=java.base/java.lang=ALL-UNNAMED --add-opens=java.base/java.lang.invoke=ALL-UNNAMED --add-opens=java.base/java.lang.reflect=ALL-UNNAMED --add-opens=java.base/java.io=ALL-UNNAMED --add-opens=java.base/java.util=ALL-UNNAMED --add-opens=java.base/java.util.concurrent=ALL-UNNAMED --add-opens=java.rmi/sun.rmi.transport=ALL-UNNAMED
14-Apr-2026 11:36:06.750 INFO [main] org.apache.catalina.startup.VersionLoggerListener.log Server version name:   Apache Tomcat/9.0.115
14-Apr-2026 11:36:06.751 INFO [main] org.apache.catalina.startup.VersionLoggerListener.log Server built:          Jan 21 2026 08:17:26 UTC
14-Apr-2026 11:36:06.751 INFO [main] org.apache.catalina.startup.VersionLoggerListener.log Server version number: 9.0.115.0
14-Apr-2026 11:36:06.751 INFO [main] org.apache.catalina.startup.VersionLoggerListener.log OS Name:               Mac OS X
14-Apr-2026 11:36:06.751 INFO [main] org.apache.catalina.startup.VersionLoggerListener.log OS Version:            26.4.1
14-Apr-2026 11:36:06.751 INFO [main] org.apache.catalina.startup.VersionLoggerListener.log Architecture:          aarch64
14-Apr-2026 11:36:06.751 INFO [main] org.apache.catalina.startup.VersionLoggerListener.log Java Home:             /Library/Java/JavaVirtualMachines/jdk-25.jdk/Contents/Home
14-Apr-2026 11:36:06.751 INFO [main] org.apache.catalina.startup.VersionLoggerListener.log JVM Version:           25.0.2+10-LTS-69
14-Apr-2026 11:36:06.751 INFO [main] org.apache.catalina.startup.VersionLoggerListener.log JVM Vendor:            Oracle Corporation
14-Apr-2026 11:36:06.751 INFO [main] org.apache.catalina.startup.VersionLoggerListener.log CATALINA_BASE:         /Users/erictran/Downloads/CS157A/CS157A-S1-14/apache-tomcat-9.0.115
14-Apr-2026 11:36:06.752 INFO [main] org.apache.catalina.startup.VersionLoggerListener.log CATALINA_HOME:         /Users/erictran/Downloads/CS157A/CS157A-S1-14/apache-tomcat-9.0.115
14-Apr-2026 11:36:06.756 INFO [main] org.apache.catalina.startup.VersionLoggerListener.log Command line argument: --add-opens=java.base/java.lang=ALL-UNNAMED
14-Apr-2026 11:36:06.756 INFO [main] org.apache.catalina.startup.VersionLoggerListener.log Command line argument: --add-opens=java.base/java.lang.invoke=ALL-UNNAMED
14-Apr-2026 11:36:06.756 INFO [main] org.apache.catalina.startup.VersionLoggerListener.log Command line argument: --add-opens=java.base/java.lang.reflect=ALL-UNNAMED
14-Apr-2026 11:36:06.756 INFO [main] org.apache.catalina.startup.VersionLoggerListener.log Command line argument: --add-opens=java.base/java.io=ALL-UNNAMED
14-Apr-2026 11:36:06.756 INFO [main] org.apache.catalina.startup.VersionLoggerListener.log Command line argument: --add-opens=java.base/java.util=ALL-UNNAMED
14-Apr-2026 11:36:06.756 INFO [main] org.apache.catalina.startup.VersionLoggerListener.log Command line argument: --add-opens=java.base/java.util.concurrent=ALL-UNNAMED
14-Apr-2026 11:36:06.756 INFO [main] org.apache.catalina.startup.VersionLoggerListener.log Command line argument: --add-opens=java.rmi/sun.rmi.transport=ALL-UNNAMED
14-Apr-2026 11:36:06.756 INFO [main] org.apache.catalina.startup.VersionLoggerListener.log Command line argument: -Djava.util.logging.config.file=/Users/erictran/Downloads/CS157A/CS157A-S1-14/apache-tomcat-9.0.115/conf/logging.properties
14-Apr-2026 11:36:06.756 INFO [main] org.apache.catalina.startup.VersionLoggerListener.log Command line argument: -Djava.util.logging.manager=org.apache.juli.ClassLoaderLogManager
14-Apr-2026 11:36:06.756 INFO [main] org.apache.catalina.startup.VersionLoggerListener.log Command line argument: -Djdk.tls.ephemeralDHKeySize=2048
14-Apr-2026 11:36:06.756 INFO [main] org.apache.catalina.startup.VersionLoggerListener.log Command line argument: -Djava.protocol.handler.pkgs=org.apache.catalina.webresources
14-Apr-2026 11:36:06.756 INFO [main] org.apache.catalina.startup.VersionLoggerListener.log Command line argument: -Dsun.io.useCanonCaches=false
14-Apr-2026 11:36:06.756 INFO [main] org.apache.catalina.startup.VersionLoggerListener.log Command line argument: -Dorg.apache.catalina.security.SecurityListener.UMASK=0027
14-Apr-2026 11:36:06.756 INFO [main] org.apache.catalina.startup.VersionLoggerListener.log Command line argument: -Dignore.endorsed.dirs=
14-Apr-2026 11:36:06.756 INFO [main] org.apache.catalina.startup.VersionLoggerListener.log Command line argument: -Dcatalina.base=/Users/erictran/Downloads/CS157A/CS157A-S1-14/apache-tomcat-9.0.115
14-Apr-2026 11:36:06.757 INFO [main] org.apache.catalina.startup.VersionLoggerListener.log Command line argument: -Dcatalina.home=/Users/erictran/Downloads/CS157A/CS157A-S1-14/apache-tomcat-9.0.115
14-Apr-2026 11:36:06.757 INFO [main] org.apache.catalina.startup.VersionLoggerListener.log Command line argument: -Djava.io.tmpdir=/Users/erictran/Downloads/CS157A/CS157A-S1-14/apache-tomcat-9.0.115/temp
WARNING: A restricted method in java.lang.System has been called
WARNING: java.lang.System::load has been called by org.apache.tomcat.jni.Library in an unnamed module (file:/Users/erictran/Downloads/CS157A/CS157A-S1-14/apache-tomcat-9.0.115/lib/tomcat-jni.jar)
WARNING: Use --enable-native-access=ALL-UNNAMED to avoid a warning for callers in this module
WARNING: Restricted methods will be blocked in a future release unless native access is enabled

14-Apr-2026 11:36:06.762 INFO [main] org.apache.catalina.core.AprLifecycleListener.lifecycleEvent The Apache Tomcat Native library which allows using OpenSSL was not found on the java.library.path: [/Users/erictran/Library/Java/Extensions:/Library/Java/Extensions:/Network/Library/Java/Extensions:/System/Library/Java/Extensions:/usr/lib/java:.]
14-Apr-2026 11:36:06.887 INFO [main] org.apache.coyote.AbstractProtocol.init Initializing ProtocolHandler ["http-nio-8080"]
14-Apr-2026 11:36:06.897 INFO [main] org.apache.catalina.startup.Catalina.load Server initialization in [216] milliseconds
14-Apr-2026 11:36:06.910 INFO [main] org.apache.catalina.core.StandardService.startInternal Starting service [Catalina]
14-Apr-2026 11:36:06.910 INFO [main] org.apache.catalina.core.StandardEngine.startInternal Starting Servlet engine: [Apache Tomcat/9.0.115]
14-Apr-2026 11:36:06.912 INFO [main] org.apache.catalina.startup.HostConfig.deployDirectory Deploying web application directory [/Users/erictran/Downloads/CS157A/CS157A-S1-14/apache-tomcat-9.0.115/webapps/docs]
14-Apr-2026 11:36:07.093 INFO [main] org.apache.jasper.servlet.TldScanner.scanJars At least one JAR was scanned for TLDs yet contained no TLDs. Enable debug logging for this logger for a complete list of JARs that were scanned but no TLDs were found in them. Skipping unneeded JARs during scanning can improve startup time and JSP compilation time.
14-Apr-2026 11:36:07.106 INFO [main] org.apache.catalina.startup.HostConfig.deployDirectory Deployment of web application directory [/Users/erictran/Downloads/CS157A/CS157A-S1-14/apache-tomcat-9.0.115/webapps/docs] has finished in [192] ms
14-Apr-2026 11:36:07.106 INFO [main] org.apache.catalina.startup.HostConfig.deployDirectory Deploying web application directory [/Users/erictran/Downloads/CS157A/CS157A-S1-14/apache-tomcat-9.0.115/webapps/TaskME]
14-Apr-2026 11:36:07.190 INFO [main] org.apache.jasper.servlet.TldScanner.scanJars At least one JAR was scanned for TLDs yet contained no TLDs. Enable debug logging for this logger for a complete list of JARs that were scanned but no TLDs were found in them. Skipping unneeded JARs during scanning can improve startup time and JSP compilation time.
14-Apr-2026 11:36:07.196 INFO [main] org.apache.catalina.startup.HostConfig.deployDirectory Deployment of web application directory [/Users/erictran/Downloads/CS157A/CS157A-S1-14/apache-tomcat-9.0.115/webapps/TaskME] has finished in [90] ms
14-Apr-2026 11:36:07.196 INFO [main] org.apache.catalina.startup.HostConfig.deployDirectory Deploying web application directory [/Users/erictran/Downloads/CS157A/CS157A-S1-14/apache-tomcat-9.0.115/webapps/manager]
14-Apr-2026 11:36:07.270 INFO [main] org.apache.jasper.servlet.TldScanner.scanJars At least one JAR was scanned for TLDs yet contained no TLDs. Enable debug logging for this logger for a complete list of JARs that were scanned but no TLDs were found in them. Skipping unneeded JARs during scanning can improve startup time and JSP compilation time.
14-Apr-2026 11:36:07.272 INFO [main] org.apache.catalina.startup.HostConfig.deployDirectory Deployment of web application directory [/Users/erictran/Downloads/CS157A/CS157A-S1-14/apache-tomcat-9.0.115/webapps/manager] has finished in [76] ms
14-Apr-2026 11:36:07.273 INFO [main] org.apache.catalina.startup.HostConfig.deployDirectory Deploying web application directory [/Users/erictran/Downloads/CS157A/CS157A-S1-14/apache-tomcat-9.0.115/webapps/examples]
14-Apr-2026 11:36:07.401 INFO [main] org.apache.jasper.servlet.TldScanner.scanJars At least one JAR was scanned for TLDs yet contained no TLDs. Enable debug logging for this logger for a complete list of JARs that were scanned but no TLDs were found in them. Skipping unneeded JARs during scanning can improve startup time and JSP compilation time.
14-Apr-2026 11:36:07.408 INFO [main] org.apache.catalina.startup.HostConfig.deployDirectory Deployment of web application directory [/Users/erictran/Downloads/CS157A/CS157A-S1-14/apache-tomcat-9.0.115/webapps/examples] has finished in [135] ms
14-Apr-2026 11:36:07.408 INFO [main] org.apache.catalina.startup.HostConfig.deployDirectory Deploying web application directory [/Users/erictran/Downloads/CS157A/CS157A-S1-14/apache-tomcat-9.0.115/webapps/ROOT]
14-Apr-2026 11:36:07.474 INFO [main] org.apache.jasper.servlet.TldScanner.scanJars At least one JAR was scanned for TLDs yet contained no TLDs. Enable debug logging for this logger for a complete list of JARs that were scanned but no TLDs were found in them. Skipping unneeded JARs during scanning can improve startup time and JSP compilation time.
14-Apr-2026 11:36:07.474 INFO [main] org.apache.catalina.startup.HostConfig.deployDirectory Deployment of web application directory [/Users/erictran/Downloads/CS157A/CS157A-S1-14/apache-tomcat-9.0.115/webapps/ROOT] has finished in [66] ms
14-Apr-2026 11:36:07.474 INFO [main] org.apache.catalina.startup.HostConfig.deployDirectory Deploying web application directory [/Users/erictran/Downloads/CS157A/CS157A-S1-14/apache-tomcat-9.0.115/webapps/host-manager]
14-Apr-2026 11:36:07.541 INFO [main] org.apache.jasper.servlet.TldScanner.scanJars At least one JAR was scanned for TLDs yet contained no TLDs. Enable debug logging for this logger for a complete list of JARs that were scanned but no TLDs were found in them. Skipping unneeded JARs during scanning can improve startup time and JSP compilation time.
14-Apr-2026 11:36:07.542 INFO [main] org.apache.catalina.startup.HostConfig.deployDirectory Deployment of web application directory [/Users/erictran/Downloads/CS157A/CS157A-S1-14/apache-tomcat-9.0.115/webapps/host-manager] has finished in [68] ms
14-Apr-2026 11:36:07.544 INFO [main] org.apache.coyote.AbstractProtocol.start Starting ProtocolHandler ["http-nio-8080"]
14-Apr-2026 11:36:07.548 INFO [main] org.apache.catalina.startup.Catalina.start Server startup in [649] milliseconds
14-Apr-2026 11:41:56.782 INFO [main] org.apache.catalina.core.StandardServer.await A valid shutdown command was received via the shutdown port. Stopping the Server instance.
14-Apr-2026 11:41:56.783 INFO [main] org.apache.coyote.AbstractProtocol.pause Pausing ProtocolHandler ["http-nio-8080"]
14-Apr-2026 11:41:57.785 INFO [main] org.apache.catalina.core.StandardService.stopInternal Stopping service [Catalina]
14-Apr-2026 11:41:57.815 INFO [main] org.apache.coyote.AbstractProtocol.stop Stopping ProtocolHandler ["http-nio-8080"]
14-Apr-2026 11:41:58.421 WARNING [main] org.apache.tomcat.util.net.Acceptor.stopMillis The acceptor thread [http-nio-8080-Acceptor] did not stop cleanly
14-Apr-2026 11:41:58.426 INFO [main] org.apache.coyote.AbstractProtocol.destroy Destroying ProtocolHandler ["http-nio-8080"]
NOTE: Picked up JDK_JAVA_OPTIONS:  --add-opens=java.base/java.lang=ALL-UNNAMED --add-opens=java.base/java.lang.invoke=ALL-UNNAMED --add-opens=java.base/java.lang.reflect=ALL-UNNAMED --add-opens=java.base/java.io=ALL-UNNAMED --add-opens=java.base/java.util=ALL-UNNAMED --add-opens=java.base/java.util.concurrent=ALL-UNNAMED --add-opens=java.rmi/sun.rmi.transport=ALL-UNNAMED
14-Apr-2026 11:42:02.402 INFO [main] org.apache.catalina.startup.VersionLoggerListener.log Server version name:   Apache Tomcat/9.0.115
14-Apr-2026 11:42:02.403 INFO [main] org.apache.catalina.startup.VersionLoggerListener.log Server built:          Jan 21 2026 08:17:26 UTC
14-Apr-2026 11:42:02.404 INFO [main] org.apache.catalina.startup.VersionLoggerListener.log Server version number: 9.0.115.0
14-Apr-2026 11:42:02.404 INFO [main] org.apache.catalina.startup.VersionLoggerListener.log OS Name:               Mac OS X
14-Apr-2026 11:42:02.404 INFO [main] org.apache.catalina.startup.VersionLoggerListener.log OS Version:            26.4.1
14-Apr-2026 11:42:02.404 INFO [main] org.apache.catalina.startup.VersionLoggerListener.log Architecture:          aarch64
14-Apr-2026 11:42:02.404 INFO [main] org.apache.catalina.startup.VersionLoggerListener.log Java Home:             /Library/Java/JavaVirtualMachines/jdk-25.jdk/Contents/Home
14-Apr-2026 11:42:02.404 INFO [main] org.apache.catalina.startup.VersionLoggerListener.log JVM Version:           25.0.2+10-LTS-69
14-Apr-2026 11:42:02.404 INFO [main] org.apache.catalina.startup.VersionLoggerListener.log JVM Vendor:            Oracle Corporation
14-Apr-2026 11:42:02.404 INFO [main] org.apache.catalina.startup.VersionLoggerListener.log CATALINA_BASE:         /Users/erictran/Downloads/CS157A/CS157A-S1-14/apache-tomcat-9.0.115
14-Apr-2026 11:42:02.404 INFO [main] org.apache.catalina.startup.VersionLoggerListener.log CATALINA_HOME:         /Users/erictran/Downloads/CS157A/CS157A-S1-14/apache-tomcat-9.0.115
14-Apr-2026 11:42:02.408 INFO [main] org.apache.catalina.startup.VersionLoggerListener.log Command line argument: --add-opens=java.base/java.lang=ALL-UNNAMED
14-Apr-2026 11:42:02.408 INFO [main] org.apache.catalina.startup.VersionLoggerListener.log Command line argument: --add-opens=java.base/java.lang.invoke=ALL-UNNAMED
14-Apr-2026 11:42:02.408 INFO [main] org.apache.catalina.startup.VersionLoggerListener.log Command line argument: --add-opens=java.base/java.lang.reflect=ALL-UNNAMED
14-Apr-2026 11:42:02.408 INFO [main] org.apache.catalina.startup.VersionLoggerListener.log Command line argument: --add-opens=java.base/java.io=ALL-UNNAMED
14-Apr-2026 11:42:02.408 INFO [main] org.apache.catalina.startup.VersionLoggerListener.log Command line argument: --add-opens=java.base/java.util=ALL-UNNAMED
14-Apr-2026 11:42:02.408 INFO [main] org.apache.catalina.startup.VersionLoggerListener.log Command line argument: --add-opens=java.base/java.util.concurrent=ALL-UNNAMED
14-Apr-2026 11:42:02.408 INFO [main] org.apache.catalina.startup.VersionLoggerListener.log Command line argument: --add-opens=java.rmi/sun.rmi.transport=ALL-UNNAMED
14-Apr-2026 11:42:02.408 INFO [main] org.apache.catalina.startup.VersionLoggerListener.log Command line argument: -Djava.util.logging.config.file=/Users/erictran/Downloads/CS157A/CS157A-S1-14/apache-tomcat-9.0.115/conf/logging.properties
14-Apr-2026 11:42:02.409 INFO [main] org.apache.catalina.startup.VersionLoggerListener.log Command line argument: -Djava.util.logging.manager=org.apache.juli.ClassLoaderLogManager
14-Apr-2026 11:42:02.409 INFO [main] org.apache.catalina.startup.VersionLoggerListener.log Command line argument: -Djdk.tls.ephemeralDHKeySize=2048
14-Apr-2026 11:42:02.409 INFO [main] org.apache.catalina.startup.VersionLoggerListener.log Command line argument: -Djava.protocol.handler.pkgs=org.apache.catalina.webresources
14-Apr-2026 11:42:02.409 INFO [main] org.apache.catalina.startup.VersionLoggerListener.log Command line argument: -Dsun.io.useCanonCaches=false
14-Apr-2026 11:42:02.409 INFO [main] org.apache.catalina.startup.VersionLoggerListener.log Command line argument: -Dorg.apache.catalina.security.SecurityListener.UMASK=0027
14-Apr-2026 11:42:02.409 INFO [main] org.apache.catalina.startup.VersionLoggerListener.log Command line argument: -Dignore.endorsed.dirs=
14-Apr-2026 11:42:02.409 INFO [main] org.apache.catalina.startup.VersionLoggerListener.log Command line argument: -Dcatalina.base=/Users/erictran/Downloads/CS157A/CS157A-S1-14/apache-tomcat-9.0.115
14-Apr-2026 11:42:02.409 INFO [main] org.apache.catalina.startup.VersionLoggerListener.log Command line argument: -Dcatalina.home=/Users/erictran/Downloads/CS157A/CS157A-S1-14/apache-tomcat-9.0.115
14-Apr-2026 11:42:02.409 INFO [main] org.apache.catalina.startup.VersionLoggerListener.log Command line argument: -Djava.io.tmpdir=/Users/erictran/Downloads/CS157A/CS157A-S1-14/apache-tomcat-9.0.115/temp
WARNING: A restricted method in java.lang.System has been called
WARNING: java.lang.System::load has been called by org.apache.tomcat.jni.Library in an unnamed module (file:/Users/erictran/Downloads/CS157A/CS157A-S1-14/apache-tomcat-9.0.115/lib/tomcat-jni.jar)
WARNING: Use --enable-native-access=ALL-UNNAMED to avoid a warning for callers in this module
WARNING: Restricted methods will be blocked in a future release unless native access is enabled

14-Apr-2026 11:42:02.414 INFO [main] org.apache.catalina.core.AprLifecycleListener.lifecycleEvent The Apache Tomcat Native library which allows using OpenSSL was not found on the java.library.path: [/Users/erictran/Library/Java/Extensions:/Library/Java/Extensions:/Network/Library/Java/Extensions:/System/Library/Java/Extensions:/usr/lib/java:.]
14-Apr-2026 11:42:02.538 INFO [main] org.apache.coyote.AbstractProtocol.init Initializing ProtocolHandler ["http-nio-8080"]
14-Apr-2026 11:42:02.549 INFO [main] org.apache.catalina.startup.Catalina.load Server initialization in [213] milliseconds
14-Apr-2026 11:42:02.561 INFO [main] org.apache.catalina.core.StandardService.startInternal Starting service [Catalina]
14-Apr-2026 11:42:02.562 INFO [main] org.apache.catalina.core.StandardEngine.startInternal Starting Servlet engine: [Apache Tomcat/9.0.115]
14-Apr-2026 11:42:02.564 INFO [main] org.apache.catalina.startup.HostConfig.deployDirectory Deploying web application directory [/Users/erictran/Downloads/CS157A/CS157A-S1-14/apache-tomcat-9.0.115/webapps/docs]
14-Apr-2026 11:42:02.758 INFO [main] org.apache.jasper.servlet.TldScanner.scanJars At least one JAR was scanned for TLDs yet contained no TLDs. Enable debug logging for this logger for a complete list of JARs that were scanned but no TLDs were found in them. Skipping unneeded JARs during scanning can improve startup time and JSP compilation time.
14-Apr-2026 11:42:02.771 INFO [main] org.apache.catalina.startup.HostConfig.deployDirectory Deployment of web application directory [/Users/erictran/Downloads/CS157A/CS157A-S1-14/apache-tomcat-9.0.115/webapps/docs] has finished in [205] ms
14-Apr-2026 11:42:02.771 INFO [main] org.apache.catalina.startup.HostConfig.deployDirectory Deploying web application directory [/Users/erictran/Downloads/CS157A/CS157A-S1-14/apache-tomcat-9.0.115/webapps/TaskME]
14-Apr-2026 11:42:02.862 INFO [main] org.apache.jasper.servlet.TldScanner.scanJars At least one JAR was scanned for TLDs yet contained no TLDs. Enable debug logging for this logger for a complete list of JARs that were scanned but no TLDs were found in them. Skipping unneeded JARs during scanning can improve startup time and JSP compilation time.
14-Apr-2026 11:42:02.869 INFO [main] org.apache.catalina.startup.HostConfig.deployDirectory Deployment of web application directory [/Users/erictran/Downloads/CS157A/CS157A-S1-14/apache-tomcat-9.0.115/webapps/TaskME] has finished in [98] ms
14-Apr-2026 11:42:02.869 INFO [main] org.apache.catalina.startup.HostConfig.deployDirectory Deploying web application directory [/Users/erictran/Downloads/CS157A/CS157A-S1-14/apache-tomcat-9.0.115/webapps/manager]
14-Apr-2026 11:42:02.946 INFO [main] org.apache.jasper.servlet.TldScanner.scanJars At least one JAR was scanned for TLDs yet contained no TLDs. Enable debug logging for this logger for a complete list of JARs that were scanned but no TLDs were found in them. Skipping unneeded JARs during scanning can improve startup time and JSP compilation time.
14-Apr-2026 11:42:02.948 INFO [main] org.apache.catalina.startup.HostConfig.deployDirectory Deployment of web application directory [/Users/erictran/Downloads/CS157A/CS157A-S1-14/apache-tomcat-9.0.115/webapps/manager] has finished in [79] ms
14-Apr-2026 11:42:02.948 INFO [main] org.apache.catalina.startup.HostConfig.deployDirectory Deploying web application directory [/Users/erictran/Downloads/CS157A/CS157A-S1-14/apache-tomcat-9.0.115/webapps/examples]
14-Apr-2026 11:42:03.076 INFO [main] org.apache.jasper.servlet.TldScanner.scanJars At least one JAR was scanned for TLDs yet contained no TLDs. Enable debug logging for this logger for a complete list of JARs that were scanned but no TLDs were found in them. Skipping unneeded JARs during scanning can improve startup time and JSP compilation time.
14-Apr-2026 11:42:03.081 INFO [main] org.apache.catalina.startup.HostConfig.deployDirectory Deployment of web application directory [/Users/erictran/Downloads/CS157A/CS157A-S1-14/apache-tomcat-9.0.115/webapps/examples] has finished in [133] ms
14-Apr-2026 11:42:03.081 INFO [main] org.apache.catalina.startup.HostConfig.deployDirectory Deploying web application directory [/Users/erictran/Downloads/CS157A/CS157A-S1-14/apache-tomcat-9.0.115/webapps/ROOT]
14-Apr-2026 11:42:03.147 INFO [main] org.apache.jasper.servlet.TldScanner.scanJars At least one JAR was scanned for TLDs yet contained no TLDs. Enable debug logging for this logger for a complete list of JARs that were scanned but no TLDs were found in them. Skipping unneeded JARs during scanning can improve startup time and JSP compilation time.
14-Apr-2026 11:42:03.148 INFO [main] org.apache.catalina.startup.HostConfig.deployDirectory Deployment of web application directory [/Users/erictran/Downloads/CS157A/CS157A-S1-14/apache-tomcat-9.0.115/webapps/ROOT] has finished in [67] ms
14-Apr-2026 11:42:03.148 INFO [main] org.apache.catalina.startup.HostConfig.deployDirectory Deploying web application directory [/Users/erictran/Downloads/CS157A/CS157A-S1-14/apache-tomcat-9.0.115/webapps/host-manager]
14-Apr-2026 11:42:03.216 INFO [main] org.apache.jasper.servlet.TldScanner.scanJars At least one JAR was scanned for TLDs yet contained no TLDs. Enable debug logging for this logger for a complete list of JARs that were scanned but no TLDs were found in them. Skipping unneeded JARs during scanning can improve startup time and JSP compilation time.
14-Apr-2026 11:42:03.217 INFO [main] org.apache.catalina.startup.HostConfig.deployDirectory Deployment of web application directory [/Users/erictran/Downloads/CS157A/CS157A-S1-14/apache-tomcat-9.0.115/webapps/host-manager] has finished in [69] ms
14-Apr-2026 11:42:03.218 INFO [main] org.apache.coyote.AbstractProtocol.start Starting ProtocolHandler ["http-nio-8080"]
14-Apr-2026 11:42:03.222 INFO [main] org.apache.catalina.startup.Catalina.start Server startup in [672] milliseconds
14-Apr-2026 11:45:43.367 INFO [Catalina-utility-2] org.apache.catalina.startup.HostConfig.reload Reloading context [/TaskME]
14-Apr-2026 11:45:43.369 INFO [Catalina-utility-2] org.apache.catalina.core.StandardContext.reload Reloading Context with name [/TaskME] has started
14-Apr-2026 11:45:43.491 INFO [Catalina-utility-2] org.apache.jasper.servlet.TldScanner.scanJars At least one JAR was scanned for TLDs yet contained no TLDs. Enable debug logging for this logger for a complete list of JARs that were scanned but no TLDs were found in them. Skipping unneeded JARs during scanning can improve startup time and JSP compilation time.
14-Apr-2026 11:45:43.492 INFO [Catalina-utility-2] org.apache.catalina.core.StandardContext.reload Reloading Context with name [/TaskME] is completed
14-Apr-2026 11:46:26.809 INFO [main] org.apache.catalina.core.StandardServer.await A valid shutdown command was received via the shutdown port. Stopping the Server instance.
14-Apr-2026 11:46:26.810 INFO [main] org.apache.coyote.AbstractProtocol.pause Pausing ProtocolHandler ["http-nio-8080"]
14-Apr-2026 11:46:27.812 INFO [main] org.apache.catalina.core.StandardService.stopInternal Stopping service [Catalina]
14-Apr-2026 11:46:27.837 INFO [main] org.apache.coyote.AbstractProtocol.stop Stopping ProtocolHandler ["http-nio-8080"]
14-Apr-2026 11:46:28.443 WARNING [main] org.apache.tomcat.util.net.Acceptor.stopMillis The acceptor thread [http-nio-8080-Acceptor] did not stop cleanly
14-Apr-2026 11:46:28.450 INFO [main] org.apache.coyote.AbstractProtocol.destroy Destroying ProtocolHandler ["http-nio-8080"]
NOTE: Picked up JDK_JAVA_OPTIONS:  --add-opens=java.base/java.lang=ALL-UNNAMED --add-opens=java.base/java.lang.invoke=ALL-UNNAMED --add-opens=java.base/java.lang.reflect=ALL-UNNAMED --add-opens=java.base/java.io=ALL-UNNAMED --add-opens=java.base/java.util=ALL-UNNAMED --add-opens=java.base/java.util.concurrent=ALL-UNNAMED --add-opens=java.rmi/sun.rmi.transport=ALL-UNNAMED
14-Apr-2026 11:46:35.524 INFO [main] org.apache.catalina.startup.VersionLoggerListener.log Server version name:   Apache Tomcat/9.0.115
14-Apr-2026 11:46:35.526 INFO [main] org.apache.catalina.startup.VersionLoggerListener.log Server built:          Jan 21 2026 08:17:26 UTC
14-Apr-2026 11:46:35.526 INFO [main] org.apache.catalina.startup.VersionLoggerListener.log Server version number: 9.0.115.0
14-Apr-2026 11:46:35.526 INFO [main] org.apache.catalina.startup.VersionLoggerListener.log OS Name:               Mac OS X
14-Apr-2026 11:46:35.526 INFO [main] org.apache.catalina.startup.VersionLoggerListener.log OS Version:            26.4.1
14-Apr-2026 11:46:35.526 INFO [main] org.apache.catalina.startup.VersionLoggerListener.log Architecture:          aarch64
14-Apr-2026 11:46:35.526 INFO [main] org.apache.catalina.startup.VersionLoggerListener.log Java Home:             /Library/Java/JavaVirtualMachines/jdk-25.jdk/Contents/Home
14-Apr-2026 11:46:35.526 INFO [main] org.apache.catalina.startup.VersionLoggerListener.log JVM Version:           25.0.2+10-LTS-69
14-Apr-2026 11:46:35.526 INFO [main] org.apache.catalina.startup.VersionLoggerListener.log JVM Vendor:            Oracle Corporation
14-Apr-2026 11:46:35.526 INFO [main] org.apache.catalina.startup.VersionLoggerListener.log CATALINA_BASE:         /Users/erictran/Downloads/CS157A/CS157A-S1-14/apache-tomcat-9.0.115
14-Apr-2026 11:46:35.526 INFO [main] org.apache.catalina.startup.VersionLoggerListener.log CATALINA_HOME:         /Users/erictran/Downloads/CS157A/CS157A-S1-14/apache-tomcat-9.0.115
14-Apr-2026 11:46:35.530 INFO [main] org.apache.catalina.startup.VersionLoggerListener.log Command line argument: --add-opens=java.base/java.lang=ALL-UNNAMED
14-Apr-2026 11:46:35.530 INFO [main] org.apache.catalina.startup.VersionLoggerListener.log Command line argument: --add-opens=java.base/java.lang.invoke=ALL-UNNAMED
14-Apr-2026 11:46:35.530 INFO [main] org.apache.catalina.startup.VersionLoggerListener.log Command line argument: --add-opens=java.base/java.lang.reflect=ALL-UNNAMED
14-Apr-2026 11:46:35.530 INFO [main] org.apache.catalina.startup.VersionLoggerListener.log Command line argument: --add-opens=java.base/java.io=ALL-UNNAMED
14-Apr-2026 11:46:35.530 INFO [main] org.apache.catalina.startup.VersionLoggerListener.log Command line argument: --add-opens=java.base/java.util=ALL-UNNAMED
14-Apr-2026 11:46:35.530 INFO [main] org.apache.catalina.startup.VersionLoggerListener.log Command line argument: --add-opens=java.base/java.util.concurrent=ALL-UNNAMED
14-Apr-2026 11:46:35.530 INFO [main] org.apache.catalina.startup.VersionLoggerListener.log Command line argument: --add-opens=java.rmi/sun.rmi.transport=ALL-UNNAMED
14-Apr-2026 11:46:35.530 INFO [main] org.apache.catalina.startup.VersionLoggerListener.log Command line argument: -Djava.util.logging.config.file=/Users/erictran/Downloads/CS157A/CS157A-S1-14/apache-tomcat-9.0.115/conf/logging.properties
14-Apr-2026 11:46:35.530 INFO [main] org.apache.catalina.startup.VersionLoggerListener.log Command line argument: -Djava.util.logging.manager=org.apache.juli.ClassLoaderLogManager
14-Apr-2026 11:46:35.530 INFO [main] org.apache.catalina.startup.VersionLoggerListener.log Command line argument: -Djdk.tls.ephemeralDHKeySize=2048
14-Apr-2026 11:46:35.530 INFO [main] org.apache.catalina.startup.VersionLoggerListener.log Command line argument: -Djava.protocol.handler.pkgs=org.apache.catalina.webresources
14-Apr-2026 11:46:35.530 INFO [main] org.apache.catalina.startup.VersionLoggerListener.log Command line argument: -Dsun.io.useCanonCaches=false
14-Apr-2026 11:46:35.530 INFO [main] org.apache.catalina.startup.VersionLoggerListener.log Command line argument: -Dorg.apache.catalina.security.SecurityListener.UMASK=0027
14-Apr-2026 11:46:35.531 INFO [main] org.apache.catalina.startup.VersionLoggerListener.log Command line argument: -Dignore.endorsed.dirs=
14-Apr-2026 11:46:35.531 INFO [main] org.apache.catalina.startup.VersionLoggerListener.log Command line argument: -Dcatalina.base=/Users/erictran/Downloads/CS157A/CS157A-S1-14/apache-tomcat-9.0.115
14-Apr-2026 11:46:35.531 INFO [main] org.apache.catalina.startup.VersionLoggerListener.log Command line argument: -Dcatalina.home=/Users/erictran/Downloads/CS157A/CS157A-S1-14/apache-tomcat-9.0.115
14-Apr-2026 11:46:35.531 INFO [main] org.apache.catalina.startup.VersionLoggerListener.log Command line argument: -Djava.io.tmpdir=/Users/erictran/Downloads/CS157A/CS157A-S1-14/apache-tomcat-9.0.115/temp
WARNING: A restricted method in java.lang.System has been called
WARNING: java.lang.System::load has been called by org.apache.tomcat.jni.Library in an unnamed module (file:/Users/erictran/Downloads/CS157A/CS157A-S1-14/apache-tomcat-9.0.115/lib/tomcat-jni.jar)
WARNING: Use --enable-native-access=ALL-UNNAMED to avoid a warning for callers in this module
WARNING: Restricted methods will be blocked in a future release unless native access is enabled

14-Apr-2026 11:46:35.536 INFO [main] org.apache.catalina.core.AprLifecycleListener.lifecycleEvent The Apache Tomcat Native library which allows using OpenSSL was not found on the java.library.path: [/Users/erictran/Library/Java/Extensions:/Library/Java/Extensions:/Network/Library/Java/Extensions:/System/Library/Java/Extensions:/usr/lib/java:.]
14-Apr-2026 11:46:35.666 INFO [main] org.apache.coyote.AbstractProtocol.init Initializing ProtocolHandler ["http-nio-8080"]
14-Apr-2026 11:46:35.678 INFO [main] org.apache.catalina.startup.Catalina.load Server initialization in [221] milliseconds
14-Apr-2026 11:46:35.692 INFO [main] org.apache.catalina.core.StandardService.startInternal Starting service [Catalina]
14-Apr-2026 11:46:35.692 INFO [main] org.apache.catalina.core.StandardEngine.startInternal Starting Servlet engine: [Apache Tomcat/9.0.115]
14-Apr-2026 11:46:35.695 INFO [main] org.apache.catalina.startup.HostConfig.deployDirectory Deploying web application directory [/Users/erictran/Downloads/CS157A/CS157A-S1-14/apache-tomcat-9.0.115/webapps/docs]
14-Apr-2026 11:46:35.882 INFO [main] org.apache.jasper.servlet.TldScanner.scanJars At least one JAR was scanned for TLDs yet contained no TLDs. Enable debug logging for this logger for a complete list of JARs that were scanned but no TLDs were found in them. Skipping unneeded JARs during scanning can improve startup time and JSP compilation time.
14-Apr-2026 11:46:35.895 INFO [main] org.apache.catalina.startup.HostConfig.deployDirectory Deployment of web application directory [/Users/erictran/Downloads/CS157A/CS157A-S1-14/apache-tomcat-9.0.115/webapps/docs] has finished in [199] ms
14-Apr-2026 11:46:35.895 INFO [main] org.apache.catalina.startup.HostConfig.deployDirectory Deploying web application directory [/Users/erictran/Downloads/CS157A/CS157A-S1-14/apache-tomcat-9.0.115/webapps/TaskME]
14-Apr-2026 11:46:35.985 INFO [main] org.apache.jasper.servlet.TldScanner.scanJars At least one JAR was scanned for TLDs yet contained no TLDs. Enable debug logging for this logger for a complete list of JARs that were scanned but no TLDs were found in them. Skipping unneeded JARs during scanning can improve startup time and JSP compilation time.
14-Apr-2026 11:46:35.991 INFO [main] org.apache.catalina.startup.HostConfig.deployDirectory Deployment of web application directory [/Users/erictran/Downloads/CS157A/CS157A-S1-14/apache-tomcat-9.0.115/webapps/TaskME] has finished in [96] ms
14-Apr-2026 11:46:35.991 INFO [main] org.apache.catalina.startup.HostConfig.deployDirectory Deploying web application directory [/Users/erictran/Downloads/CS157A/CS157A-S1-14/apache-tomcat-9.0.115/webapps/manager]
14-Apr-2026 11:46:36.069 INFO [main] org.apache.jasper.servlet.TldScanner.scanJars At least one JAR was scanned for TLDs yet contained no TLDs. Enable debug logging for this logger for a complete list of JARs that were scanned but no TLDs were found in them. Skipping unneeded JARs during scanning can improve startup time and JSP compilation time.
14-Apr-2026 11:46:36.071 INFO [main] org.apache.catalina.startup.HostConfig.deployDirectory Deployment of web application directory [/Users/erictran/Downloads/CS157A/CS157A-S1-14/apache-tomcat-9.0.115/webapps/manager] has finished in [80] ms
14-Apr-2026 11:46:36.072 INFO [main] org.apache.catalina.startup.HostConfig.deployDirectory Deploying web application directory [/Users/erictran/Downloads/CS157A/CS157A-S1-14/apache-tomcat-9.0.115/webapps/examples]
14-Apr-2026 11:46:36.200 INFO [main] org.apache.jasper.servlet.TldScanner.scanJars At least one JAR was scanned for TLDs yet contained no TLDs. Enable debug logging for this logger for a complete list of JARs that were scanned but no TLDs were found in them. Skipping unneeded JARs during scanning can improve startup time and JSP compilation time.
14-Apr-2026 11:46:36.207 INFO [main] org.apache.catalina.startup.HostConfig.deployDirectory Deployment of web application directory [/Users/erictran/Downloads/CS157A/CS157A-S1-14/apache-tomcat-9.0.115/webapps/examples] has finished in [135] ms
14-Apr-2026 11:46:36.207 INFO [main] org.apache.catalina.startup.HostConfig.deployDirectory Deploying web application directory [/Users/erictran/Downloads/CS157A/CS157A-S1-14/apache-tomcat-9.0.115/webapps/ROOT]
14-Apr-2026 11:46:36.273 INFO [main] org.apache.jasper.servlet.TldScanner.scanJars At least one JAR was scanned for TLDs yet contained no TLDs. Enable debug logging for this logger for a complete list of JARs that were scanned but no TLDs were found in them. Skipping unneeded JARs during scanning can improve startup time and JSP compilation time.
14-Apr-2026 11:46:36.274 INFO [main] org.apache.catalina.startup.HostConfig.deployDirectory Deployment of web application directory [/Users/erictran/Downloads/CS157A/CS157A-S1-14/apache-tomcat-9.0.115/webapps/ROOT] has finished in [67] ms
14-Apr-2026 11:46:36.274 INFO [main] org.apache.catalina.startup.HostConfig.deployDirectory Deploying web application directory [/Users/erictran/Downloads/CS157A/CS157A-S1-14/apache-tomcat-9.0.115/webapps/host-manager]
14-Apr-2026 11:46:36.343 INFO [main] org.apache.jasper.servlet.TldScanner.scanJars At least one JAR was scanned for TLDs yet contained no TLDs. Enable debug logging for this logger for a complete list of JARs that were scanned but no TLDs were found in them. Skipping unneeded JARs during scanning can improve startup time and JSP compilation time.
14-Apr-2026 11:46:36.344 INFO [main] org.apache.catalina.startup.HostConfig.deployDirectory Deployment of web application directory [/Users/erictran/Downloads/CS157A/CS157A-S1-14/apache-tomcat-9.0.115/webapps/host-manager] has finished in [70] ms
14-Apr-2026 11:46:36.345 INFO [main] org.apache.coyote.AbstractProtocol.start Starting ProtocolHandler ["http-nio-8080"]
14-Apr-2026 11:46:36.349 INFO [main] org.apache.catalina.startup.Catalina.start Server startup in [669] milliseconds
org.apache.jasper.JasperException: org.apache.jasper.JasperException: Unable to compile class for JSP: 

An error occurred at line: [499] in the jsp file: [/Project.jsp]
Duplicate local variable currentUserId
496:         <%-- Members list --%>
497:         <%
498:           List<?> members = (List<?>) request.getAttribute("members");
499:           Integer currentUserId = (Integer) request.getAttribute("currentUserId");
500:           if (members != null && !members.isEmpty()) {
501:         %>
502:         <div class="members-section">


Stacktrace:
	at org.apache.jasper.servlet.JspServletWrapper.handleJspException(JspServletWrapper.java:561)
	at org.apache.jasper.servlet.JspServletWrapper.service(JspServletWrapper.java:397)
	at org.apache.jasper.servlet.JspServlet.serviceJspFile(JspServlet.java:349)
	at org.apache.jasper.servlet.JspServlet.service(JspServlet.java:300)
	at javax.servlet.http.HttpServlet.service(HttpServlet.java:623)
	at org.apache.catalina.core.ApplicationFilterChain.internalDoFilter(ApplicationFilterChain.java:197)
	at org.apache.catalina.core.ApplicationFilterChain.doFilter(ApplicationFilterChain.java:142)
	at org.apache.tomcat.websocket.server.WsFilter.doFilter(WsFilter.java:51)
	at org.apache.catalina.core.ApplicationFilterChain.internalDoFilter(ApplicationFilterChain.java:166)
	at org.apache.catalina.core.ApplicationFilterChain.doFilter(ApplicationFilterChain.java:142)
	at org.apache.catalina.core.ApplicationDispatcher.invoke(ApplicationDispatcher.java:619)
	at org.apache.catalina.core.ApplicationDispatcher.processRequest(ApplicationDispatcher.java:399)
	at org.apache.catalina.core.ApplicationDispatcher.doForward(ApplicationDispatcher.java:338)
	at org.apache.catalina.core.ApplicationDispatcher.forward(ApplicationDispatcher.java:283)
	at ProjectServlet.doGet(ProjectServlet.java:151)
	at javax.servlet.http.HttpServlet.service(HttpServlet.java:529)
	at javax.servlet.http.HttpServlet.service(HttpServlet.java:623)
	at org.apache.catalina.core.ApplicationFilterChain.internalDoFilter(ApplicationFilterChain.java:197)
	at org.apache.catalina.core.ApplicationFilterChain.doFilter(ApplicationFilterChain.java:142)
	at org.apache.tomcat.websocket.server.WsFilter.doFilter(WsFilter.java:51)
	at org.apache.catalina.core.ApplicationFilterChain.internalDoFilter(ApplicationFilterChain.java:166)
	at org.apache.catalina.core.ApplicationFilterChain.doFilter(ApplicationFilterChain.java:142)
	at org.apache.catalina.core.StandardWrapperValve.invoke(StandardWrapperValve.java:166)
	at org.apache.catalina.core.StandardContextValve.invoke(StandardContextValve.java:88)
	at org.apache.catalina.authenticator.AuthenticatorBase.invoke(AuthenticatorBase.java:491)
	at org.apache.catalina.core.StandardHostValve.invoke(StandardHostValve.java:127)
	at org.apache.catalina.valves.ErrorReportValve.invoke(ErrorReportValve.java:83)
	at org.apache.catalina.valves.AbstractAccessLogValve.invoke(AbstractAccessLogValve.java:643)
	at org.apache.catalina.core.StandardEngineValve.invoke(StandardEngineValve.java:72)
	at org.apache.catalina.connector.CoyoteAdapter.service(CoyoteAdapter.java:344)
	at org.apache.coyote.http11.Http11Processor.service(Http11Processor.java:398)
	at org.apache.coyote.AbstractProcessorLight.process(AbstractProcessorLight.java:63)
	at org.apache.coyote.AbstractProtocol$ConnectionHandler.process(AbstractProtocol.java:939)
	at org.apache.tomcat.util.net.NioEndpoint$SocketProcessor.doRun(NioEndpoint.java:1832)
	at org.apache.tomcat.util.net.SocketProcessorBase.run(SocketProcessorBase.java:52)
	at org.apache.tomcat.util.threads.ThreadPoolExecutor.runWorker(ThreadPoolExecutor.java:973)
	at org.apache.tomcat.util.threads.ThreadPoolExecutor$Worker.run(ThreadPoolExecutor.java:491)
	at org.apache.tomcat.util.threads.TaskThread$WrappingRunnable.run(TaskThread.java:63)
	at java.base/java.lang.Thread.run(Thread.java:1474)
Caused by: org.apache.jasper.JasperException: Unable to compile class for JSP: 

An error occurred at line: [499] in the jsp file: [/Project.jsp]
Duplicate local variable currentUserId
496:         <%-- Members list --%>
497:         <%
498:           List<?> members = (List<?>) request.getAttribute("members");
499:           Integer currentUserId = (Integer) request.getAttribute("currentUserId");
500:           if (members != null && !members.isEmpty()) {
501:         %>
502:         <div class="members-section">


Stacktrace:
	at org.apache.jasper.compiler.DefaultErrorHandler.javacError(DefaultErrorHandler.java:70)
	at org.apache.jasper.compiler.ErrorDispatcher.javacError(ErrorDispatcher.java:189)
	at org.apache.jasper.compiler.JDTCompiler.generateClass(JDTCompiler.java:571)
	at org.apache.jasper.compiler.Compiler.compile(Compiler.java:365)
	at org.apache.jasper.compiler.Compiler.compile(Compiler.java:337)
	at org.apache.jasper.compiler.Compiler.compile(Compiler.java:323)
	at org.apache.jasper.JspCompilationContext.compile(JspCompilationContext.java:585)
	at org.apache.jasper.servlet.JspServletWrapper.service(JspServletWrapper.java:371)
	... 37 more
org.apache.jasper.JasperException: org.apache.jasper.JasperException: Unable to compile class for JSP: 

An error occurred at line: [499] in the jsp file: [/Project.jsp]
Duplicate local variable currentUserId
496:         <%-- Members list --%>
497:         <%
498:           List<?> members = (List<?>) request.getAttribute("members");
499:           Integer currentUserId = (Integer) request.getAttribute("currentUserId");
500:           if (members != null && !members.isEmpty()) {
501:         %>
502:         <div class="members-section">


Stacktrace:
	at org.apache.jasper.servlet.JspServletWrapper.handleJspException(JspServletWrapper.java:561)
	at org.apache.jasper.servlet.JspServletWrapper.service(JspServletWrapper.java:397)
	at org.apache.jasper.servlet.JspServlet.serviceJspFile(JspServlet.java:349)
	at org.apache.jasper.servlet.JspServlet.service(JspServlet.java:300)
	at javax.servlet.http.HttpServlet.service(HttpServlet.java:623)
	at org.apache.catalina.core.ApplicationFilterChain.internalDoFilter(ApplicationFilterChain.java:197)
	at org.apache.catalina.core.ApplicationFilterChain.doFilter(ApplicationFilterChain.java:142)
	at org.apache.tomcat.websocket.server.WsFilter.doFilter(WsFilter.java:51)
	at org.apache.catalina.core.ApplicationFilterChain.internalDoFilter(ApplicationFilterChain.java:166)
	at org.apache.catalina.core.ApplicationFilterChain.doFilter(ApplicationFilterChain.java:142)
	at org.apache.catalina.core.ApplicationDispatcher.invoke(ApplicationDispatcher.java:619)
	at org.apache.catalina.core.ApplicationDispatcher.processRequest(ApplicationDispatcher.java:399)
	at org.apache.catalina.core.ApplicationDispatcher.doForward(ApplicationDispatcher.java:338)
	at org.apache.catalina.core.ApplicationDispatcher.forward(ApplicationDispatcher.java:283)
	at ProjectServlet.doGet(ProjectServlet.java:151)
	at javax.servlet.http.HttpServlet.service(HttpServlet.java:529)
	at javax.servlet.http.HttpServlet.service(HttpServlet.java:623)
	at org.apache.catalina.core.ApplicationFilterChain.internalDoFilter(ApplicationFilterChain.java:197)
	at org.apache.catalina.core.ApplicationFilterChain.doFilter(ApplicationFilterChain.java:142)
	at org.apache.tomcat.websocket.server.WsFilter.doFilter(WsFilter.java:51)
	at org.apache.catalina.core.ApplicationFilterChain.internalDoFilter(ApplicationFilterChain.java:166)
	at org.apache.catalina.core.ApplicationFilterChain.doFilter(ApplicationFilterChain.java:142)
	at org.apache.catalina.core.StandardWrapperValve.invoke(StandardWrapperValve.java:166)
	at org.apache.catalina.core.StandardContextValve.invoke(StandardContextValve.java:88)
	at org.apache.catalina.authenticator.AuthenticatorBase.invoke(AuthenticatorBase.java:491)
	at org.apache.catalina.core.StandardHostValve.invoke(StandardHostValve.java:127)
	at org.apache.catalina.valves.ErrorReportValve.invoke(ErrorReportValve.java:83)
	at org.apache.catalina.valves.AbstractAccessLogValve.invoke(AbstractAccessLogValve.java:643)
	at org.apache.catalina.core.StandardEngineValve.invoke(StandardEngineValve.java:72)
	at org.apache.catalina.connector.CoyoteAdapter.service(CoyoteAdapter.java:344)
	at org.apache.coyote.http11.Http11Processor.service(Http11Processor.java:398)
	at org.apache.coyote.AbstractProcessorLight.process(AbstractProcessorLight.java:63)
	at org.apache.coyote.AbstractProtocol$ConnectionHandler.process(AbstractProtocol.java:939)
	at org.apache.tomcat.util.net.NioEndpoint$SocketProcessor.doRun(NioEndpoint.java:1832)
	at org.apache.tomcat.util.net.SocketProcessorBase.run(SocketProcessorBase.java:52)
	at org.apache.tomcat.util.threads.ThreadPoolExecutor.runWorker(ThreadPoolExecutor.java:973)
	at org.apache.tomcat.util.threads.ThreadPoolExecutor$Worker.run(ThreadPoolExecutor.java:491)
	at org.apache.tomcat.util.threads.TaskThread$WrappingRunnable.run(TaskThread.java:63)
	at java.base/java.lang.Thread.run(Thread.java:1474)
Caused by: org.apache.jasper.JasperException: Unable to compile class for JSP: 

An error occurred at line: [499] in the jsp file: [/Project.jsp]
Duplicate local variable currentUserId
496:         <%-- Members list --%>
497:         <%
498:           List<?> members = (List<?>) request.getAttribute("members");
499:           Integer currentUserId = (Integer) request.getAttribute("currentUserId");
500:           if (members != null && !members.isEmpty()) {
501:         %>
502:         <div class="members-section">


Stacktrace:
	at org.apache.jasper.compiler.DefaultErrorHandler.javacError(DefaultErrorHandler.java:70)
	at org.apache.jasper.compiler.ErrorDispatcher.javacError(ErrorDispatcher.java:189)
	at org.apache.jasper.compiler.JDTCompiler.generateClass(JDTCompiler.java:571)
	at org.apache.jasper.compiler.Compiler.compile(Compiler.java:365)
	at org.apache.jasper.compiler.Compiler.compile(Compiler.java:337)
	at org.apache.jasper.compiler.Compiler.compile(Compiler.java:323)
	at org.apache.jasper.JspCompilationContext.compile(JspCompilationContext.java:585)
	at org.apache.jasper.servlet.JspServletWrapper.service(JspServletWrapper.java:371)
	... 37 more
14-Apr-2026 11:47:03.421 INFO [main] org.apache.catalina.core.StandardServer.await A valid shutdown command was received via the shutdown port. Stopping the Server instance.
14-Apr-2026 11:47:03.421 INFO [main] org.apache.coyote.AbstractProtocol.pause Pausing ProtocolHandler ["http-nio-8080"]
14-Apr-2026 11:47:04.423 INFO [main] org.apache.catalina.core.StandardService.stopInternal Stopping service [Catalina]
14-Apr-2026 11:47:04.458 INFO [main] org.apache.coyote.AbstractProtocol.stop Stopping ProtocolHandler ["http-nio-8080"]
14-Apr-2026 11:47:05.063 WARNING [main] org.apache.tomcat.util.net.Acceptor.stopMillis The acceptor thread [http-nio-8080-Acceptor] did not stop cleanly
14-Apr-2026 11:47:05.071 INFO [main] org.apache.coyote.AbstractProtocol.destroy Destroying ProtocolHandler ["http-nio-8080"]
NOTE: Picked up JDK_JAVA_OPTIONS:  --add-opens=java.base/java.lang=ALL-UNNAMED --add-opens=java.base/java.lang.invoke=ALL-UNNAMED --add-opens=java.base/java.lang.reflect=ALL-UNNAMED --add-opens=java.base/java.io=ALL-UNNAMED --add-opens=java.base/java.util=ALL-UNNAMED --add-opens=java.base/java.util.concurrent=ALL-UNNAMED --add-opens=java.rmi/sun.rmi.transport=ALL-UNNAMED
14-Apr-2026 11:47:10.439 INFO [main] org.apache.catalina.startup.VersionLoggerListener.log Server version name:   Apache Tomcat/9.0.115
14-Apr-2026 11:47:10.440 INFO [main] org.apache.catalina.startup.VersionLoggerListener.log Server built:          Jan 21 2026 08:17:26 UTC
14-Apr-2026 11:47:10.441 INFO [main] org.apache.catalina.startup.VersionLoggerListener.log Server version number: 9.0.115.0
14-Apr-2026 11:47:10.441 INFO [main] org.apache.catalina.startup.VersionLoggerListener.log OS Name:               Mac OS X
14-Apr-2026 11:47:10.441 INFO [main] org.apache.catalina.startup.VersionLoggerListener.log OS Version:            26.4.1
14-Apr-2026 11:47:10.441 INFO [main] org.apache.catalina.startup.VersionLoggerListener.log Architecture:          aarch64
14-Apr-2026 11:47:10.441 INFO [main] org.apache.catalina.startup.VersionLoggerListener.log Java Home:             /Library/Java/JavaVirtualMachines/jdk-25.jdk/Contents/Home
14-Apr-2026 11:47:10.441 INFO [main] org.apache.catalina.startup.VersionLoggerListener.log JVM Version:           25.0.2+10-LTS-69
14-Apr-2026 11:47:10.441 INFO [main] org.apache.catalina.startup.VersionLoggerListener.log JVM Vendor:            Oracle Corporation
14-Apr-2026 11:47:10.441 INFO [main] org.apache.catalina.startup.VersionLoggerListener.log CATALINA_BASE:         /Users/erictran/Downloads/CS157A/CS157A-S1-14/apache-tomcat-9.0.115
14-Apr-2026 11:47:10.441 INFO [main] org.apache.catalina.startup.VersionLoggerListener.log CATALINA_HOME:         /Users/erictran/Downloads/CS157A/CS157A-S1-14/apache-tomcat-9.0.115
14-Apr-2026 11:47:10.445 INFO [main] org.apache.catalina.startup.VersionLoggerListener.log Command line argument: --add-opens=java.base/java.lang=ALL-UNNAMED
14-Apr-2026 11:47:10.445 INFO [main] org.apache.catalina.startup.VersionLoggerListener.log Command line argument: --add-opens=java.base/java.lang.invoke=ALL-UNNAMED
14-Apr-2026 11:47:10.445 INFO [main] org.apache.catalina.startup.VersionLoggerListener.log Command line argument: --add-opens=java.base/java.lang.reflect=ALL-UNNAMED
14-Apr-2026 11:47:10.445 INFO [main] org.apache.catalina.startup.VersionLoggerListener.log Command line argument: --add-opens=java.base/java.io=ALL-UNNAMED
14-Apr-2026 11:47:10.445 INFO [main] org.apache.catalina.startup.VersionLoggerListener.log Command line argument: --add-opens=java.base/java.util=ALL-UNNAMED
14-Apr-2026 11:47:10.445 INFO [main] org.apache.catalina.startup.VersionLoggerListener.log Command line argument: --add-opens=java.base/java.util.concurrent=ALL-UNNAMED
14-Apr-2026 11:47:10.445 INFO [main] org.apache.catalina.startup.VersionLoggerListener.log Command line argument: --add-opens=java.rmi/sun.rmi.transport=ALL-UNNAMED
14-Apr-2026 11:47:10.445 INFO [main] org.apache.catalina.startup.VersionLoggerListener.log Command line argument: -Djava.util.logging.config.file=/Users/erictran/Downloads/CS157A/CS157A-S1-14/apache-tomcat-9.0.115/conf/logging.properties
14-Apr-2026 11:47:10.446 INFO [main] org.apache.catalina.startup.VersionLoggerListener.log Command line argument: -Djava.util.logging.manager=org.apache.juli.ClassLoaderLogManager
14-Apr-2026 11:47:10.446 INFO [main] org.apache.catalina.startup.VersionLoggerListener.log Command line argument: -Djdk.tls.ephemeralDHKeySize=2048
14-Apr-2026 11:47:10.446 INFO [main] org.apache.catalina.startup.VersionLoggerListener.log Command line argument: -Djava.protocol.handler.pkgs=org.apache.catalina.webresources
14-Apr-2026 11:47:10.446 INFO [main] org.apache.catalina.startup.VersionLoggerListener.log Command line argument: -Dsun.io.useCanonCaches=false
14-Apr-2026 11:47:10.446 INFO [main] org.apache.catalina.startup.VersionLoggerListener.log Command line argument: -Dorg.apache.catalina.security.SecurityListener.UMASK=0027
14-Apr-2026 11:47:10.446 INFO [main] org.apache.catalina.startup.VersionLoggerListener.log Command line argument: -Dignore.endorsed.dirs=
14-Apr-2026 11:47:10.446 INFO [main] org.apache.catalina.startup.VersionLoggerListener.log Command line argument: -Dcatalina.base=/Users/erictran/Downloads/CS157A/CS157A-S1-14/apache-tomcat-9.0.115
14-Apr-2026 11:47:10.446 INFO [main] org.apache.catalina.startup.VersionLoggerListener.log Command line argument: -Dcatalina.home=/Users/erictran/Downloads/CS157A/CS157A-S1-14/apache-tomcat-9.0.115
14-Apr-2026 11:47:10.446 INFO [main] org.apache.catalina.startup.VersionLoggerListener.log Command line argument: -Djava.io.tmpdir=/Users/erictran/Downloads/CS157A/CS157A-S1-14/apache-tomcat-9.0.115/temp
WARNING: A restricted method in java.lang.System has been called
WARNING: java.lang.System::load has been called by org.apache.tomcat.jni.Library in an unnamed module (file:/Users/erictran/Downloads/CS157A/CS157A-S1-14/apache-tomcat-9.0.115/lib/tomcat-jni.jar)
WARNING: Use --enable-native-access=ALL-UNNAMED to avoid a warning for callers in this module
WARNING: Restricted methods will be blocked in a future release unless native access is enabled

14-Apr-2026 11:47:10.451 INFO [main] org.apache.catalina.core.AprLifecycleListener.lifecycleEvent The Apache Tomcat Native library which allows using OpenSSL was not found on the java.library.path: [/Users/erictran/Library/Java/Extensions:/Library/Java/Extensions:/Network/Library/Java/Extensions:/System/Library/Java/Extensions:/usr/lib/java:.]
14-Apr-2026 11:47:10.572 INFO [main] org.apache.coyote.AbstractProtocol.init Initializing ProtocolHandler ["http-nio-8080"]
14-Apr-2026 11:47:10.584 INFO [main] org.apache.catalina.startup.Catalina.load Server initialization in [211] milliseconds
14-Apr-2026 11:47:10.597 INFO [main] org.apache.catalina.core.StandardService.startInternal Starting service [Catalina]
14-Apr-2026 11:47:10.597 INFO [main] org.apache.catalina.core.StandardEngine.startInternal Starting Servlet engine: [Apache Tomcat/9.0.115]
14-Apr-2026 11:47:10.600 INFO [main] org.apache.catalina.startup.HostConfig.deployDirectory Deploying web application directory [/Users/erictran/Downloads/CS157A/CS157A-S1-14/apache-tomcat-9.0.115/webapps/docs]
14-Apr-2026 11:47:10.785 INFO [main] org.apache.jasper.servlet.TldScanner.scanJars At least one JAR was scanned for TLDs yet contained no TLDs. Enable debug logging for this logger for a complete list of JARs that were scanned but no TLDs were found in them. Skipping unneeded JARs during scanning can improve startup time and JSP compilation time.
14-Apr-2026 11:47:10.798 INFO [main] org.apache.catalina.startup.HostConfig.deployDirectory Deployment of web application directory [/Users/erictran/Downloads/CS157A/CS157A-S1-14/apache-tomcat-9.0.115/webapps/docs] has finished in [197] ms
14-Apr-2026 11:47:10.798 INFO [main] org.apache.catalina.startup.HostConfig.deployDirectory Deploying web application directory [/Users/erictran/Downloads/CS157A/CS157A-S1-14/apache-tomcat-9.0.115/webapps/TaskME]
14-Apr-2026 11:47:10.883 INFO [main] org.apache.jasper.servlet.TldScanner.scanJars At least one JAR was scanned for TLDs yet contained no TLDs. Enable debug logging for this logger for a complete list of JARs that were scanned but no TLDs were found in them. Skipping unneeded JARs during scanning can improve startup time and JSP compilation time.
14-Apr-2026 11:47:10.890 INFO [main] org.apache.catalina.startup.HostConfig.deployDirectory Deployment of web application directory [/Users/erictran/Downloads/CS157A/CS157A-S1-14/apache-tomcat-9.0.115/webapps/TaskME] has finished in [92] ms
14-Apr-2026 11:47:10.890 INFO [main] org.apache.catalina.startup.HostConfig.deployDirectory Deploying web application directory [/Users/erictran/Downloads/CS157A/CS157A-S1-14/apache-tomcat-9.0.115/webapps/manager]
14-Apr-2026 11:47:10.974 INFO [main] org.apache.jasper.servlet.TldScanner.scanJars At least one JAR was scanned for TLDs yet contained no TLDs. Enable debug logging for this logger for a complete list of JARs that were scanned but no TLDs were found in them. Skipping unneeded JARs during scanning can improve startup time and JSP compilation time.
14-Apr-2026 11:47:10.977 INFO [main] org.apache.catalina.startup.HostConfig.deployDirectory Deployment of web application directory [/Users/erictran/Downloads/CS157A/CS157A-S1-14/apache-tomcat-9.0.115/webapps/manager] has finished in [87] ms
14-Apr-2026 11:47:10.977 INFO [main] org.apache.catalina.startup.HostConfig.deployDirectory Deploying web application directory [/Users/erictran/Downloads/CS157A/CS157A-S1-14/apache-tomcat-9.0.115/webapps/examples]
14-Apr-2026 11:47:11.103 INFO [main] org.apache.jasper.servlet.TldScanner.scanJars At least one JAR was scanned for TLDs yet contained no TLDs. Enable debug logging for this logger for a complete list of JARs that were scanned but no TLDs were found in them. Skipping unneeded JARs during scanning can improve startup time and JSP compilation time.
14-Apr-2026 11:47:11.109 INFO [main] org.apache.catalina.startup.HostConfig.deployDirectory Deployment of web application directory [/Users/erictran/Downloads/CS157A/CS157A-S1-14/apache-tomcat-9.0.115/webapps/examples] has finished in [132] ms
14-Apr-2026 11:47:11.109 INFO [main] org.apache.catalina.startup.HostConfig.deployDirectory Deploying web application directory [/Users/erictran/Downloads/CS157A/CS157A-S1-14/apache-tomcat-9.0.115/webapps/ROOT]
14-Apr-2026 11:47:11.177 INFO [main] org.apache.jasper.servlet.TldScanner.scanJars At least one JAR was scanned for TLDs yet contained no TLDs. Enable debug logging for this logger for a complete list of JARs that were scanned but no TLDs were found in them. Skipping unneeded JARs during scanning can improve startup time and JSP compilation time.
14-Apr-2026 11:47:11.178 INFO [main] org.apache.catalina.startup.HostConfig.deployDirectory Deployment of web application directory [/Users/erictran/Downloads/CS157A/CS157A-S1-14/apache-tomcat-9.0.115/webapps/ROOT] has finished in [69] ms
14-Apr-2026 11:47:11.178 INFO [main] org.apache.catalina.startup.HostConfig.deployDirectory Deploying web application directory [/Users/erictran/Downloads/CS157A/CS157A-S1-14/apache-tomcat-9.0.115/webapps/host-manager]
14-Apr-2026 11:47:11.245 INFO [main] org.apache.jasper.servlet.TldScanner.scanJars At least one JAR was scanned for TLDs yet contained no TLDs. Enable debug logging for this logger for a complete list of JARs that were scanned but no TLDs were found in them. Skipping unneeded JARs during scanning can improve startup time and JSP compilation time.
14-Apr-2026 11:47:11.246 INFO [main] org.apache.catalina.startup.HostConfig.deployDirectory Deployment of web application directory [/Users/erictran/Downloads/CS157A/CS157A-S1-14/apache-tomcat-9.0.115/webapps/host-manager] has finished in [68] ms
14-Apr-2026 11:47:11.248 INFO [main] org.apache.coyote.AbstractProtocol.start Starting ProtocolHandler ["http-nio-8080"]
14-Apr-2026 11:47:11.251 INFO [main] org.apache.catalina.startup.Catalina.start Server startup in [666] milliseconds
org.apache.jasper.JasperException: org.apache.jasper.JasperException: Unable to compile class for JSP: 

An error occurred at line: [499] in the jsp file: [/Project.jsp]
Duplicate local variable currentUserId
496:         <%-- Members list --%>
497:         <%
498:           List<?> members = (List<?>) request.getAttribute("members");
499:           Integer currentUserId = (Integer) request.getAttribute("currentUserId");
500:           if (members != null && !members.isEmpty()) {
501:         %>
502:         <div class="members-section">


Stacktrace:
	at org.apache.jasper.servlet.JspServletWrapper.handleJspException(JspServletWrapper.java:561)
	at org.apache.jasper.servlet.JspServletWrapper.service(JspServletWrapper.java:397)
	at org.apache.jasper.servlet.JspServlet.serviceJspFile(JspServlet.java:349)
	at org.apache.jasper.servlet.JspServlet.service(JspServlet.java:300)
	at javax.servlet.http.HttpServlet.service(HttpServlet.java:623)
	at org.apache.catalina.core.ApplicationFilterChain.internalDoFilter(ApplicationFilterChain.java:197)
	at org.apache.catalina.core.ApplicationFilterChain.doFilter(ApplicationFilterChain.java:142)
	at org.apache.tomcat.websocket.server.WsFilter.doFilter(WsFilter.java:51)
	at org.apache.catalina.core.ApplicationFilterChain.internalDoFilter(ApplicationFilterChain.java:166)
	at org.apache.catalina.core.ApplicationFilterChain.doFilter(ApplicationFilterChain.java:142)
	at org.apache.catalina.core.ApplicationDispatcher.invoke(ApplicationDispatcher.java:619)
	at org.apache.catalina.core.ApplicationDispatcher.processRequest(ApplicationDispatcher.java:399)
	at org.apache.catalina.core.ApplicationDispatcher.doForward(ApplicationDispatcher.java:338)
	at org.apache.catalina.core.ApplicationDispatcher.forward(ApplicationDispatcher.java:283)
	at ProjectServlet.doGet(ProjectServlet.java:151)
	at javax.servlet.http.HttpServlet.service(HttpServlet.java:529)
	at javax.servlet.http.HttpServlet.service(HttpServlet.java:623)
	at org.apache.catalina.core.ApplicationFilterChain.internalDoFilter(ApplicationFilterChain.java:197)
	at org.apache.catalina.core.ApplicationFilterChain.doFilter(ApplicationFilterChain.java:142)
	at org.apache.tomcat.websocket.server.WsFilter.doFilter(WsFilter.java:51)
	at org.apache.catalina.core.ApplicationFilterChain.internalDoFilter(ApplicationFilterChain.java:166)
	at org.apache.catalina.core.ApplicationFilterChain.doFilter(ApplicationFilterChain.java:142)
	at org.apache.catalina.core.StandardWrapperValve.invoke(StandardWrapperValve.java:166)
	at org.apache.catalina.core.StandardContextValve.invoke(StandardContextValve.java:88)
	at org.apache.catalina.authenticator.AuthenticatorBase.invoke(AuthenticatorBase.java:491)
	at org.apache.catalina.core.StandardHostValve.invoke(StandardHostValve.java:127)
	at org.apache.catalina.valves.ErrorReportValve.invoke(ErrorReportValve.java:83)
	at org.apache.catalina.valves.AbstractAccessLogValve.invoke(AbstractAccessLogValve.java:643)
	at org.apache.catalina.core.StandardEngineValve.invoke(StandardEngineValve.java:72)
	at org.apache.catalina.connector.CoyoteAdapter.service(CoyoteAdapter.java:344)
	at org.apache.coyote.http11.Http11Processor.service(Http11Processor.java:398)
	at org.apache.coyote.AbstractProcessorLight.process(AbstractProcessorLight.java:63)
	at org.apache.coyote.AbstractProtocol$ConnectionHandler.process(AbstractProtocol.java:939)
	at org.apache.tomcat.util.net.NioEndpoint$SocketProcessor.doRun(NioEndpoint.java:1832)
	at org.apache.tomcat.util.net.SocketProcessorBase.run(SocketProcessorBase.java:52)
	at org.apache.tomcat.util.threads.ThreadPoolExecutor.runWorker(ThreadPoolExecutor.java:973)
	at org.apache.tomcat.util.threads.ThreadPoolExecutor$Worker.run(ThreadPoolExecutor.java:491)
	at org.apache.tomcat.util.threads.TaskThread$WrappingRunnable.run(TaskThread.java:63)
	at java.base/java.lang.Thread.run(Thread.java:1474)
Caused by: org.apache.jasper.JasperException: Unable to compile class for JSP: 

An error occurred at line: [499] in the jsp file: [/Project.jsp]
Duplicate local variable currentUserId
496:         <%-- Members list --%>
497:         <%
498:           List<?> members = (List<?>) request.getAttribute("members");
499:           Integer currentUserId = (Integer) request.getAttribute("currentUserId");
500:           if (members != null && !members.isEmpty()) {
501:         %>
502:         <div class="members-section">


Stacktrace:
	at org.apache.jasper.compiler.DefaultErrorHandler.javacError(DefaultErrorHandler.java:70)
	at org.apache.jasper.compiler.ErrorDispatcher.javacError(ErrorDispatcher.java:189)
	at org.apache.jasper.compiler.JDTCompiler.generateClass(JDTCompiler.java:571)
	at org.apache.jasper.compiler.Compiler.compile(Compiler.java:365)
	at org.apache.jasper.compiler.Compiler.compile(Compiler.java:337)
	at org.apache.jasper.compiler.Compiler.compile(Compiler.java:323)
	at org.apache.jasper.JspCompilationContext.compile(JspCompilationContext.java:585)
	at org.apache.jasper.servlet.JspServletWrapper.service(JspServletWrapper.java:371)
	... 37 more
14-Apr-2026 11:48:16.480 INFO [main] org.apache.catalina.core.StandardServer.await A valid shutdown command was received via the shutdown port. Stopping the Server instance.
14-Apr-2026 11:48:16.480 INFO [main] org.apache.coyote.AbstractProtocol.pause Pausing ProtocolHandler ["http-nio-8080"]
14-Apr-2026 11:48:17.482 INFO [main] org.apache.catalina.core.StandardService.stopInternal Stopping service [Catalina]
14-Apr-2026 11:48:17.511 INFO [main] org.apache.coyote.AbstractProtocol.stop Stopping ProtocolHandler ["http-nio-8080"]
14-Apr-2026 11:48:18.114 WARNING [main] org.apache.tomcat.util.net.Acceptor.stopMillis The acceptor thread [http-nio-8080-Acceptor] did not stop cleanly
14-Apr-2026 11:48:18.121 INFO [main] org.apache.coyote.AbstractProtocol.destroy Destroying ProtocolHandler ["http-nio-8080"]
NOTE: Picked up JDK_JAVA_OPTIONS:  --add-opens=java.base/java.lang=ALL-UNNAMED --add-opens=java.base/java.lang.invoke=ALL-UNNAMED --add-opens=java.base/java.lang.reflect=ALL-UNNAMED --add-opens=java.base/java.io=ALL-UNNAMED --add-opens=java.base/java.util=ALL-UNNAMED --add-opens=java.base/java.util.concurrent=ALL-UNNAMED --add-opens=java.rmi/sun.rmi.transport=ALL-UNNAMED
14-Apr-2026 11:48:23.542 INFO [main] org.apache.catalina.startup.VersionLoggerListener.log Server version name:   Apache Tomcat/9.0.115
14-Apr-2026 11:48:23.543 INFO [main] org.apache.catalina.startup.VersionLoggerListener.log Server built:          Jan 21 2026 08:17:26 UTC
14-Apr-2026 11:48:23.543 INFO [main] org.apache.catalina.startup.VersionLoggerListener.log Server version number: 9.0.115.0
14-Apr-2026 11:48:23.543 INFO [main] org.apache.catalina.startup.VersionLoggerListener.log OS Name:               Mac OS X
14-Apr-2026 11:48:23.543 INFO [main] org.apache.catalina.startup.VersionLoggerListener.log OS Version:            26.4.1
14-Apr-2026 11:48:23.543 INFO [main] org.apache.catalina.startup.VersionLoggerListener.log Architecture:          aarch64
14-Apr-2026 11:48:23.543 INFO [main] org.apache.catalina.startup.VersionLoggerListener.log Java Home:             /Library/Java/JavaVirtualMachines/jdk-25.jdk/Contents/Home
14-Apr-2026 11:48:23.543 INFO [main] org.apache.catalina.startup.VersionLoggerListener.log JVM Version:           25.0.2+10-LTS-69
14-Apr-2026 11:48:23.543 INFO [main] org.apache.catalina.startup.VersionLoggerListener.log JVM Vendor:            Oracle Corporation
14-Apr-2026 11:48:23.543 INFO [main] org.apache.catalina.startup.VersionLoggerListener.log CATALINA_BASE:         /Users/erictran/Downloads/CS157A/CS157A-S1-14/apache-tomcat-9.0.115
14-Apr-2026 11:48:23.543 INFO [main] org.apache.catalina.startup.VersionLoggerListener.log CATALINA_HOME:         /Users/erictran/Downloads/CS157A/CS157A-S1-14/apache-tomcat-9.0.115
14-Apr-2026 11:48:23.548 INFO [main] org.apache.catalina.startup.VersionLoggerListener.log Command line argument: --add-opens=java.base/java.lang=ALL-UNNAMED
14-Apr-2026 11:48:23.548 INFO [main] org.apache.catalina.startup.VersionLoggerListener.log Command line argument: --add-opens=java.base/java.lang.invoke=ALL-UNNAMED
14-Apr-2026 11:48:23.548 INFO [main] org.apache.catalina.startup.VersionLoggerListener.log Command line argument: --add-opens=java.base/java.lang.reflect=ALL-UNNAMED
14-Apr-2026 11:48:23.548 INFO [main] org.apache.catalina.startup.VersionLoggerListener.log Command line argument: --add-opens=java.base/java.io=ALL-UNNAMED
14-Apr-2026 11:48:23.548 INFO [main] org.apache.catalina.startup.VersionLoggerListener.log Command line argument: --add-opens=java.base/java.util=ALL-UNNAMED
14-Apr-2026 11:48:23.548 INFO [main] org.apache.catalina.startup.VersionLoggerListener.log Command line argument: --add-opens=java.base/java.util.concurrent=ALL-UNNAMED
14-Apr-2026 11:48:23.548 INFO [main] org.apache.catalina.startup.VersionLoggerListener.log Command line argument: --add-opens=java.rmi/sun.rmi.transport=ALL-UNNAMED
14-Apr-2026 11:48:23.548 INFO [main] org.apache.catalina.startup.VersionLoggerListener.log Command line argument: -Djava.util.logging.config.file=/Users/erictran/Downloads/CS157A/CS157A-S1-14/apache-tomcat-9.0.115/conf/logging.properties
14-Apr-2026 11:48:23.548 INFO [main] org.apache.catalina.startup.VersionLoggerListener.log Command line argument: -Djava.util.logging.manager=org.apache.juli.ClassLoaderLogManager
14-Apr-2026 11:48:23.548 INFO [main] org.apache.catalina.startup.VersionLoggerListener.log Command line argument: -Djdk.tls.ephemeralDHKeySize=2048
14-Apr-2026 11:48:23.548 INFO [main] org.apache.catalina.startup.VersionLoggerListener.log Command line argument: -Djava.protocol.handler.pkgs=org.apache.catalina.webresources
14-Apr-2026 11:48:23.549 INFO [main] org.apache.catalina.startup.VersionLoggerListener.log Command line argument: -Dsun.io.useCanonCaches=false
14-Apr-2026 11:48:23.549 INFO [main] org.apache.catalina.startup.VersionLoggerListener.log Command line argument: -Dorg.apache.catalina.security.SecurityListener.UMASK=0027
14-Apr-2026 11:48:23.549 INFO [main] org.apache.catalina.startup.VersionLoggerListener.log Command line argument: -Dignore.endorsed.dirs=
14-Apr-2026 11:48:23.549 INFO [main] org.apache.catalina.startup.VersionLoggerListener.log Command line argument: -Dcatalina.base=/Users/erictran/Downloads/CS157A/CS157A-S1-14/apache-tomcat-9.0.115
14-Apr-2026 11:48:23.549 INFO [main] org.apache.catalina.startup.VersionLoggerListener.log Command line argument: -Dcatalina.home=/Users/erictran/Downloads/CS157A/CS157A-S1-14/apache-tomcat-9.0.115
14-Apr-2026 11:48:23.549 INFO [main] org.apache.catalina.startup.VersionLoggerListener.log Command line argument: -Djava.io.tmpdir=/Users/erictran/Downloads/CS157A/CS157A-S1-14/apache-tomcat-9.0.115/temp
WARNING: A restricted method in java.lang.System has been called
WARNING: java.lang.System::load has been called by org.apache.tomcat.jni.Library in an unnamed module (file:/Users/erictran/Downloads/CS157A/CS157A-S1-14/apache-tomcat-9.0.115/lib/tomcat-jni.jar)
WARNING: Use --enable-native-access=ALL-UNNAMED to avoid a warning for callers in this module
WARNING: Restricted methods will be blocked in a future release unless native access is enabled

14-Apr-2026 11:48:23.554 INFO [main] org.apache.catalina.core.AprLifecycleListener.lifecycleEvent The Apache Tomcat Native library which allows using OpenSSL was not found on the java.library.path: [/Users/erictran/Library/Java/Extensions:/Library/Java/Extensions:/Network/Library/Java/Extensions:/System/Library/Java/Extensions:/usr/lib/java:.]
14-Apr-2026 11:48:23.683 INFO [main] org.apache.coyote.AbstractProtocol.init Initializing ProtocolHandler ["http-nio-8080"]
14-Apr-2026 11:48:23.694 INFO [main] org.apache.catalina.startup.Catalina.load Server initialization in [221] milliseconds
14-Apr-2026 11:48:23.707 INFO [main] org.apache.catalina.core.StandardService.startInternal Starting service [Catalina]
14-Apr-2026 11:48:23.707 INFO [main] org.apache.catalina.core.StandardEngine.startInternal Starting Servlet engine: [Apache Tomcat/9.0.115]
14-Apr-2026 11:48:23.710 INFO [main] org.apache.catalina.startup.HostConfig.deployDirectory Deploying web application directory [/Users/erictran/Downloads/CS157A/CS157A-S1-14/apache-tomcat-9.0.115/webapps/docs]
14-Apr-2026 11:48:23.898 INFO [main] org.apache.jasper.servlet.TldScanner.scanJars At least one JAR was scanned for TLDs yet contained no TLDs. Enable debug logging for this logger for a complete list of JARs that were scanned but no TLDs were found in them. Skipping unneeded JARs during scanning can improve startup time and JSP compilation time.
14-Apr-2026 11:48:23.911 INFO [main] org.apache.catalina.startup.HostConfig.deployDirectory Deployment of web application directory [/Users/erictran/Downloads/CS157A/CS157A-S1-14/apache-tomcat-9.0.115/webapps/docs] has finished in [199] ms
14-Apr-2026 11:48:23.911 INFO [main] org.apache.catalina.startup.HostConfig.deployDirectory Deploying web application directory [/Users/erictran/Downloads/CS157A/CS157A-S1-14/apache-tomcat-9.0.115/webapps/TaskME]
14-Apr-2026 11:48:24.002 INFO [main] org.apache.jasper.servlet.TldScanner.scanJars At least one JAR was scanned for TLDs yet contained no TLDs. Enable debug logging for this logger for a complete list of JARs that were scanned but no TLDs were found in them. Skipping unneeded JARs during scanning can improve startup time and JSP compilation time.
14-Apr-2026 11:48:24.009 INFO [main] org.apache.catalina.startup.HostConfig.deployDirectory Deployment of web application directory [/Users/erictran/Downloads/CS157A/CS157A-S1-14/apache-tomcat-9.0.115/webapps/TaskME] has finished in [98] ms
14-Apr-2026 11:48:24.009 INFO [main] org.apache.catalina.startup.HostConfig.deployDirectory Deploying web application directory [/Users/erictran/Downloads/CS157A/CS157A-S1-14/apache-tomcat-9.0.115/webapps/manager]
14-Apr-2026 11:48:24.089 INFO [main] org.apache.jasper.servlet.TldScanner.scanJars At least one JAR was scanned for TLDs yet contained no TLDs. Enable debug logging for this logger for a complete list of JARs that were scanned but no TLDs were found in them. Skipping unneeded JARs during scanning can improve startup time and JSP compilation time.
14-Apr-2026 11:48:24.091 INFO [main] org.apache.catalina.startup.HostConfig.deployDirectory Deployment of web application directory [/Users/erictran/Downloads/CS157A/CS157A-S1-14/apache-tomcat-9.0.115/webapps/manager] has finished in [82] ms
14-Apr-2026 11:48:24.091 INFO [main] org.apache.catalina.startup.HostConfig.deployDirectory Deploying web application directory [/Users/erictran/Downloads/CS157A/CS157A-S1-14/apache-tomcat-9.0.115/webapps/examples]
14-Apr-2026 11:48:24.220 INFO [main] org.apache.jasper.servlet.TldScanner.scanJars At least one JAR was scanned for TLDs yet contained no TLDs. Enable debug logging for this logger for a complete list of JARs that were scanned but no TLDs were found in them. Skipping unneeded JARs during scanning can improve startup time and JSP compilation time.
14-Apr-2026 11:48:24.227 INFO [main] org.apache.catalina.startup.HostConfig.deployDirectory Deployment of web application directory [/Users/erictran/Downloads/CS157A/CS157A-S1-14/apache-tomcat-9.0.115/webapps/examples] has finished in [135] ms
14-Apr-2026 11:48:24.227 INFO [main] org.apache.catalina.startup.HostConfig.deployDirectory Deploying web application directory [/Users/erictran/Downloads/CS157A/CS157A-S1-14/apache-tomcat-9.0.115/webapps/ROOT]
14-Apr-2026 11:48:24.294 INFO [main] org.apache.jasper.servlet.TldScanner.scanJars At least one JAR was scanned for TLDs yet contained no TLDs. Enable debug logging for this logger for a complete list of JARs that were scanned but no TLDs were found in them. Skipping unneeded JARs during scanning can improve startup time and JSP compilation time.
14-Apr-2026 11:48:24.295 INFO [main] org.apache.catalina.startup.HostConfig.deployDirectory Deployment of web application directory [/Users/erictran/Downloads/CS157A/CS157A-S1-14/apache-tomcat-9.0.115/webapps/ROOT] has finished in [67] ms
14-Apr-2026 11:48:24.295 INFO [main] org.apache.catalina.startup.HostConfig.deployDirectory Deploying web application directory [/Users/erictran/Downloads/CS157A/CS157A-S1-14/apache-tomcat-9.0.115/webapps/host-manager]
14-Apr-2026 11:48:24.362 INFO [main] org.apache.jasper.servlet.TldScanner.scanJars At least one JAR was scanned for TLDs yet contained no TLDs. Enable debug logging for this logger for a complete list of JARs that were scanned but no TLDs were found in them. Skipping unneeded JARs during scanning can improve startup time and JSP compilation time.
14-Apr-2026 11:48:24.363 INFO [main] org.apache.catalina.startup.HostConfig.deployDirectory Deployment of web application directory [/Users/erictran/Downloads/CS157A/CS157A-S1-14/apache-tomcat-9.0.115/webapps/host-manager] has finished in [68] ms
14-Apr-2026 11:48:24.364 INFO [main] org.apache.coyote.AbstractProtocol.start Starting ProtocolHandler ["http-nio-8080"]
14-Apr-2026 11:48:24.368 INFO [main] org.apache.catalina.startup.Catalina.start Server startup in [673] milliseconds
14-Apr-2026 11:52:39.970 INFO [main] org.apache.catalina.core.StandardServer.await A valid shutdown command was received via the shutdown port. Stopping the Server instance.
14-Apr-2026 11:52:39.971 INFO [main] org.apache.coyote.AbstractProtocol.pause Pausing ProtocolHandler ["http-nio-8080"]
14-Apr-2026 11:52:40.973 INFO [main] org.apache.catalina.core.StandardService.stopInternal Stopping service [Catalina]
14-Apr-2026 11:52:41.000 INFO [main] org.apache.coyote.AbstractProtocol.stop Stopping ProtocolHandler ["http-nio-8080"]
14-Apr-2026 11:52:41.602 WARNING [main] org.apache.tomcat.util.net.Acceptor.stopMillis The acceptor thread [http-nio-8080-Acceptor] did not stop cleanly
14-Apr-2026 11:52:41.607 INFO [main] org.apache.coyote.AbstractProtocol.destroy Destroying ProtocolHandler ["http-nio-8080"]
NOTE: Picked up JDK_JAVA_OPTIONS:  --add-opens=java.base/java.lang=ALL-UNNAMED --add-opens=java.base/java.lang.invoke=ALL-UNNAMED --add-opens=java.base/java.lang.reflect=ALL-UNNAMED --add-opens=java.base/java.io=ALL-UNNAMED --add-opens=java.base/java.util=ALL-UNNAMED --add-opens=java.base/java.util.concurrent=ALL-UNNAMED --add-opens=java.rmi/sun.rmi.transport=ALL-UNNAMED
14-Apr-2026 11:52:41.950 INFO [main] org.apache.catalina.startup.VersionLoggerListener.log Server version name:   Apache Tomcat/9.0.115
14-Apr-2026 11:52:41.951 INFO [main] org.apache.catalina.startup.VersionLoggerListener.log Server built:          Jan 21 2026 08:17:26 UTC
14-Apr-2026 11:52:41.951 INFO [main] org.apache.catalina.startup.VersionLoggerListener.log Server version number: 9.0.115.0
14-Apr-2026 11:52:41.951 INFO [main] org.apache.catalina.startup.VersionLoggerListener.log OS Name:               Mac OS X
14-Apr-2026 11:52:41.951 INFO [main] org.apache.catalina.startup.VersionLoggerListener.log OS Version:            26.4.1
14-Apr-2026 11:52:41.951 INFO [main] org.apache.catalina.startup.VersionLoggerListener.log Architecture:          aarch64
14-Apr-2026 11:52:41.951 INFO [main] org.apache.catalina.startup.VersionLoggerListener.log Java Home:             /Library/Java/JavaVirtualMachines/jdk-25.jdk/Contents/Home
14-Apr-2026 11:52:41.951 INFO [main] org.apache.catalina.startup.VersionLoggerListener.log JVM Version:           25.0.2+10-LTS-69
14-Apr-2026 11:52:41.952 INFO [main] org.apache.catalina.startup.VersionLoggerListener.log JVM Vendor:            Oracle Corporation
14-Apr-2026 11:52:41.952 INFO [main] org.apache.catalina.startup.VersionLoggerListener.log CATALINA_BASE:         /Users/erictran/Downloads/CS157A/CS157A-S1-14/apache-tomcat-9.0.115
14-Apr-2026 11:52:41.952 INFO [main] org.apache.catalina.startup.VersionLoggerListener.log CATALINA_HOME:         /Users/erictran/Downloads/CS157A/CS157A-S1-14/apache-tomcat-9.0.115
14-Apr-2026 11:52:41.956 INFO [main] org.apache.catalina.startup.VersionLoggerListener.log Command line argument: --add-opens=java.base/java.lang=ALL-UNNAMED
14-Apr-2026 11:52:41.956 INFO [main] org.apache.catalina.startup.VersionLoggerListener.log Command line argument: --add-opens=java.base/java.lang.invoke=ALL-UNNAMED
14-Apr-2026 11:52:41.956 INFO [main] org.apache.catalina.startup.VersionLoggerListener.log Command line argument: --add-opens=java.base/java.lang.reflect=ALL-UNNAMED
14-Apr-2026 11:52:41.956 INFO [main] org.apache.catalina.startup.VersionLoggerListener.log Command line argument: --add-opens=java.base/java.io=ALL-UNNAMED
14-Apr-2026 11:52:41.956 INFO [main] org.apache.catalina.startup.VersionLoggerListener.log Command line argument: --add-opens=java.base/java.util=ALL-UNNAMED
14-Apr-2026 11:52:41.956 INFO [main] org.apache.catalina.startup.VersionLoggerListener.log Command line argument: --add-opens=java.base/java.util.concurrent=ALL-UNNAMED
14-Apr-2026 11:52:41.956 INFO [main] org.apache.catalina.startup.VersionLoggerListener.log Command line argument: --add-opens=java.rmi/sun.rmi.transport=ALL-UNNAMED
14-Apr-2026 11:52:41.956 INFO [main] org.apache.catalina.startup.VersionLoggerListener.log Command line argument: -Djava.util.logging.config.file=/Users/erictran/Downloads/CS157A/CS157A-S1-14/apache-tomcat-9.0.115/conf/logging.properties
14-Apr-2026 11:52:41.956 INFO [main] org.apache.catalina.startup.VersionLoggerListener.log Command line argument: -Djava.util.logging.manager=org.apache.juli.ClassLoaderLogManager
14-Apr-2026 11:52:41.956 INFO [main] org.apache.catalina.startup.VersionLoggerListener.log Command line argument: -Djdk.tls.ephemeralDHKeySize=2048
14-Apr-2026 11:52:41.956 INFO [main] org.apache.catalina.startup.VersionLoggerListener.log Command line argument: -Djava.protocol.handler.pkgs=org.apache.catalina.webresources
14-Apr-2026 11:52:41.956 INFO [main] org.apache.catalina.startup.VersionLoggerListener.log Command line argument: -Dsun.io.useCanonCaches=false
14-Apr-2026 11:52:41.956 INFO [main] org.apache.catalina.startup.VersionLoggerListener.log Command line argument: -Dorg.apache.catalina.security.SecurityListener.UMASK=0027
14-Apr-2026 11:52:41.956 INFO [main] org.apache.catalina.startup.VersionLoggerListener.log Command line argument: -Dignore.endorsed.dirs=
14-Apr-2026 11:52:41.956 INFO [main] org.apache.catalina.startup.VersionLoggerListener.log Command line argument: -Dcatalina.base=/Users/erictran/Downloads/CS157A/CS157A-S1-14/apache-tomcat-9.0.115
14-Apr-2026 11:52:41.956 INFO [main] org.apache.catalina.startup.VersionLoggerListener.log Command line argument: -Dcatalina.home=/Users/erictran/Downloads/CS157A/CS157A-S1-14/apache-tomcat-9.0.115
14-Apr-2026 11:52:41.956 INFO [main] org.apache.catalina.startup.VersionLoggerListener.log Command line argument: -Djava.io.tmpdir=/Users/erictran/Downloads/CS157A/CS157A-S1-14/apache-tomcat-9.0.115/temp
WARNING: A restricted method in java.lang.System has been called
WARNING: java.lang.System::load has been called by org.apache.tomcat.jni.Library in an unnamed module (file:/Users/erictran/Downloads/CS157A/CS157A-S1-14/apache-tomcat-9.0.115/lib/tomcat-jni.jar)
WARNING: Use --enable-native-access=ALL-UNNAMED to avoid a warning for callers in this module
WARNING: Restricted methods will be blocked in a future release unless native access is enabled

14-Apr-2026 11:52:41.962 INFO [main] org.apache.catalina.core.AprLifecycleListener.lifecycleEvent The Apache Tomcat Native library which allows using OpenSSL was not found on the java.library.path: [/Users/erictran/Library/Java/Extensions:/Library/Java/Extensions:/Network/Library/Java/Extensions:/System/Library/Java/Extensions:/usr/lib/java:.]
14-Apr-2026 11:52:42.081 INFO [main] org.apache.coyote.AbstractProtocol.init Initializing ProtocolHandler ["http-nio-8080"]
14-Apr-2026 11:52:42.093 INFO [main] org.apache.catalina.startup.Catalina.load Server initialization in [211] milliseconds
14-Apr-2026 11:52:42.106 INFO [main] org.apache.catalina.core.StandardService.startInternal Starting service [Catalina]
14-Apr-2026 11:52:42.106 INFO [main] org.apache.catalina.core.StandardEngine.startInternal Starting Servlet engine: [Apache Tomcat/9.0.115]
14-Apr-2026 11:52:42.109 INFO [main] org.apache.catalina.startup.HostConfig.deployDirectory Deploying web application directory [/Users/erictran/Downloads/CS157A/CS157A-S1-14/apache-tomcat-9.0.115/webapps/docs]
14-Apr-2026 11:52:42.297 INFO [main] org.apache.jasper.servlet.TldScanner.scanJars At least one JAR was scanned for TLDs yet contained no TLDs. Enable debug logging for this logger for a complete list of JARs that were scanned but no TLDs were found in them. Skipping unneeded JARs during scanning can improve startup time and JSP compilation time.
14-Apr-2026 11:52:42.309 INFO [main] org.apache.catalina.startup.HostConfig.deployDirectory Deployment of web application directory [/Users/erictran/Downloads/CS157A/CS157A-S1-14/apache-tomcat-9.0.115/webapps/docs] has finished in [199] ms
14-Apr-2026 11:52:42.309 INFO [main] org.apache.catalina.startup.HostConfig.deployDirectory Deploying web application directory [/Users/erictran/Downloads/CS157A/CS157A-S1-14/apache-tomcat-9.0.115/webapps/TaskME]
14-Apr-2026 11:52:42.395 INFO [main] org.apache.jasper.servlet.TldScanner.scanJars At least one JAR was scanned for TLDs yet contained no TLDs. Enable debug logging for this logger for a complete list of JARs that were scanned but no TLDs were found in them. Skipping unneeded JARs during scanning can improve startup time and JSP compilation time.
14-Apr-2026 11:52:42.401 INFO [main] org.apache.catalina.startup.HostConfig.deployDirectory Deployment of web application directory [/Users/erictran/Downloads/CS157A/CS157A-S1-14/apache-tomcat-9.0.115/webapps/TaskME] has finished in [92] ms
14-Apr-2026 11:52:42.401 INFO [main] org.apache.catalina.startup.HostConfig.deployDirectory Deploying web application directory [/Users/erictran/Downloads/CS157A/CS157A-S1-14/apache-tomcat-9.0.115/webapps/manager]
14-Apr-2026 11:52:42.485 INFO [main] org.apache.jasper.servlet.TldScanner.scanJars At least one JAR was scanned for TLDs yet contained no TLDs. Enable debug logging for this logger for a complete list of JARs that were scanned but no TLDs were found in them. Skipping unneeded JARs during scanning can improve startup time and JSP compilation time.
14-Apr-2026 11:52:42.488 INFO [main] org.apache.catalina.startup.HostConfig.deployDirectory Deployment of web application directory [/Users/erictran/Downloads/CS157A/CS157A-S1-14/apache-tomcat-9.0.115/webapps/manager] has finished in [86] ms
14-Apr-2026 11:52:42.488 INFO [main] org.apache.catalina.startup.HostConfig.deployDirectory Deploying web application directory [/Users/erictran/Downloads/CS157A/CS157A-S1-14/apache-tomcat-9.0.115/webapps/examples]
14-Apr-2026 11:52:42.616 INFO [main] org.apache.jasper.servlet.TldScanner.scanJars At least one JAR was scanned for TLDs yet contained no TLDs. Enable debug logging for this logger for a complete list of JARs that were scanned but no TLDs were found in them. Skipping unneeded JARs during scanning can improve startup time and JSP compilation time.
14-Apr-2026 11:52:42.623 INFO [main] org.apache.catalina.startup.HostConfig.deployDirectory Deployment of web application directory [/Users/erictran/Downloads/CS157A/CS157A-S1-14/apache-tomcat-9.0.115/webapps/examples] has finished in [135] ms
14-Apr-2026 11:52:42.623 INFO [main] org.apache.catalina.startup.HostConfig.deployDirectory Deploying web application directory [/Users/erictran/Downloads/CS157A/CS157A-S1-14/apache-tomcat-9.0.115/webapps/ROOT]
14-Apr-2026 11:52:42.689 INFO [main] org.apache.jasper.servlet.TldScanner.scanJars At least one JAR was scanned for TLDs yet contained no TLDs. Enable debug logging for this logger for a complete list of JARs that were scanned but no TLDs were found in them. Skipping unneeded JARs during scanning can improve startup time and JSP compilation time.
14-Apr-2026 11:52:42.690 INFO [main] org.apache.catalina.startup.HostConfig.deployDirectory Deployment of web application directory [/Users/erictran/Downloads/CS157A/CS157A-S1-14/apache-tomcat-9.0.115/webapps/ROOT] has finished in [67] ms
14-Apr-2026 11:52:42.690 INFO [main] org.apache.catalina.startup.HostConfig.deployDirectory Deploying web application directory [/Users/erictran/Downloads/CS157A/CS157A-S1-14/apache-tomcat-9.0.115/webapps/host-manager]
14-Apr-2026 11:52:42.758 INFO [main] org.apache.jasper.servlet.TldScanner.scanJars At least one JAR was scanned for TLDs yet contained no TLDs. Enable debug logging for this logger for a complete list of JARs that were scanned but no TLDs were found in them. Skipping unneeded JARs during scanning can improve startup time and JSP compilation time.
14-Apr-2026 11:52:42.759 INFO [main] org.apache.catalina.startup.HostConfig.deployDirectory Deployment of web application directory [/Users/erictran/Downloads/CS157A/CS157A-S1-14/apache-tomcat-9.0.115/webapps/host-manager] has finished in [69] ms
14-Apr-2026 11:52:42.760 INFO [main] org.apache.coyote.AbstractProtocol.start Starting ProtocolHandler ["http-nio-8080"]
14-Apr-2026 11:52:42.764 INFO [main] org.apache.catalina.startup.Catalina.start Server startup in [670] milliseconds
14-Apr-2026 12:07:23.296 INFO [Catalina-utility-1] org.apache.catalina.startup.HostConfig.reload Reloading context [/TaskME]
14-Apr-2026 12:07:23.297 INFO [Catalina-utility-1] org.apache.catalina.core.StandardContext.reload Reloading Context with name [/TaskME] has started
14-Apr-2026 12:07:23.417 INFO [Catalina-utility-1] org.apache.jasper.servlet.TldScanner.scanJars At least one JAR was scanned for TLDs yet contained no TLDs. Enable debug logging for this logger for a complete list of JARs that were scanned but no TLDs were found in them. Skipping unneeded JARs during scanning can improve startup time and JSP compilation time.
14-Apr-2026 12:07:23.417 INFO [Catalina-utility-1] org.apache.catalina.core.StandardContext.reload Reloading Context with name [/TaskME] is completed
14-Apr-2026 12:09:24.510 INFO [main] org.apache.catalina.core.StandardServer.await A valid shutdown command was received via the shutdown port. Stopping the Server instance.
14-Apr-2026 12:09:24.510 INFO [main] org.apache.coyote.AbstractProtocol.pause Pausing ProtocolHandler ["http-nio-8080"]
14-Apr-2026 12:09:25.513 INFO [main] org.apache.catalina.core.StandardService.stopInternal Stopping service [Catalina]
14-Apr-2026 12:09:25.539 INFO [main] org.apache.coyote.AbstractProtocol.stop Stopping ProtocolHandler ["http-nio-8080"]
NOTE: Picked up JDK_JAVA_OPTIONS:  --add-opens=java.base/java.lang=ALL-UNNAMED --add-opens=java.base/java.lang.invoke=ALL-UNNAMED --add-opens=java.base/java.lang.reflect=ALL-UNNAMED --add-opens=java.base/java.io=ALL-UNNAMED --add-opens=java.base/java.util=ALL-UNNAMED --add-opens=java.base/java.util.concurrent=ALL-UNNAMED --add-opens=java.rmi/sun.rmi.transport=ALL-UNNAMED
14-Apr-2026 12:09:26.078 INFO [main] org.apache.catalina.startup.VersionLoggerListener.log Server version name:   Apache Tomcat/9.0.115
14-Apr-2026 12:09:26.079 INFO [main] org.apache.catalina.startup.VersionLoggerListener.log Server built:          Jan 21 2026 08:17:26 UTC
14-Apr-2026 12:09:26.079 INFO [main] org.apache.catalina.startup.VersionLoggerListener.log Server version number: 9.0.115.0
14-Apr-2026 12:09:26.079 INFO [main] org.apache.catalina.startup.VersionLoggerListener.log OS Name:               Mac OS X
14-Apr-2026 12:09:26.079 INFO [main] org.apache.catalina.startup.VersionLoggerListener.log OS Version:            26.4.1
14-Apr-2026 12:09:26.079 INFO [main] org.apache.catalina.startup.VersionLoggerListener.log Architecture:          aarch64
14-Apr-2026 12:09:26.079 INFO [main] org.apache.catalina.startup.VersionLoggerListener.log Java Home:             /Library/Java/JavaVirtualMachines/jdk-25.jdk/Contents/Home
14-Apr-2026 12:09:26.079 INFO [main] org.apache.catalina.startup.VersionLoggerListener.log JVM Version:           25.0.2+10-LTS-69
14-Apr-2026 12:09:26.079 INFO [main] org.apache.catalina.startup.VersionLoggerListener.log JVM Vendor:            Oracle Corporation
14-Apr-2026 12:09:26.079 INFO [main] org.apache.catalina.startup.VersionLoggerListener.log CATALINA_BASE:         /Users/erictran/Downloads/CS157A/CS157A-S1-14/apache-tomcat-9.0.115
14-Apr-2026 12:09:26.079 INFO [main] org.apache.catalina.startup.VersionLoggerListener.log CATALINA_HOME:         /Users/erictran/Downloads/CS157A/CS157A-S1-14/apache-tomcat-9.0.115
14-Apr-2026 12:09:26.084 INFO [main] org.apache.catalina.startup.VersionLoggerListener.log Command line argument: --add-opens=java.base/java.lang=ALL-UNNAMED
14-Apr-2026 12:09:26.084 INFO [main] org.apache.catalina.startup.VersionLoggerListener.log Command line argument: --add-opens=java.base/java.lang.invoke=ALL-UNNAMED
14-Apr-2026 12:09:26.084 INFO [main] org.apache.catalina.startup.VersionLoggerListener.log Command line argument: --add-opens=java.base/java.lang.reflect=ALL-UNNAMED
14-Apr-2026 12:09:26.084 INFO [main] org.apache.catalina.startup.VersionLoggerListener.log Command line argument: --add-opens=java.base/java.io=ALL-UNNAMED
14-Apr-2026 12:09:26.084 INFO [main] org.apache.catalina.startup.VersionLoggerListener.log Command line argument: --add-opens=java.base/java.util=ALL-UNNAMED
14-Apr-2026 12:09:26.084 INFO [main] org.apache.catalina.startup.VersionLoggerListener.log Command line argument: --add-opens=java.base/java.util.concurrent=ALL-UNNAMED
14-Apr-2026 12:09:26.084 INFO [main] org.apache.catalina.startup.VersionLoggerListener.log Command line argument: --add-opens=java.rmi/sun.rmi.transport=ALL-UNNAMED
14-Apr-2026 12:09:26.084 INFO [main] org.apache.catalina.startup.VersionLoggerListener.log Command line argument: -Djava.util.logging.config.file=/Users/erictran/Downloads/CS157A/CS157A-S1-14/apache-tomcat-9.0.115/conf/logging.properties
14-Apr-2026 12:09:26.084 INFO [main] org.apache.catalina.startup.VersionLoggerListener.log Command line argument: -Djava.util.logging.manager=org.apache.juli.ClassLoaderLogManager
14-Apr-2026 12:09:26.084 INFO [main] org.apache.catalina.startup.VersionLoggerListener.log Command line argument: -Djdk.tls.ephemeralDHKeySize=2048
14-Apr-2026 12:09:26.084 INFO [main] org.apache.catalina.startup.VersionLoggerListener.log Command line argument: -Djava.protocol.handler.pkgs=org.apache.catalina.webresources
14-Apr-2026 12:09:26.084 INFO [main] org.apache.catalina.startup.VersionLoggerListener.log Command line argument: -Dsun.io.useCanonCaches=false
14-Apr-2026 12:09:26.084 INFO [main] org.apache.catalina.startup.VersionLoggerListener.log Command line argument: -Dorg.apache.catalina.security.SecurityListener.UMASK=0027
14-Apr-2026 12:09:26.084 INFO [main] org.apache.catalina.startup.VersionLoggerListener.log Command line argument: -Dignore.endorsed.dirs=
14-Apr-2026 12:09:26.084 INFO [main] org.apache.catalina.startup.VersionLoggerListener.log Command line argument: -Dcatalina.base=/Users/erictran/Downloads/CS157A/CS157A-S1-14/apache-tomcat-9.0.115
14-Apr-2026 12:09:26.084 INFO [main] org.apache.catalina.startup.VersionLoggerListener.log Command line argument: -Dcatalina.home=/Users/erictran/Downloads/CS157A/CS157A-S1-14/apache-tomcat-9.0.115
14-Apr-2026 12:09:26.085 INFO [main] org.apache.catalina.startup.VersionLoggerListener.log Command line argument: -Djava.io.tmpdir=/Users/erictran/Downloads/CS157A/CS157A-S1-14/apache-tomcat-9.0.115/temp
WARNING: A restricted method in java.lang.System has been called
WARNING: java.lang.System::load has been called by org.apache.tomcat.jni.Library in an unnamed module (file:/Users/erictran/Downloads/CS157A/CS157A-S1-14/apache-tomcat-9.0.115/lib/tomcat-jni.jar)
WARNING: Use --enable-native-access=ALL-UNNAMED to avoid a warning for callers in this module
WARNING: Restricted methods will be blocked in a future release unless native access is enabled

14-Apr-2026 12:09:26.090 INFO [main] org.apache.catalina.core.AprLifecycleListener.lifecycleEvent The Apache Tomcat Native library which allows using OpenSSL was not found on the java.library.path: [/Users/erictran/Library/Java/Extensions:/Library/Java/Extensions:/Network/Library/Java/Extensions:/System/Library/Java/Extensions:/usr/lib/java:.]
14-Apr-2026 12:09:26.143 WARNING [main] org.apache.tomcat.util.net.Acceptor.stopMillis The acceptor thread [http-nio-8080-Acceptor] did not stop cleanly
14-Apr-2026 12:09:26.146 INFO [main] org.apache.coyote.AbstractProtocol.destroy Destroying ProtocolHandler ["http-nio-8080"]
14-Apr-2026 12:09:26.215 INFO [main] org.apache.coyote.AbstractProtocol.init Initializing ProtocolHandler ["http-nio-8080"]
14-Apr-2026 12:09:26.226 INFO [main] org.apache.catalina.startup.Catalina.load Server initialization in [219] milliseconds
14-Apr-2026 12:09:26.238 INFO [main] org.apache.catalina.core.StandardService.startInternal Starting service [Catalina]
14-Apr-2026 12:09:26.238 INFO [main] org.apache.catalina.core.StandardEngine.startInternal Starting Servlet engine: [Apache Tomcat/9.0.115]
14-Apr-2026 12:09:26.241 INFO [main] org.apache.catalina.startup.HostConfig.deployDirectory Deploying web application directory [/Users/erictran/Downloads/CS157A/CS157A-S1-14/apache-tomcat-9.0.115/webapps/docs]
14-Apr-2026 12:09:26.432 INFO [main] org.apache.jasper.servlet.TldScanner.scanJars At least one JAR was scanned for TLDs yet contained no TLDs. Enable debug logging for this logger for a complete list of JARs that were scanned but no TLDs were found in them. Skipping unneeded JARs during scanning can improve startup time and JSP compilation time.
14-Apr-2026 12:09:26.445 INFO [main] org.apache.catalina.startup.HostConfig.deployDirectory Deployment of web application directory [/Users/erictran/Downloads/CS157A/CS157A-S1-14/apache-tomcat-9.0.115/webapps/docs] has finished in [203] ms
14-Apr-2026 12:09:26.445 INFO [main] org.apache.catalina.startup.HostConfig.deployDirectory Deploying web application directory [/Users/erictran/Downloads/CS157A/CS157A-S1-14/apache-tomcat-9.0.115/webapps/TaskME]
14-Apr-2026 12:09:26.531 INFO [main] org.apache.jasper.servlet.TldScanner.scanJars At least one JAR was scanned for TLDs yet contained no TLDs. Enable debug logging for this logger for a complete list of JARs that were scanned but no TLDs were found in them. Skipping unneeded JARs during scanning can improve startup time and JSP compilation time.
14-Apr-2026 12:09:26.533 INFO [main] org.apache.catalina.startup.HostConfig.deployDirectory Deployment of web application directory [/Users/erictran/Downloads/CS157A/CS157A-S1-14/apache-tomcat-9.0.115/webapps/TaskME] has finished in [88] ms
14-Apr-2026 12:09:26.533 INFO [main] org.apache.catalina.startup.HostConfig.deployDirectory Deploying web application directory [/Users/erictran/Downloads/CS157A/CS157A-S1-14/apache-tomcat-9.0.115/webapps/manager]
14-Apr-2026 12:09:26.611 INFO [main] org.apache.jasper.servlet.TldScanner.scanJars At least one JAR was scanned for TLDs yet contained no TLDs. Enable debug logging for this logger for a complete list of JARs that were scanned but no TLDs were found in them. Skipping unneeded JARs during scanning can improve startup time and JSP compilation time.
14-Apr-2026 12:09:26.613 INFO [main] org.apache.catalina.startup.HostConfig.deployDirectory Deployment of web application directory [/Users/erictran/Downloads/CS157A/CS157A-S1-14/apache-tomcat-9.0.115/webapps/manager] has finished in [80] ms
14-Apr-2026 12:09:26.613 INFO [main] org.apache.catalina.startup.HostConfig.deployDirectory Deploying web application directory [/Users/erictran/Downloads/CS157A/CS157A-S1-14/apache-tomcat-9.0.115/webapps/examples]
14-Apr-2026 12:09:26.742 INFO [main] org.apache.jasper.servlet.TldScanner.scanJars At least one JAR was scanned for TLDs yet contained no TLDs. Enable debug logging for this logger for a complete list of JARs that were scanned but no TLDs were found in them. Skipping unneeded JARs during scanning can improve startup time and JSP compilation time.
14-Apr-2026 12:09:26.748 INFO [main] org.apache.catalina.startup.HostConfig.deployDirectory Deployment of web application directory [/Users/erictran/Downloads/CS157A/CS157A-S1-14/apache-tomcat-9.0.115/webapps/examples] has finished in [135] ms
14-Apr-2026 12:09:26.748 INFO [main] org.apache.catalina.startup.HostConfig.deployDirectory Deploying web application directory [/Users/erictran/Downloads/CS157A/CS157A-S1-14/apache-tomcat-9.0.115/webapps/ROOT]
14-Apr-2026 12:09:26.815 INFO [main] org.apache.jasper.servlet.TldScanner.scanJars At least one JAR was scanned for TLDs yet contained no TLDs. Enable debug logging for this logger for a complete list of JARs that were scanned but no TLDs were found in them. Skipping unneeded JARs during scanning can improve startup time and JSP compilation time.
14-Apr-2026 12:09:26.816 INFO [main] org.apache.catalina.startup.HostConfig.deployDirectory Deployment of web application directory [/Users/erictran/Downloads/CS157A/CS157A-S1-14/apache-tomcat-9.0.115/webapps/ROOT] has finished in [67] ms
14-Apr-2026 12:09:26.816 INFO [main] org.apache.catalina.startup.HostConfig.deployDirectory Deploying web application directory [/Users/erictran/Downloads/CS157A/CS157A-S1-14/apache-tomcat-9.0.115/webapps/host-manager]
14-Apr-2026 12:09:26.887 INFO [main] org.apache.jasper.servlet.TldScanner.scanJars At least one JAR was scanned for TLDs yet contained no TLDs. Enable debug logging for this logger for a complete list of JARs that were scanned but no TLDs were found in them. Skipping unneeded JARs during scanning can improve startup time and JSP compilation time.
14-Apr-2026 12:09:26.889 INFO [main] org.apache.catalina.startup.HostConfig.deployDirectory Deployment of web application directory [/Users/erictran/Downloads/CS157A/CS157A-S1-14/apache-tomcat-9.0.115/webapps/host-manager] has finished in [73] ms
14-Apr-2026 12:09:26.891 INFO [main] org.apache.coyote.AbstractProtocol.start Starting ProtocolHandler ["http-nio-8080"]
14-Apr-2026 12:09:26.896 INFO [main] org.apache.catalina.startup.Catalina.start Server startup in [669] milliseconds
14-Apr-2026 12:13:10.251 INFO [main] org.apache.catalina.core.StandardServer.await A valid shutdown command was received via the shutdown port. Stopping the Server instance.
14-Apr-2026 12:13:10.251 INFO [main] org.apache.coyote.AbstractProtocol.pause Pausing ProtocolHandler ["http-nio-8080"]
14-Apr-2026 12:13:11.254 INFO [main] org.apache.catalina.core.StandardService.stopInternal Stopping service [Catalina]
14-Apr-2026 12:13:11.287 INFO [main] org.apache.coyote.AbstractProtocol.stop Stopping ProtocolHandler ["http-nio-8080"]
14-Apr-2026 12:13:11.889 WARNING [main] org.apache.tomcat.util.net.Acceptor.stopMillis The acceptor thread [http-nio-8080-Acceptor] did not stop cleanly
14-Apr-2026 12:13:11.896 INFO [main] org.apache.coyote.AbstractProtocol.destroy Destroying ProtocolHandler ["http-nio-8080"]
NOTE: Picked up JDK_JAVA_OPTIONS:  --add-opens=java.base/java.lang=ALL-UNNAMED --add-opens=java.base/java.lang.invoke=ALL-UNNAMED --add-opens=java.base/java.lang.reflect=ALL-UNNAMED --add-opens=java.base/java.io=ALL-UNNAMED --add-opens=java.base/java.util=ALL-UNNAMED --add-opens=java.base/java.util.concurrent=ALL-UNNAMED --add-opens=java.rmi/sun.rmi.transport=ALL-UNNAMED
14-Apr-2026 12:13:45.275 INFO [main] org.apache.catalina.startup.VersionLoggerListener.log Server version name:   Apache Tomcat/9.0.115
14-Apr-2026 12:13:45.276 INFO [main] org.apache.catalina.startup.VersionLoggerListener.log Server built:          Jan 21 2026 08:17:26 UTC
14-Apr-2026 12:13:45.277 INFO [main] org.apache.catalina.startup.VersionLoggerListener.log Server version number: 9.0.115.0
14-Apr-2026 12:13:45.277 INFO [main] org.apache.catalina.startup.VersionLoggerListener.log OS Name:               Mac OS X
14-Apr-2026 12:13:45.277 INFO [main] org.apache.catalina.startup.VersionLoggerListener.log OS Version:            26.4.1
14-Apr-2026 12:13:45.277 INFO [main] org.apache.catalina.startup.VersionLoggerListener.log Architecture:          aarch64
14-Apr-2026 12:13:45.277 INFO [main] org.apache.catalina.startup.VersionLoggerListener.log Java Home:             /Library/Java/JavaVirtualMachines/jdk-25.jdk/Contents/Home
14-Apr-2026 12:13:45.277 INFO [main] org.apache.catalina.startup.VersionLoggerListener.log JVM Version:           25.0.2+10-LTS-69
14-Apr-2026 12:13:45.277 INFO [main] org.apache.catalina.startup.VersionLoggerListener.log JVM Vendor:            Oracle Corporation
14-Apr-2026 12:13:45.277 INFO [main] org.apache.catalina.startup.VersionLoggerListener.log CATALINA_BASE:         /Users/erictran/Downloads/CS157A/CS157A-S1-14/apache-tomcat-9.0.115
14-Apr-2026 12:13:45.277 INFO [main] org.apache.catalina.startup.VersionLoggerListener.log CATALINA_HOME:         /Users/erictran/Downloads/CS157A/CS157A-S1-14/apache-tomcat-9.0.115
14-Apr-2026 12:13:45.281 INFO [main] org.apache.catalina.startup.VersionLoggerListener.log Command line argument: --add-opens=java.base/java.lang=ALL-UNNAMED
14-Apr-2026 12:13:45.281 INFO [main] org.apache.catalina.startup.VersionLoggerListener.log Command line argument: --add-opens=java.base/java.lang.invoke=ALL-UNNAMED
14-Apr-2026 12:13:45.281 INFO [main] org.apache.catalina.startup.VersionLoggerListener.log Command line argument: --add-opens=java.base/java.lang.reflect=ALL-UNNAMED
14-Apr-2026 12:13:45.281 INFO [main] org.apache.catalina.startup.VersionLoggerListener.log Command line argument: --add-opens=java.base/java.io=ALL-UNNAMED
14-Apr-2026 12:13:45.281 INFO [main] org.apache.catalina.startup.VersionLoggerListener.log Command line argument: --add-opens=java.base/java.util=ALL-UNNAMED
14-Apr-2026 12:13:45.281 INFO [main] org.apache.catalina.startup.VersionLoggerListener.log Command line argument: --add-opens=java.base/java.util.concurrent=ALL-UNNAMED
14-Apr-2026 12:13:45.282 INFO [main] org.apache.catalina.startup.VersionLoggerListener.log Command line argument: --add-opens=java.rmi/sun.rmi.transport=ALL-UNNAMED
14-Apr-2026 12:13:45.282 INFO [main] org.apache.catalina.startup.VersionLoggerListener.log Command line argument: -Djava.util.logging.config.file=/Users/erictran/Downloads/CS157A/CS157A-S1-14/apache-tomcat-9.0.115/conf/logging.properties
14-Apr-2026 12:13:45.282 INFO [main] org.apache.catalina.startup.VersionLoggerListener.log Command line argument: -Djava.util.logging.manager=org.apache.juli.ClassLoaderLogManager
14-Apr-2026 12:13:45.282 INFO [main] org.apache.catalina.startup.VersionLoggerListener.log Command line argument: -Djdk.tls.ephemeralDHKeySize=2048
14-Apr-2026 12:13:45.282 INFO [main] org.apache.catalina.startup.VersionLoggerListener.log Command line argument: -Djava.protocol.handler.pkgs=org.apache.catalina.webresources
14-Apr-2026 12:13:45.282 INFO [main] org.apache.catalina.startup.VersionLoggerListener.log Command line argument: -Dsun.io.useCanonCaches=false
14-Apr-2026 12:13:45.282 INFO [main] org.apache.catalina.startup.VersionLoggerListener.log Command line argument: -Dorg.apache.catalina.security.SecurityListener.UMASK=0027
14-Apr-2026 12:13:45.282 INFO [main] org.apache.catalina.startup.VersionLoggerListener.log Command line argument: -Dignore.endorsed.dirs=
14-Apr-2026 12:13:45.282 INFO [main] org.apache.catalina.startup.VersionLoggerListener.log Command line argument: -Dcatalina.base=/Users/erictran/Downloads/CS157A/CS157A-S1-14/apache-tomcat-9.0.115
14-Apr-2026 12:13:45.282 INFO [main] org.apache.catalina.startup.VersionLoggerListener.log Command line argument: -Dcatalina.home=/Users/erictran/Downloads/CS157A/CS157A-S1-14/apache-tomcat-9.0.115
14-Apr-2026 12:13:45.282 INFO [main] org.apache.catalina.startup.VersionLoggerListener.log Command line argument: -Djava.io.tmpdir=/Users/erictran/Downloads/CS157A/CS157A-S1-14/apache-tomcat-9.0.115/temp
WARNING: A restricted method in java.lang.System has been called
WARNING: java.lang.System::load has been called by org.apache.tomcat.jni.Library in an unnamed module (file:/Users/erictran/Downloads/CS157A/CS157A-S1-14/apache-tomcat-9.0.115/lib/tomcat-jni.jar)
WARNING: Use --enable-native-access=ALL-UNNAMED to avoid a warning for callers in this module
WARNING: Restricted methods will be blocked in a future release unless native access is enabled

14-Apr-2026 12:13:45.287 INFO [main] org.apache.catalina.core.AprLifecycleListener.lifecycleEvent The Apache Tomcat Native library which allows using OpenSSL was not found on the java.library.path: [/Users/erictran/Library/Java/Extensions:/Library/Java/Extensions:/Network/Library/Java/Extensions:/System/Library/Java/Extensions:/usr/lib/java:.]
14-Apr-2026 12:13:45.409 INFO [main] org.apache.coyote.AbstractProtocol.init Initializing ProtocolHandler ["http-nio-8080"]
14-Apr-2026 12:13:45.420 INFO [main] org.apache.catalina.startup.Catalina.load Server initialization in [211] milliseconds
14-Apr-2026 12:13:45.432 INFO [main] org.apache.catalina.core.StandardService.startInternal Starting service [Catalina]
14-Apr-2026 12:13:45.432 INFO [main] org.apache.catalina.core.StandardEngine.startInternal Starting Servlet engine: [Apache Tomcat/9.0.115]
14-Apr-2026 12:13:45.434 INFO [main] org.apache.catalina.startup.HostConfig.deployDirectory Deploying web application directory [/Users/erictran/Downloads/CS157A/CS157A-S1-14/apache-tomcat-9.0.115/webapps/docs]
14-Apr-2026 12:13:45.612 INFO [main] org.apache.jasper.servlet.TldScanner.scanJars At least one JAR was scanned for TLDs yet contained no TLDs. Enable debug logging for this logger for a complete list of JARs that were scanned but no TLDs were found in them. Skipping unneeded JARs during scanning can improve startup time and JSP compilation time.
14-Apr-2026 12:13:45.625 INFO [main] org.apache.catalina.startup.HostConfig.deployDirectory Deployment of web application directory [/Users/erictran/Downloads/CS157A/CS157A-S1-14/apache-tomcat-9.0.115/webapps/docs] has finished in [189] ms
14-Apr-2026 12:13:45.625 INFO [main] org.apache.catalina.startup.HostConfig.deployDirectory Deploying web application directory [/Users/erictran/Downloads/CS157A/CS157A-S1-14/apache-tomcat-9.0.115/webapps/TaskME]
14-Apr-2026 12:13:45.709 INFO [main] org.apache.jasper.servlet.TldScanner.scanJars At least one JAR was scanned for TLDs yet contained no TLDs. Enable debug logging for this logger for a complete list of JARs that were scanned but no TLDs were found in them. Skipping unneeded JARs during scanning can improve startup time and JSP compilation time.
14-Apr-2026 12:13:45.715 INFO [main] org.apache.catalina.startup.HostConfig.deployDirectory Deployment of web application directory [/Users/erictran/Downloads/CS157A/CS157A-S1-14/apache-tomcat-9.0.115/webapps/TaskME] has finished in [90] ms
14-Apr-2026 12:13:45.715 INFO [main] org.apache.catalina.startup.HostConfig.deployDirectory Deploying web application directory [/Users/erictran/Downloads/CS157A/CS157A-S1-14/apache-tomcat-9.0.115/webapps/manager]
14-Apr-2026 12:13:45.792 INFO [main] org.apache.jasper.servlet.TldScanner.scanJars At least one JAR was scanned for TLDs yet contained no TLDs. Enable debug logging for this logger for a complete list of JARs that were scanned but no TLDs were found in them. Skipping unneeded JARs during scanning can improve startup time and JSP compilation time.
14-Apr-2026 12:13:45.794 INFO [main] org.apache.catalina.startup.HostConfig.deployDirectory Deployment of web application directory [/Users/erictran/Downloads/CS157A/CS157A-S1-14/apache-tomcat-9.0.115/webapps/manager] has finished in [79] ms
14-Apr-2026 12:13:45.794 INFO [main] org.apache.catalina.startup.HostConfig.deployDirectory Deploying web application directory [/Users/erictran/Downloads/CS157A/CS157A-S1-14/apache-tomcat-9.0.115/webapps/examples]
14-Apr-2026 12:13:45.927 INFO [main] org.apache.jasper.servlet.TldScanner.scanJars At least one JAR was scanned for TLDs yet contained no TLDs. Enable debug logging for this logger for a complete list of JARs that were scanned but no TLDs were found in them. Skipping unneeded JARs during scanning can improve startup time and JSP compilation time.
14-Apr-2026 12:13:45.933 INFO [main] org.apache.catalina.startup.HostConfig.deployDirectory Deployment of web application directory [/Users/erictran/Downloads/CS157A/CS157A-S1-14/apache-tomcat-9.0.115/webapps/examples] has finished in [139] ms
14-Apr-2026 12:13:45.933 INFO [main] org.apache.catalina.startup.HostConfig.deployDirectory Deploying web application directory [/Users/erictran/Downloads/CS157A/CS157A-S1-14/apache-tomcat-9.0.115/webapps/ROOT]
14-Apr-2026 12:13:45.998 INFO [main] org.apache.jasper.servlet.TldScanner.scanJars At least one JAR was scanned for TLDs yet contained no TLDs. Enable debug logging for this logger for a complete list of JARs that were scanned but no TLDs were found in them. Skipping unneeded JARs during scanning can improve startup time and JSP compilation time.
14-Apr-2026 12:13:45.999 INFO [main] org.apache.catalina.startup.HostConfig.deployDirectory Deployment of web application directory [/Users/erictran/Downloads/CS157A/CS157A-S1-14/apache-tomcat-9.0.115/webapps/ROOT] has finished in [66] ms
14-Apr-2026 12:13:45.999 INFO [main] org.apache.catalina.startup.HostConfig.deployDirectory Deploying web application directory [/Users/erictran/Downloads/CS157A/CS157A-S1-14/apache-tomcat-9.0.115/webapps/host-manager]
14-Apr-2026 12:13:46.066 INFO [main] org.apache.jasper.servlet.TldScanner.scanJars At least one JAR was scanned for TLDs yet contained no TLDs. Enable debug logging for this logger for a complete list of JARs that were scanned but no TLDs were found in them. Skipping unneeded JARs during scanning can improve startup time and JSP compilation time.
14-Apr-2026 12:13:46.067 INFO [main] org.apache.catalina.startup.HostConfig.deployDirectory Deployment of web application directory [/Users/erictran/Downloads/CS157A/CS157A-S1-14/apache-tomcat-9.0.115/webapps/host-manager] has finished in [68] ms
14-Apr-2026 12:13:46.068 INFO [main] org.apache.coyote.AbstractProtocol.start Starting ProtocolHandler ["http-nio-8080"]
14-Apr-2026 12:13:46.072 INFO [main] org.apache.catalina.startup.Catalina.start Server startup in [651] milliseconds
14-Apr-2026 12:15:52.611 INFO [main] org.apache.catalina.core.StandardServer.await A valid shutdown command was received via the shutdown port. Stopping the Server instance.
14-Apr-2026 12:15:52.611 INFO [main] org.apache.coyote.AbstractProtocol.pause Pausing ProtocolHandler ["http-nio-8080"]
14-Apr-2026 12:15:53.614 INFO [main] org.apache.catalina.core.StandardService.stopInternal Stopping service [Catalina]
14-Apr-2026 12:15:53.641 INFO [main] org.apache.coyote.AbstractProtocol.stop Stopping ProtocolHandler ["http-nio-8080"]
14-Apr-2026 12:15:54.247 WARNING [main] org.apache.tomcat.util.net.Acceptor.stopMillis The acceptor thread [http-nio-8080-Acceptor] did not stop cleanly
14-Apr-2026 12:15:54.251 INFO [main] org.apache.coyote.AbstractProtocol.destroy Destroying ProtocolHandler ["http-nio-8080"]
NOTE: Picked up JDK_JAVA_OPTIONS:  --add-opens=java.base/java.lang=ALL-UNNAMED --add-opens=java.base/java.lang.invoke=ALL-UNNAMED --add-opens=java.base/java.lang.reflect=ALL-UNNAMED --add-opens=java.base/java.io=ALL-UNNAMED --add-opens=java.base/java.util=ALL-UNNAMED --add-opens=java.base/java.util.concurrent=ALL-UNNAMED --add-opens=java.rmi/sun.rmi.transport=ALL-UNNAMED
14-Apr-2026 12:32:00.172 INFO [main] org.apache.catalina.startup.VersionLoggerListener.log Server version name:   Apache Tomcat/9.0.115
14-Apr-2026 12:32:00.173 INFO [main] org.apache.catalina.startup.VersionLoggerListener.log Server built:          Jan 21 2026 08:17:26 UTC
14-Apr-2026 12:32:00.173 INFO [main] org.apache.catalina.startup.VersionLoggerListener.log Server version number: 9.0.115.0
14-Apr-2026 12:32:00.174 INFO [main] org.apache.catalina.startup.VersionLoggerListener.log OS Name:               Mac OS X
14-Apr-2026 12:32:00.174 INFO [main] org.apache.catalina.startup.VersionLoggerListener.log OS Version:            26.4.1
14-Apr-2026 12:32:00.174 INFO [main] org.apache.catalina.startup.VersionLoggerListener.log Architecture:          aarch64
14-Apr-2026 12:32:00.174 INFO [main] org.apache.catalina.startup.VersionLoggerListener.log Java Home:             /Library/Java/JavaVirtualMachines/jdk-25.jdk/Contents/Home
14-Apr-2026 12:32:00.174 INFO [main] org.apache.catalina.startup.VersionLoggerListener.log JVM Version:           25.0.2+10-LTS-69
14-Apr-2026 12:32:00.174 INFO [main] org.apache.catalina.startup.VersionLoggerListener.log JVM Vendor:            Oracle Corporation
14-Apr-2026 12:32:00.174 INFO [main] org.apache.catalina.startup.VersionLoggerListener.log CATALINA_BASE:         /Users/erictran/Downloads/CS157A/CS157A-S1-14/apache-tomcat-9.0.115
14-Apr-2026 12:32:00.174 INFO [main] org.apache.catalina.startup.VersionLoggerListener.log CATALINA_HOME:         /Users/erictran/Downloads/CS157A/CS157A-S1-14/apache-tomcat-9.0.115
14-Apr-2026 12:32:00.178 INFO [main] org.apache.catalina.startup.VersionLoggerListener.log Command line argument: --add-opens=java.base/java.lang=ALL-UNNAMED
14-Apr-2026 12:32:00.178 INFO [main] org.apache.catalina.startup.VersionLoggerListener.log Command line argument: --add-opens=java.base/java.lang.invoke=ALL-UNNAMED
14-Apr-2026 12:32:00.178 INFO [main] org.apache.catalina.startup.VersionLoggerListener.log Command line argument: --add-opens=java.base/java.lang.reflect=ALL-UNNAMED
14-Apr-2026 12:32:00.178 INFO [main] org.apache.catalina.startup.VersionLoggerListener.log Command line argument: --add-opens=java.base/java.io=ALL-UNNAMED
14-Apr-2026 12:32:00.178 INFO [main] org.apache.catalina.startup.VersionLoggerListener.log Command line argument: --add-opens=java.base/java.util=ALL-UNNAMED
14-Apr-2026 12:32:00.178 INFO [main] org.apache.catalina.startup.VersionLoggerListener.log Command line argument: --add-opens=java.base/java.util.concurrent=ALL-UNNAMED
14-Apr-2026 12:32:00.178 INFO [main] org.apache.catalina.startup.VersionLoggerListener.log Command line argument: --add-opens=java.rmi/sun.rmi.transport=ALL-UNNAMED
14-Apr-2026 12:32:00.178 INFO [main] org.apache.catalina.startup.VersionLoggerListener.log Command line argument: -Djava.util.logging.config.file=/Users/erictran/Downloads/CS157A/CS157A-S1-14/apache-tomcat-9.0.115/conf/logging.properties
14-Apr-2026 12:32:00.178 INFO [main] org.apache.catalina.startup.VersionLoggerListener.log Command line argument: -Djava.util.logging.manager=org.apache.juli.ClassLoaderLogManager
14-Apr-2026 12:32:00.178 INFO [main] org.apache.catalina.startup.VersionLoggerListener.log Command line argument: -Djdk.tls.ephemeralDHKeySize=2048
14-Apr-2026 12:32:00.178 INFO [main] org.apache.catalina.startup.VersionLoggerListener.log Command line argument: -Djava.protocol.handler.pkgs=org.apache.catalina.webresources
14-Apr-2026 12:32:00.179 INFO [main] org.apache.catalina.startup.VersionLoggerListener.log Command line argument: -Dsun.io.useCanonCaches=false
14-Apr-2026 12:32:00.179 INFO [main] org.apache.catalina.startup.VersionLoggerListener.log Command line argument: -Dorg.apache.catalina.security.SecurityListener.UMASK=0027
14-Apr-2026 12:32:00.179 INFO [main] org.apache.catalina.startup.VersionLoggerListener.log Command line argument: -Dignore.endorsed.dirs=
14-Apr-2026 12:32:00.179 INFO [main] org.apache.catalina.startup.VersionLoggerListener.log Command line argument: -Dcatalina.base=/Users/erictran/Downloads/CS157A/CS157A-S1-14/apache-tomcat-9.0.115
14-Apr-2026 12:32:00.179 INFO [main] org.apache.catalina.startup.VersionLoggerListener.log Command line argument: -Dcatalina.home=/Users/erictran/Downloads/CS157A/CS157A-S1-14/apache-tomcat-9.0.115
14-Apr-2026 12:32:00.179 INFO [main] org.apache.catalina.startup.VersionLoggerListener.log Command line argument: -Djava.io.tmpdir=/Users/erictran/Downloads/CS157A/CS157A-S1-14/apache-tomcat-9.0.115/temp
WARNING: A restricted method in java.lang.System has been called
WARNING: java.lang.System::load has been called by org.apache.tomcat.jni.Library in an unnamed module (file:/Users/erictran/Downloads/CS157A/CS157A-S1-14/apache-tomcat-9.0.115/lib/tomcat-jni.jar)
WARNING: Use --enable-native-access=ALL-UNNAMED to avoid a warning for callers in this module
WARNING: Restricted methods will be blocked in a future release unless native access is enabled

14-Apr-2026 12:32:00.184 INFO [main] org.apache.catalina.core.AprLifecycleListener.lifecycleEvent The Apache Tomcat Native library which allows using OpenSSL was not found on the java.library.path: [/Users/erictran/Library/Java/Extensions:/Library/Java/Extensions:/Network/Library/Java/Extensions:/System/Library/Java/Extensions:/usr/lib/java:.]
14-Apr-2026 12:32:00.313 INFO [main] org.apache.coyote.AbstractProtocol.init Initializing ProtocolHandler ["http-nio-8080"]
14-Apr-2026 12:32:00.324 INFO [main] org.apache.catalina.startup.Catalina.load Server initialization in [217] milliseconds
14-Apr-2026 12:32:00.337 INFO [main] org.apache.catalina.core.StandardService.startInternal Starting service [Catalina]
14-Apr-2026 12:32:00.337 INFO [main] org.apache.catalina.core.StandardEngine.startInternal Starting Servlet engine: [Apache Tomcat/9.0.115]
14-Apr-2026 12:32:00.340 INFO [main] org.apache.catalina.startup.HostConfig.deployDirectory Deploying web application directory [/Users/erictran/Downloads/CS157A/CS157A-S1-14/apache-tomcat-9.0.115/webapps/docs]
14-Apr-2026 12:32:00.519 INFO [main] org.apache.jasper.servlet.TldScanner.scanJars At least one JAR was scanned for TLDs yet contained no TLDs. Enable debug logging for this logger for a complete list of JARs that were scanned but no TLDs were found in them. Skipping unneeded JARs during scanning can improve startup time and JSP compilation time.
14-Apr-2026 12:32:00.532 INFO [main] org.apache.catalina.startup.HostConfig.deployDirectory Deployment of web application directory [/Users/erictran/Downloads/CS157A/CS157A-S1-14/apache-tomcat-9.0.115/webapps/docs] has finished in [191] ms
14-Apr-2026 12:32:00.532 INFO [main] org.apache.catalina.startup.HostConfig.deployDirectory Deploying web application directory [/Users/erictran/Downloads/CS157A/CS157A-S1-14/apache-tomcat-9.0.115/webapps/TaskME]
14-Apr-2026 12:32:00.618 INFO [main] org.apache.jasper.servlet.TldScanner.scanJars At least one JAR was scanned for TLDs yet contained no TLDs. Enable debug logging for this logger for a complete list of JARs that were scanned but no TLDs were found in them. Skipping unneeded JARs during scanning can improve startup time and JSP compilation time.
14-Apr-2026 12:32:00.624 INFO [main] org.apache.catalina.startup.HostConfig.deployDirectory Deployment of web application directory [/Users/erictran/Downloads/CS157A/CS157A-S1-14/apache-tomcat-9.0.115/webapps/TaskME] has finished in [92] ms
14-Apr-2026 12:32:00.624 INFO [main] org.apache.catalina.startup.HostConfig.deployDirectory Deploying web application directory [/Users/erictran/Downloads/CS157A/CS157A-S1-14/apache-tomcat-9.0.115/webapps/manager]
14-Apr-2026 12:32:00.698 INFO [main] org.apache.jasper.servlet.TldScanner.scanJars At least one JAR was scanned for TLDs yet contained no TLDs. Enable debug logging for this logger for a complete list of JARs that were scanned but no TLDs were found in them. Skipping unneeded JARs during scanning can improve startup time and JSP compilation time.
14-Apr-2026 12:32:00.701 INFO [main] org.apache.catalina.startup.HostConfig.deployDirectory Deployment of web application directory [/Users/erictran/Downloads/CS157A/CS157A-S1-14/apache-tomcat-9.0.115/webapps/manager] has finished in [77] ms
14-Apr-2026 12:32:00.701 INFO [main] org.apache.catalina.startup.HostConfig.deployDirectory Deploying web application directory [/Users/erictran/Downloads/CS157A/CS157A-S1-14/apache-tomcat-9.0.115/webapps/examples]
14-Apr-2026 12:32:00.821 INFO [main] org.apache.jasper.servlet.TldScanner.scanJars At least one JAR was scanned for TLDs yet contained no TLDs. Enable debug logging for this logger for a complete list of JARs that were scanned but no TLDs were found in them. Skipping unneeded JARs during scanning can improve startup time and JSP compilation time.
14-Apr-2026 12:32:00.827 INFO [main] org.apache.catalina.startup.HostConfig.deployDirectory Deployment of web application directory [/Users/erictran/Downloads/CS157A/CS157A-S1-14/apache-tomcat-9.0.115/webapps/examples] has finished in [126] ms
14-Apr-2026 12:32:00.827 INFO [main] org.apache.catalina.startup.HostConfig.deployDirectory Deploying web application directory [/Users/erictran/Downloads/CS157A/CS157A-S1-14/apache-tomcat-9.0.115/webapps/ROOT]
14-Apr-2026 12:32:00.894 INFO [main] org.apache.jasper.servlet.TldScanner.scanJars At least one JAR was scanned for TLDs yet contained no TLDs. Enable debug logging for this logger for a complete list of JARs that were scanned but no TLDs were found in them. Skipping unneeded JARs during scanning can improve startup time and JSP compilation time.
14-Apr-2026 12:32:00.895 INFO [main] org.apache.catalina.startup.HostConfig.deployDirectory Deployment of web application directory [/Users/erictran/Downloads/CS157A/CS157A-S1-14/apache-tomcat-9.0.115/webapps/ROOT] has finished in [68] ms
14-Apr-2026 12:32:00.895 INFO [main] org.apache.catalina.startup.HostConfig.deployDirectory Deploying web application directory [/Users/erictran/Downloads/CS157A/CS157A-S1-14/apache-tomcat-9.0.115/webapps/host-manager]
14-Apr-2026 12:32:00.962 INFO [main] org.apache.jasper.servlet.TldScanner.scanJars At least one JAR was scanned for TLDs yet contained no TLDs. Enable debug logging for this logger for a complete list of JARs that were scanned but no TLDs were found in them. Skipping unneeded JARs during scanning can improve startup time and JSP compilation time.
14-Apr-2026 12:32:00.963 INFO [main] org.apache.catalina.startup.HostConfig.deployDirectory Deployment of web application directory [/Users/erictran/Downloads/CS157A/CS157A-S1-14/apache-tomcat-9.0.115/webapps/host-manager] has finished in [67] ms
14-Apr-2026 12:32:00.964 INFO [main] org.apache.coyote.AbstractProtocol.start Starting ProtocolHandler ["http-nio-8080"]
14-Apr-2026 12:32:00.968 INFO [main] org.apache.catalina.startup.Catalina.start Server startup in [643] milliseconds
14-Apr-2026 12:46:35.094 INFO [main] org.apache.catalina.core.StandardServer.await A valid shutdown command was received via the shutdown port. Stopping the Server instance.
14-Apr-2026 12:46:35.095 INFO [main] org.apache.coyote.AbstractProtocol.pause Pausing ProtocolHandler ["http-nio-8080"]
14-Apr-2026 12:46:36.097 INFO [main] org.apache.catalina.core.StandardService.stopInternal Stopping service [Catalina]
14-Apr-2026 12:46:36.125 INFO [main] org.apache.coyote.AbstractProtocol.stop Stopping ProtocolHandler ["http-nio-8080"]
14-Apr-2026 12:46:36.731 WARNING [main] org.apache.tomcat.util.net.Acceptor.stopMillis The acceptor thread [http-nio-8080-Acceptor] did not stop cleanly
14-Apr-2026 12:46:36.735 INFO [main] org.apache.coyote.AbstractProtocol.destroy Destroying ProtocolHandler ["http-nio-8080"]
NOTE: Picked up JDK_JAVA_OPTIONS:  --add-opens=java.base/java.lang=ALL-UNNAMED --add-opens=java.base/java.lang.invoke=ALL-UNNAMED --add-opens=java.base/java.lang.reflect=ALL-UNNAMED --add-opens=java.base/java.io=ALL-UNNAMED --add-opens=java.base/java.util=ALL-UNNAMED --add-opens=java.base/java.util.concurrent=ALL-UNNAMED --add-opens=java.rmi/sun.rmi.transport=ALL-UNNAMED
14-Apr-2026 12:58:12.243 INFO [main] org.apache.catalina.startup.VersionLoggerListener.log Server version name:   Apache Tomcat/9.0.115
14-Apr-2026 12:58:12.244 INFO [main] org.apache.catalina.startup.VersionLoggerListener.log Server built:          Jan 21 2026 08:17:26 UTC
14-Apr-2026 12:58:12.244 INFO [main] org.apache.catalina.startup.VersionLoggerListener.log Server version number: 9.0.115.0
14-Apr-2026 12:58:12.244 INFO [main] org.apache.catalina.startup.VersionLoggerListener.log OS Name:               Mac OS X
14-Apr-2026 12:58:12.245 INFO [main] org.apache.catalina.startup.VersionLoggerListener.log OS Version:            26.4.1
14-Apr-2026 12:58:12.245 INFO [main] org.apache.catalina.startup.VersionLoggerListener.log Architecture:          aarch64
14-Apr-2026 12:58:12.245 INFO [main] org.apache.catalina.startup.VersionLoggerListener.log Java Home:             /Library/Java/JavaVirtualMachines/jdk-25.jdk/Contents/Home
14-Apr-2026 12:58:12.245 INFO [main] org.apache.catalina.startup.VersionLoggerListener.log JVM Version:           25.0.2+10-LTS-69
14-Apr-2026 12:58:12.245 INFO [main] org.apache.catalina.startup.VersionLoggerListener.log JVM Vendor:            Oracle Corporation
14-Apr-2026 12:58:12.245 INFO [main] org.apache.catalina.startup.VersionLoggerListener.log CATALINA_BASE:         /Users/erictran/Downloads/CS157A/CS157A-S1-14/apache-tomcat-9.0.115
14-Apr-2026 12:58:12.245 INFO [main] org.apache.catalina.startup.VersionLoggerListener.log CATALINA_HOME:         /Users/erictran/Downloads/CS157A/CS157A-S1-14/apache-tomcat-9.0.115
14-Apr-2026 12:58:12.252 INFO [main] org.apache.catalina.startup.VersionLoggerListener.log Command line argument: --add-opens=java.base/java.lang=ALL-UNNAMED
14-Apr-2026 12:58:12.252 INFO [main] org.apache.catalina.startup.VersionLoggerListener.log Command line argument: --add-opens=java.base/java.lang.invoke=ALL-UNNAMED
14-Apr-2026 12:58:12.252 INFO [main] org.apache.catalina.startup.VersionLoggerListener.log Command line argument: --add-opens=java.base/java.lang.reflect=ALL-UNNAMED
14-Apr-2026 12:58:12.252 INFO [main] org.apache.catalina.startup.VersionLoggerListener.log Command line argument: --add-opens=java.base/java.io=ALL-UNNAMED
14-Apr-2026 12:58:12.252 INFO [main] org.apache.catalina.startup.VersionLoggerListener.log Command line argument: --add-opens=java.base/java.util=ALL-UNNAMED
14-Apr-2026 12:58:12.252 INFO [main] org.apache.catalina.startup.VersionLoggerListener.log Command line argument: --add-opens=java.base/java.util.concurrent=ALL-UNNAMED
14-Apr-2026 12:58:12.252 INFO [main] org.apache.catalina.startup.VersionLoggerListener.log Command line argument: --add-opens=java.rmi/sun.rmi.transport=ALL-UNNAMED
14-Apr-2026 12:58:12.252 INFO [main] org.apache.catalina.startup.VersionLoggerListener.log Command line argument: -Djava.util.logging.config.file=/Users/erictran/Downloads/CS157A/CS157A-S1-14/apache-tomcat-9.0.115/conf/logging.properties
14-Apr-2026 12:58:12.252 INFO [main] org.apache.catalina.startup.VersionLoggerListener.log Command line argument: -Djava.util.logging.manager=org.apache.juli.ClassLoaderLogManager
14-Apr-2026 12:58:12.252 INFO [main] org.apache.catalina.startup.VersionLoggerListener.log Command line argument: -Djdk.tls.ephemeralDHKeySize=2048
14-Apr-2026 12:58:12.253 INFO [main] org.apache.catalina.startup.VersionLoggerListener.log Command line argument: -Djava.protocol.handler.pkgs=org.apache.catalina.webresources
14-Apr-2026 12:58:12.253 INFO [main] org.apache.catalina.startup.VersionLoggerListener.log Command line argument: -Dsun.io.useCanonCaches=false
14-Apr-2026 12:58:12.253 INFO [main] org.apache.catalina.startup.VersionLoggerListener.log Command line argument: -Dorg.apache.catalina.security.SecurityListener.UMASK=0027
14-Apr-2026 12:58:12.253 INFO [main] org.apache.catalina.startup.VersionLoggerListener.log Command line argument: -Dignore.endorsed.dirs=
14-Apr-2026 12:58:12.253 INFO [main] org.apache.catalina.startup.VersionLoggerListener.log Command line argument: -Dcatalina.base=/Users/erictran/Downloads/CS157A/CS157A-S1-14/apache-tomcat-9.0.115
14-Apr-2026 12:58:12.253 INFO [main] org.apache.catalina.startup.VersionLoggerListener.log Command line argument: -Dcatalina.home=/Users/erictran/Downloads/CS157A/CS157A-S1-14/apache-tomcat-9.0.115
14-Apr-2026 12:58:12.253 INFO [main] org.apache.catalina.startup.VersionLoggerListener.log Command line argument: -Djava.io.tmpdir=/Users/erictran/Downloads/CS157A/CS157A-S1-14/apache-tomcat-9.0.115/temp
WARNING: A restricted method in java.lang.System has been called
WARNING: java.lang.System::load has been called by org.apache.tomcat.jni.Library in an unnamed module (file:/Users/erictran/Downloads/CS157A/CS157A-S1-14/apache-tomcat-9.0.115/lib/tomcat-jni.jar)
WARNING: Use --enable-native-access=ALL-UNNAMED to avoid a warning for callers in this module
WARNING: Restricted methods will be blocked in a future release unless native access is enabled

14-Apr-2026 12:58:12.258 INFO [main] org.apache.catalina.core.AprLifecycleListener.lifecycleEvent The Apache Tomcat Native library which allows using OpenSSL was not found on the java.library.path: [/Users/erictran/Library/Java/Extensions:/Library/Java/Extensions:/Network/Library/Java/Extensions:/System/Library/Java/Extensions:/usr/lib/java:.]
14-Apr-2026 12:58:12.402 INFO [main] org.apache.coyote.AbstractProtocol.init Initializing ProtocolHandler ["http-nio-8080"]
14-Apr-2026 12:58:12.416 INFO [main] org.apache.catalina.startup.Catalina.load Server initialization in [259] milliseconds
14-Apr-2026 12:58:12.433 INFO [main] org.apache.catalina.core.StandardService.startInternal Starting service [Catalina]
14-Apr-2026 12:58:12.433 INFO [main] org.apache.catalina.core.StandardEngine.startInternal Starting Servlet engine: [Apache Tomcat/9.0.115]
14-Apr-2026 12:58:12.436 INFO [main] org.apache.catalina.startup.HostConfig.deployDirectory Deploying web application directory [/Users/erictran/Downloads/CS157A/CS157A-S1-14/apache-tomcat-9.0.115/webapps/docs]
14-Apr-2026 12:58:12.642 INFO [main] org.apache.jasper.servlet.TldScanner.scanJars At least one JAR was scanned for TLDs yet contained no TLDs. Enable debug logging for this logger for a complete list of JARs that were scanned but no TLDs were found in them. Skipping unneeded JARs during scanning can improve startup time and JSP compilation time.
14-Apr-2026 12:58:12.657 INFO [main] org.apache.catalina.startup.HostConfig.deployDirectory Deployment of web application directory [/Users/erictran/Downloads/CS157A/CS157A-S1-14/apache-tomcat-9.0.115/webapps/docs] has finished in [220] ms
14-Apr-2026 12:58:12.657 INFO [main] org.apache.catalina.startup.HostConfig.deployDirectory Deploying web application directory [/Users/erictran/Downloads/CS157A/CS157A-S1-14/apache-tomcat-9.0.115/webapps/TaskME]
14-Apr-2026 12:58:12.746 INFO [main] org.apache.jasper.servlet.TldScanner.scanJars At least one JAR was scanned for TLDs yet contained no TLDs. Enable debug logging for this logger for a complete list of JARs that were scanned but no TLDs were found in them. Skipping unneeded JARs during scanning can improve startup time and JSP compilation time.
14-Apr-2026 12:58:12.754 INFO [main] org.apache.catalina.startup.HostConfig.deployDirectory Deployment of web application directory [/Users/erictran/Downloads/CS157A/CS157A-S1-14/apache-tomcat-9.0.115/webapps/TaskME] has finished in [97] ms
14-Apr-2026 12:58:12.755 INFO [main] org.apache.catalina.startup.HostConfig.deployDirectory Deploying web application directory [/Users/erictran/Downloads/CS157A/CS157A-S1-14/apache-tomcat-9.0.115/webapps/manager]
14-Apr-2026 12:58:12.830 INFO [main] org.apache.jasper.servlet.TldScanner.scanJars At least one JAR was scanned for TLDs yet contained no TLDs. Enable debug logging for this logger for a complete list of JARs that were scanned but no TLDs were found in them. Skipping unneeded JARs during scanning can improve startup time and JSP compilation time.
14-Apr-2026 12:58:12.833 INFO [main] org.apache.catalina.startup.HostConfig.deployDirectory Deployment of web application directory [/Users/erictran/Downloads/CS157A/CS157A-S1-14/apache-tomcat-9.0.115/webapps/manager] has finished in [79] ms
14-Apr-2026 12:58:12.833 INFO [main] org.apache.catalina.startup.HostConfig.deployDirectory Deploying web application directory [/Users/erictran/Downloads/CS157A/CS157A-S1-14/apache-tomcat-9.0.115/webapps/examples]
14-Apr-2026 12:58:12.961 INFO [main] org.apache.jasper.servlet.TldScanner.scanJars At least one JAR was scanned for TLDs yet contained no TLDs. Enable debug logging for this logger for a complete list of JARs that were scanned but no TLDs were found in them. Skipping unneeded JARs during scanning can improve startup time and JSP compilation time.
14-Apr-2026 12:58:12.967 INFO [main] org.apache.catalina.startup.HostConfig.deployDirectory Deployment of web application directory [/Users/erictran/Downloads/CS157A/CS157A-S1-14/apache-tomcat-9.0.115/webapps/examples] has finished in [134] ms
14-Apr-2026 12:58:12.967 INFO [main] org.apache.catalina.startup.HostConfig.deployDirectory Deploying web application directory [/Users/erictran/Downloads/CS157A/CS157A-S1-14/apache-tomcat-9.0.115/webapps/ROOT]
14-Apr-2026 12:58:13.033 INFO [main] org.apache.jasper.servlet.TldScanner.scanJars At least one JAR was scanned for TLDs yet contained no TLDs. Enable debug logging for this logger for a complete list of JARs that were scanned but no TLDs were found in them. Skipping unneeded JARs during scanning can improve startup time and JSP compilation time.
14-Apr-2026 12:58:13.034 INFO [main] org.apache.catalina.startup.HostConfig.deployDirectory Deployment of web application directory [/Users/erictran/Downloads/CS157A/CS157A-S1-14/apache-tomcat-9.0.115/webapps/ROOT] has finished in [66] ms
14-Apr-2026 12:58:13.034 INFO [main] org.apache.catalina.startup.HostConfig.deployDirectory Deploying web application directory [/Users/erictran/Downloads/CS157A/CS157A-S1-14/apache-tomcat-9.0.115/webapps/host-manager]
14-Apr-2026 12:58:13.103 INFO [main] org.apache.jasper.servlet.TldScanner.scanJars At least one JAR was scanned for TLDs yet contained no TLDs. Enable debug logging for this logger for a complete list of JARs that were scanned but no TLDs were found in them. Skipping unneeded JARs during scanning can improve startup time and JSP compilation time.
14-Apr-2026 12:58:13.103 INFO [main] org.apache.catalina.startup.HostConfig.deployDirectory Deployment of web application directory [/Users/erictran/Downloads/CS157A/CS157A-S1-14/apache-tomcat-9.0.115/webapps/host-manager] has finished in [69] ms
14-Apr-2026 12:58:13.105 INFO [main] org.apache.coyote.AbstractProtocol.start Starting ProtocolHandler ["http-nio-8080"]
14-Apr-2026 12:58:13.110 INFO [main] org.apache.catalina.startup.Catalina.start Server startup in [692] milliseconds
14-Apr-2026 13:27:39.549 INFO [Thread-1] org.apache.coyote.AbstractProtocol.pause Pausing ProtocolHandler ["http-nio-8080"]
14-Apr-2026 13:27:39.553 INFO [Thread-1] org.apache.catalina.core.StandardService.stopInternal Stopping service [Catalina]
14-Apr-2026 13:27:39.611 INFO [Thread-1] org.apache.coyote.AbstractProtocol.stop Stopping ProtocolHandler ["http-nio-8080"]
14-Apr-2026 13:27:40.217 WARNING [Thread-1] org.apache.tomcat.util.net.Acceptor.stopMillis The acceptor thread [http-nio-8080-Acceptor] did not stop cleanly
14-Apr-2026 13:27:40.229 INFO [Thread-1] org.apache.coyote.AbstractProtocol.destroy Destroying ProtocolHandler ["http-nio-8080"]
NOTE: Picked up JDK_JAVA_OPTIONS:  --add-opens=java.base/java.lang=ALL-UNNAMED --add-opens=java.base/java.lang.invoke=ALL-UNNAMED --add-opens=java.base/java.lang.reflect=ALL-UNNAMED --add-opens=java.base/java.io=ALL-UNNAMED --add-opens=java.base/java.util=ALL-UNNAMED --add-opens=java.base/java.util.concurrent=ALL-UNNAMED --add-opens=java.rmi/sun.rmi.transport=ALL-UNNAMED
14-Apr-2026 18:05:57.237 INFO [main] org.apache.catalina.startup.VersionLoggerListener.log Server version name:   Apache Tomcat/9.0.115
14-Apr-2026 18:05:57.239 INFO [main] org.apache.catalina.startup.VersionLoggerListener.log Server built:          Jan 21 2026 08:17:26 UTC
14-Apr-2026 18:05:57.239 INFO [main] org.apache.catalina.startup.VersionLoggerListener.log Server version number: 9.0.115.0
14-Apr-2026 18:05:57.239 INFO [main] org.apache.catalina.startup.VersionLoggerListener.log OS Name:               Mac OS X
14-Apr-2026 18:05:57.239 INFO [main] org.apache.catalina.startup.VersionLoggerListener.log OS Version:            26.4.1
14-Apr-2026 18:05:57.239 INFO [main] org.apache.catalina.startup.VersionLoggerListener.log Architecture:          aarch64
14-Apr-2026 18:05:57.239 INFO [main] org.apache.catalina.startup.VersionLoggerListener.log Java Home:             /Library/Java/JavaVirtualMachines/jdk-25.jdk/Contents/Home
14-Apr-2026 18:05:57.239 INFO [main] org.apache.catalina.startup.VersionLoggerListener.log JVM Version:           25.0.2+10-LTS-69
14-Apr-2026 18:05:57.239 INFO [main] org.apache.catalina.startup.VersionLoggerListener.log JVM Vendor:            Oracle Corporation
14-Apr-2026 18:05:57.239 INFO [main] org.apache.catalina.startup.VersionLoggerListener.log CATALINA_BASE:         /Users/erictran/Downloads/CS157A/CS157A-S1-14/apache-tomcat-9.0.115
14-Apr-2026 18:05:57.239 INFO [main] org.apache.catalina.startup.VersionLoggerListener.log CATALINA_HOME:         /Users/erictran/Downloads/CS157A/CS157A-S1-14/apache-tomcat-9.0.115
14-Apr-2026 18:05:57.244 INFO [main] org.apache.catalina.startup.VersionLoggerListener.log Command line argument: --add-opens=java.base/java.lang=ALL-UNNAMED
14-Apr-2026 18:05:57.244 INFO [main] org.apache.catalina.startup.VersionLoggerListener.log Command line argument: --add-opens=java.base/java.lang.invoke=ALL-UNNAMED
14-Apr-2026 18:05:57.244 INFO [main] org.apache.catalina.startup.VersionLoggerListener.log Command line argument: --add-opens=java.base/java.lang.reflect=ALL-UNNAMED
14-Apr-2026 18:05:57.244 INFO [main] org.apache.catalina.startup.VersionLoggerListener.log Command line argument: --add-opens=java.base/java.io=ALL-UNNAMED
14-Apr-2026 18:05:57.244 INFO [main] org.apache.catalina.startup.VersionLoggerListener.log Command line argument: --add-opens=java.base/java.util=ALL-UNNAMED
14-Apr-2026 18:05:57.244 INFO [main] org.apache.catalina.startup.VersionLoggerListener.log Command line argument: --add-opens=java.base/java.util.concurrent=ALL-UNNAMED
14-Apr-2026 18:05:57.245 INFO [main] org.apache.catalina.startup.VersionLoggerListener.log Command line argument: --add-opens=java.rmi/sun.rmi.transport=ALL-UNNAMED
14-Apr-2026 18:05:57.245 INFO [main] org.apache.catalina.startup.VersionLoggerListener.log Command line argument: -Djava.util.logging.config.file=/Users/erictran/Downloads/CS157A/CS157A-S1-14/apache-tomcat-9.0.115/conf/logging.properties
14-Apr-2026 18:05:57.245 INFO [main] org.apache.catalina.startup.VersionLoggerListener.log Command line argument: -Djava.util.logging.manager=org.apache.juli.ClassLoaderLogManager
14-Apr-2026 18:05:57.245 INFO [main] org.apache.catalina.startup.VersionLoggerListener.log Command line argument: -Djdk.tls.ephemeralDHKeySize=2048
14-Apr-2026 18:05:57.245 INFO [main] org.apache.catalina.startup.VersionLoggerListener.log Command line argument: -Djava.protocol.handler.pkgs=org.apache.catalina.webresources
14-Apr-2026 18:05:57.245 INFO [main] org.apache.catalina.startup.VersionLoggerListener.log Command line argument: -Dsun.io.useCanonCaches=false
14-Apr-2026 18:05:57.245 INFO [main] org.apache.catalina.startup.VersionLoggerListener.log Command line argument: -Dorg.apache.catalina.security.SecurityListener.UMASK=0027
14-Apr-2026 18:05:57.245 INFO [main] org.apache.catalina.startup.VersionLoggerListener.log Command line argument: -Dignore.endorsed.dirs=
14-Apr-2026 18:05:57.245 INFO [main] org.apache.catalina.startup.VersionLoggerListener.log Command line argument: -Dcatalina.base=/Users/erictran/Downloads/CS157A/CS157A-S1-14/apache-tomcat-9.0.115
14-Apr-2026 18:05:57.245 INFO [main] org.apache.catalina.startup.VersionLoggerListener.log Command line argument: -Dcatalina.home=/Users/erictran/Downloads/CS157A/CS157A-S1-14/apache-tomcat-9.0.115
14-Apr-2026 18:05:57.245 INFO [main] org.apache.catalina.startup.VersionLoggerListener.log Command line argument: -Djava.io.tmpdir=/Users/erictran/Downloads/CS157A/CS157A-S1-14/apache-tomcat-9.0.115/temp
WARNING: A restricted method in java.lang.System has been called
WARNING: java.lang.System::load has been called by org.apache.tomcat.jni.Library in an unnamed module (file:/Users/erictran/Downloads/CS157A/CS157A-S1-14/apache-tomcat-9.0.115/lib/tomcat-jni.jar)
WARNING: Use --enable-native-access=ALL-UNNAMED to avoid a warning for callers in this module
WARNING: Restricted methods will be blocked in a future release unless native access is enabled

14-Apr-2026 18:05:57.250 INFO [main] org.apache.catalina.core.AprLifecycleListener.lifecycleEvent The Apache Tomcat Native library which allows using OpenSSL was not found on the java.library.path: [/Users/erictran/Library/Java/Extensions:/Library/Java/Extensions:/Network/Library/Java/Extensions:/System/Library/Java/Extensions:/usr/lib/java:.]
14-Apr-2026 18:05:57.386 INFO [main] org.apache.coyote.AbstractProtocol.init Initializing ProtocolHandler ["http-nio-8080"]
14-Apr-2026 18:05:57.398 INFO [main] org.apache.catalina.startup.Catalina.load Server initialization in [244] milliseconds
14-Apr-2026 18:05:57.415 INFO [main] org.apache.catalina.core.StandardService.startInternal Starting service [Catalina]
14-Apr-2026 18:05:57.415 INFO [main] org.apache.catalina.core.StandardEngine.startInternal Starting Servlet engine: [Apache Tomcat/9.0.115]
14-Apr-2026 18:05:57.418 INFO [main] org.apache.catalina.startup.HostConfig.deployDirectory Deploying web application directory [/Users/erictran/Downloads/CS157A/CS157A-S1-14/apache-tomcat-9.0.115/webapps/docs]
14-Apr-2026 18:05:57.630 INFO [main] org.apache.jasper.servlet.TldScanner.scanJars At least one JAR was scanned for TLDs yet contained no TLDs. Enable debug logging for this logger for a complete list of JARs that were scanned but no TLDs were found in them. Skipping unneeded JARs during scanning can improve startup time and JSP compilation time.
14-Apr-2026 18:05:57.645 INFO [main] org.apache.catalina.startup.HostConfig.deployDirectory Deployment of web application directory [/Users/erictran/Downloads/CS157A/CS157A-S1-14/apache-tomcat-9.0.115/webapps/docs] has finished in [225] ms
14-Apr-2026 18:05:57.645 INFO [main] org.apache.catalina.startup.HostConfig.deployDirectory Deploying web application directory [/Users/erictran/Downloads/CS157A/CS157A-S1-14/apache-tomcat-9.0.115/webapps/TaskME]
14-Apr-2026 18:05:57.734 INFO [main] org.apache.jasper.servlet.TldScanner.scanJars At least one JAR was scanned for TLDs yet contained no TLDs. Enable debug logging for this logger for a complete list of JARs that were scanned but no TLDs were found in them. Skipping unneeded JARs during scanning can improve startup time and JSP compilation time.
14-Apr-2026 18:05:57.743 INFO [main] org.apache.catalina.startup.HostConfig.deployDirectory Deployment of web application directory [/Users/erictran/Downloads/CS157A/CS157A-S1-14/apache-tomcat-9.0.115/webapps/TaskME] has finished in [98] ms
14-Apr-2026 18:05:57.743 INFO [main] org.apache.catalina.startup.HostConfig.deployDirectory Deploying web application directory [/Users/erictran/Downloads/CS157A/CS157A-S1-14/apache-tomcat-9.0.115/webapps/manager]
14-Apr-2026 18:05:57.825 INFO [main] org.apache.jasper.servlet.TldScanner.scanJars At least one JAR was scanned for TLDs yet contained no TLDs. Enable debug logging for this logger for a complete list of JARs that were scanned but no TLDs were found in them. Skipping unneeded JARs during scanning can improve startup time and JSP compilation time.
14-Apr-2026 18:05:57.828 INFO [main] org.apache.catalina.startup.HostConfig.deployDirectory Deployment of web application directory [/Users/erictran/Downloads/CS157A/CS157A-S1-14/apache-tomcat-9.0.115/webapps/manager] has finished in [85] ms
14-Apr-2026 18:05:57.828 INFO [main] org.apache.catalina.startup.HostConfig.deployDirectory Deploying web application directory [/Users/erictran/Downloads/CS157A/CS157A-S1-14/apache-tomcat-9.0.115/webapps/examples]
14-Apr-2026 18:05:57.967 INFO [main] org.apache.jasper.servlet.TldScanner.scanJars At least one JAR was scanned for TLDs yet contained no TLDs. Enable debug logging for this logger for a complete list of JARs that were scanned but no TLDs were found in them. Skipping unneeded JARs during scanning can improve startup time and JSP compilation time.
14-Apr-2026 18:05:57.973 INFO [main] org.apache.catalina.startup.HostConfig.deployDirectory Deployment of web application directory [/Users/erictran/Downloads/CS157A/CS157A-S1-14/apache-tomcat-9.0.115/webapps/examples] has finished in [145] ms
14-Apr-2026 18:05:57.973 INFO [main] org.apache.catalina.startup.HostConfig.deployDirectory Deploying web application directory [/Users/erictran/Downloads/CS157A/CS157A-S1-14/apache-tomcat-9.0.115/webapps/ROOT]
14-Apr-2026 18:05:58.040 INFO [main] org.apache.jasper.servlet.TldScanner.scanJars At least one JAR was scanned for TLDs yet contained no TLDs. Enable debug logging for this logger for a complete list of JARs that were scanned but no TLDs were found in them. Skipping unneeded JARs during scanning can improve startup time and JSP compilation time.
14-Apr-2026 18:05:58.041 INFO [main] org.apache.catalina.startup.HostConfig.deployDirectory Deployment of web application directory [/Users/erictran/Downloads/CS157A/CS157A-S1-14/apache-tomcat-9.0.115/webapps/ROOT] has finished in [68] ms
14-Apr-2026 18:05:58.041 INFO [main] org.apache.catalina.startup.HostConfig.deployDirectory Deploying web application directory [/Users/erictran/Downloads/CS157A/CS157A-S1-14/apache-tomcat-9.0.115/webapps/host-manager]
14-Apr-2026 18:05:58.112 INFO [main] org.apache.jasper.servlet.TldScanner.scanJars At least one JAR was scanned for TLDs yet contained no TLDs. Enable debug logging for this logger for a complete list of JARs that were scanned but no TLDs were found in them. Skipping unneeded JARs during scanning can improve startup time and JSP compilation time.
14-Apr-2026 18:05:58.113 INFO [main] org.apache.catalina.startup.HostConfig.deployDirectory Deployment of web application directory [/Users/erictran/Downloads/CS157A/CS157A-S1-14/apache-tomcat-9.0.115/webapps/host-manager] has finished in [72] ms
14-Apr-2026 18:05:58.114 INFO [main] org.apache.coyote.AbstractProtocol.start Starting ProtocolHandler ["http-nio-8080"]
14-Apr-2026 18:05:58.118 INFO [main] org.apache.catalina.startup.Catalina.start Server startup in [718] milliseconds
com.mysql.cj.jdbc.exceptions.CommunicationsException: Communications link failure

The last packet sent successfully to the server was 0 milliseconds ago. The driver has not received any packets from the server.
	at com.mysql.cj.jdbc.exceptions.SQLError.createCommunicationsException(SQLError.java:165)
	at com.mysql.cj.jdbc.exceptions.SQLExceptionsMapping.translateException(SQLExceptionsMapping.java:55)
	at com.mysql.cj.jdbc.ConnectionImpl.createNewIO(ConnectionImpl.java:840)
	at com.mysql.cj.jdbc.ConnectionImpl.<init>(ConnectionImpl.java:416)
	at com.mysql.cj.jdbc.ConnectionImpl.getInstance(ConnectionImpl.java:237)
	at com.mysql.cj.jdbc.NonRegisteringDriver.connect(NonRegisteringDriver.java:180)
	at java.sql/java.sql.DriverManager.getConnection(DriverManager.java:613)
	at java.sql/java.sql.DriverManager.getConnection(DriverManager.java:199)
	at LoginServlet.doPost(LoginServlet.java:23)
	at javax.servlet.http.HttpServlet.service(HttpServlet.java:555)
	at javax.servlet.http.HttpServlet.service(HttpServlet.java:623)
	at org.apache.catalina.core.ApplicationFilterChain.internalDoFilter(ApplicationFilterChain.java:197)
	at org.apache.catalina.core.ApplicationFilterChain.doFilter(ApplicationFilterChain.java:142)
	at org.apache.tomcat.websocket.server.WsFilter.doFilter(WsFilter.java:51)
	at org.apache.catalina.core.ApplicationFilterChain.internalDoFilter(ApplicationFilterChain.java:166)
	at org.apache.catalina.core.ApplicationFilterChain.doFilter(ApplicationFilterChain.java:142)
	at org.apache.catalina.core.StandardWrapperValve.invoke(StandardWrapperValve.java:166)
	at org.apache.catalina.core.StandardContextValve.invoke(StandardContextValve.java:88)
	at org.apache.catalina.authenticator.AuthenticatorBase.invoke(AuthenticatorBase.java:491)
	at org.apache.catalina.core.StandardHostValve.invoke(StandardHostValve.java:127)
	at org.apache.catalina.valves.ErrorReportValve.invoke(ErrorReportValve.java:83)
	at org.apache.catalina.valves.AbstractAccessLogValve.invoke(AbstractAccessLogValve.java:643)
	at org.apache.catalina.core.StandardEngineValve.invoke(StandardEngineValve.java:72)
	at org.apache.catalina.connector.CoyoteAdapter.service(CoyoteAdapter.java:344)
	at org.apache.coyote.http11.Http11Processor.service(Http11Processor.java:398)
	at org.apache.coyote.AbstractProcessorLight.process(AbstractProcessorLight.java:63)
	at org.apache.coyote.AbstractProtocol$ConnectionHandler.process(AbstractProtocol.java:939)
	at org.apache.tomcat.util.net.NioEndpoint$SocketProcessor.doRun(NioEndpoint.java:1832)
	at org.apache.tomcat.util.net.SocketProcessorBase.run(SocketProcessorBase.java:52)
	at org.apache.tomcat.util.threads.ThreadPoolExecutor.runWorker(ThreadPoolExecutor.java:973)
	at org.apache.tomcat.util.threads.ThreadPoolExecutor$Worker.run(ThreadPoolExecutor.java:491)
	at org.apache.tomcat.util.threads.TaskThread$WrappingRunnable.run(TaskThread.java:63)
	at java.base/java.lang.Thread.run(Thread.java:1474)
Caused by: com.mysql.cj.exceptions.CJCommunicationsException: Communications link failure

The last packet sent successfully to the server was 0 milliseconds ago. The driver has not received any packets from the server.
	at java.base/jdk.internal.reflect.DirectConstructorHandleAccessor.newInstance(DirectConstructorHandleAccessor.java:62)
	at java.base/java.lang.reflect.Constructor.newInstanceWithCaller(Constructor.java:499)
	at java.base/java.lang.reflect.Constructor.newInstance(Constructor.java:483)
	at com.mysql.cj.exceptions.ExceptionFactory.createException(ExceptionFactory.java:52)
	at com.mysql.cj.exceptions.ExceptionFactory.createException(ExceptionFactory.java:95)
	at com.mysql.cj.exceptions.ExceptionFactory.createException(ExceptionFactory.java:140)
	at com.mysql.cj.exceptions.ExceptionFactory.createCommunicationsException(ExceptionFactory.java:156)
	at com.mysql.cj.protocol.a.NativeSocketConnection.connect(NativeSocketConnection.java:79)
	at com.mysql.cj.NativeSession.connect(NativeSession.java:142)
	at com.mysql.cj.jdbc.ConnectionImpl.connectOneTryOnly(ConnectionImpl.java:964)
	at com.mysql.cj.jdbc.ConnectionImpl.createNewIO(ConnectionImpl.java:828)
	... 30 more
Caused by: java.net.ConnectException: Connection refused
	at java.base/sun.nio.ch.Net.connect0(Native Method)
	at java.base/sun.nio.ch.Net.connect(Net.java:546)
	at java.base/sun.nio.ch.Net.connect(Net.java:535)
	at java.base/sun.nio.ch.NioSocketImpl.connect(NioSocketImpl.java:585)
	at java.base/java.net.SocksSocketImpl.connect(SocksSocketImpl.java:284)
	at java.base/java.net.Socket.connect(Socket.java:659)
	at com.mysql.cj.protocol.StandardSocketFactory.connect(StandardSocketFactory.java:144)
	at com.mysql.cj.protocol.a.NativeSocketConnection.connect(NativeSocketConnection.java:53)
	... 33 more
14-Apr-2026 18:30:59.214 INFO [Catalina-utility-2] org.apache.catalina.startup.HostConfig.reload Reloading context [/TaskME]
14-Apr-2026 18:30:59.219 INFO [Catalina-utility-2] org.apache.catalina.core.StandardContext.reload Reloading Context with name [/TaskME] has started
14-Apr-2026 18:30:59.344 INFO [Catalina-utility-2] org.apache.jasper.servlet.TldScanner.scanJars At least one JAR was scanned for TLDs yet contained no TLDs. Enable debug logging for this logger for a complete list of JARs that were scanned but no TLDs were found in them. Skipping unneeded JARs during scanning can improve startup time and JSP compilation time.
14-Apr-2026 18:30:59.345 INFO [Catalina-utility-2] org.apache.catalina.core.StandardContext.reload Reloading Context with name [/TaskME] is completed
14-Apr-2026 18:33:54.399 INFO [main] org.apache.catalina.core.StandardServer.await A valid shutdown command was received via the shutdown port. Stopping the Server instance.
14-Apr-2026 18:33:54.399 INFO [main] org.apache.coyote.AbstractProtocol.pause Pausing ProtocolHandler ["http-nio-8080"]
14-Apr-2026 18:33:54.401 INFO [main] org.apache.catalina.core.StandardService.stopInternal Stopping service [Catalina]
14-Apr-2026 18:33:54.409 INFO [main] org.apache.coyote.AbstractProtocol.stop Stopping ProtocolHandler ["http-nio-8080"]
14-Apr-2026 18:33:54.411 INFO [main] org.apache.coyote.AbstractProtocol.destroy Destroying ProtocolHandler ["http-nio-8080"]
NOTE: Picked up JDK_JAVA_OPTIONS:  --add-opens=java.base/java.lang=ALL-UNNAMED --add-opens=java.base/java.lang.invoke=ALL-UNNAMED --add-opens=java.base/java.lang.reflect=ALL-UNNAMED --add-opens=java.base/java.io=ALL-UNNAMED --add-opens=java.base/java.util=ALL-UNNAMED --add-opens=java.base/java.util.concurrent=ALL-UNNAMED --add-opens=java.rmi/sun.rmi.transport=ALL-UNNAMED
14-Apr-2026 18:33:55.877 INFO [main] org.apache.catalina.startup.VersionLoggerListener.log Server version name:   Apache Tomcat/9.0.115
14-Apr-2026 18:33:55.878 INFO [main] org.apache.catalina.startup.VersionLoggerListener.log Server built:          Jan 21 2026 08:17:26 UTC
14-Apr-2026 18:33:55.878 INFO [main] org.apache.catalina.startup.VersionLoggerListener.log Server version number: 9.0.115.0
14-Apr-2026 18:33:55.878 INFO [main] org.apache.catalina.startup.VersionLoggerListener.log OS Name:               Mac OS X
14-Apr-2026 18:33:55.878 INFO [main] org.apache.catalina.startup.VersionLoggerListener.log OS Version:            26.4.1
14-Apr-2026 18:33:55.878 INFO [main] org.apache.catalina.startup.VersionLoggerListener.log Architecture:          aarch64
14-Apr-2026 18:33:55.878 INFO [main] org.apache.catalina.startup.VersionLoggerListener.log Java Home:             /Library/Java/JavaVirtualMachines/jdk-25.jdk/Contents/Home
14-Apr-2026 18:33:55.878 INFO [main] org.apache.catalina.startup.VersionLoggerListener.log JVM Version:           25.0.2+10-LTS-69
14-Apr-2026 18:33:55.879 INFO [main] org.apache.catalina.startup.VersionLoggerListener.log JVM Vendor:            Oracle Corporation
14-Apr-2026 18:33:55.879 INFO [main] org.apache.catalina.startup.VersionLoggerListener.log CATALINA_BASE:         /Users/erictran/Downloads/CS157A/CS157A-S1-14/apache-tomcat-9.0.115
14-Apr-2026 18:33:55.879 INFO [main] org.apache.catalina.startup.VersionLoggerListener.log CATALINA_HOME:         /Users/erictran/Downloads/CS157A/CS157A-S1-14/apache-tomcat-9.0.115
14-Apr-2026 18:33:55.883 INFO [main] org.apache.catalina.startup.VersionLoggerListener.log Command line argument: --add-opens=java.base/java.lang=ALL-UNNAMED
14-Apr-2026 18:33:55.883 INFO [main] org.apache.catalina.startup.VersionLoggerListener.log Command line argument: --add-opens=java.base/java.lang.invoke=ALL-UNNAMED
14-Apr-2026 18:33:55.883 INFO [main] org.apache.catalina.startup.VersionLoggerListener.log Command line argument: --add-opens=java.base/java.lang.reflect=ALL-UNNAMED
14-Apr-2026 18:33:55.883 INFO [main] org.apache.catalina.startup.VersionLoggerListener.log Command line argument: --add-opens=java.base/java.io=ALL-UNNAMED
14-Apr-2026 18:33:55.883 INFO [main] org.apache.catalina.startup.VersionLoggerListener.log Command line argument: --add-opens=java.base/java.util=ALL-UNNAMED
14-Apr-2026 18:33:55.883 INFO [main] org.apache.catalina.startup.VersionLoggerListener.log Command line argument: --add-opens=java.base/java.util.concurrent=ALL-UNNAMED
14-Apr-2026 18:33:55.883 INFO [main] org.apache.catalina.startup.VersionLoggerListener.log Command line argument: --add-opens=java.rmi/sun.rmi.transport=ALL-UNNAMED
14-Apr-2026 18:33:55.883 INFO [main] org.apache.catalina.startup.VersionLoggerListener.log Command line argument: -Djava.util.logging.config.file=/Users/erictran/Downloads/CS157A/CS157A-S1-14/apache-tomcat-9.0.115/conf/logging.properties
14-Apr-2026 18:33:55.883 INFO [main] org.apache.catalina.startup.VersionLoggerListener.log Command line argument: -Djava.util.logging.manager=org.apache.juli.ClassLoaderLogManager
14-Apr-2026 18:33:55.883 INFO [main] org.apache.catalina.startup.VersionLoggerListener.log Command line argument: -Djdk.tls.ephemeralDHKeySize=2048
14-Apr-2026 18:33:55.883 INFO [main] org.apache.catalina.startup.VersionLoggerListener.log Command line argument: -Djava.protocol.handler.pkgs=org.apache.catalina.webresources
14-Apr-2026 18:33:55.883 INFO [main] org.apache.catalina.startup.VersionLoggerListener.log Command line argument: -Dsun.io.useCanonCaches=false
14-Apr-2026 18:33:55.883 INFO [main] org.apache.catalina.startup.VersionLoggerListener.log Command line argument: -Dorg.apache.catalina.security.SecurityListener.UMASK=0027
14-Apr-2026 18:33:55.883 INFO [main] org.apache.catalina.startup.VersionLoggerListener.log Command line argument: -Dignore.endorsed.dirs=
14-Apr-2026 18:33:55.884 INFO [main] org.apache.catalina.startup.VersionLoggerListener.log Command line argument: -Dcatalina.base=/Users/erictran/Downloads/CS157A/CS157A-S1-14/apache-tomcat-9.0.115
14-Apr-2026 18:33:55.884 INFO [main] org.apache.catalina.startup.VersionLoggerListener.log Command line argument: -Dcatalina.home=/Users/erictran/Downloads/CS157A/CS157A-S1-14/apache-tomcat-9.0.115
14-Apr-2026 18:33:55.884 INFO [main] org.apache.catalina.startup.VersionLoggerListener.log Command line argument: -Djava.io.tmpdir=/Users/erictran/Downloads/CS157A/CS157A-S1-14/apache-tomcat-9.0.115/temp
WARNING: A restricted method in java.lang.System has been called
WARNING: java.lang.System::load has been called by org.apache.tomcat.jni.Library in an unnamed module (file:/Users/erictran/Downloads/CS157A/CS157A-S1-14/apache-tomcat-9.0.115/lib/tomcat-jni.jar)
WARNING: Use --enable-native-access=ALL-UNNAMED to avoid a warning for callers in this module
WARNING: Restricted methods will be blocked in a future release unless native access is enabled

14-Apr-2026 18:33:55.889 INFO [main] org.apache.catalina.core.AprLifecycleListener.lifecycleEvent The Apache Tomcat Native library which allows using OpenSSL was not found on the java.library.path: [/Users/erictran/Library/Java/Extensions:/Library/Java/Extensions:/Network/Library/Java/Extensions:/System/Library/Java/Extensions:/usr/lib/java:.]
14-Apr-2026 18:33:56.014 INFO [main] org.apache.coyote.AbstractProtocol.init Initializing ProtocolHandler ["http-nio-8080"]
14-Apr-2026 18:33:56.024 INFO [main] org.apache.catalina.startup.Catalina.load Server initialization in [215] milliseconds
14-Apr-2026 18:33:56.037 INFO [main] org.apache.catalina.core.StandardService.startInternal Starting service [Catalina]
14-Apr-2026 18:33:56.037 INFO [main] org.apache.catalina.core.StandardEngine.startInternal Starting Servlet engine: [Apache Tomcat/9.0.115]
14-Apr-2026 18:33:56.040 INFO [main] org.apache.catalina.startup.HostConfig.deployDirectory Deploying web application directory [/Users/erictran/Downloads/CS157A/CS157A-S1-14/apache-tomcat-9.0.115/webapps/docs]
14-Apr-2026 18:33:56.234 INFO [main] org.apache.jasper.servlet.TldScanner.scanJars At least one JAR was scanned for TLDs yet contained no TLDs. Enable debug logging for this logger for a complete list of JARs that were scanned but no TLDs were found in them. Skipping unneeded JARs during scanning can improve startup time and JSP compilation time.
14-Apr-2026 18:33:56.247 INFO [main] org.apache.catalina.startup.HostConfig.deployDirectory Deployment of web application directory [/Users/erictran/Downloads/CS157A/CS157A-S1-14/apache-tomcat-9.0.115/webapps/docs] has finished in [206] ms
14-Apr-2026 18:33:56.247 INFO [main] org.apache.catalina.startup.HostConfig.deployDirectory Deploying web application directory [/Users/erictran/Downloads/CS157A/CS157A-S1-14/apache-tomcat-9.0.115/webapps/TaskME]
14-Apr-2026 18:33:56.334 INFO [main] org.apache.jasper.servlet.TldScanner.scanJars At least one JAR was scanned for TLDs yet contained no TLDs. Enable debug logging for this logger for a complete list of JARs that were scanned but no TLDs were found in them. Skipping unneeded JARs during scanning can improve startup time and JSP compilation time.
14-Apr-2026 18:33:56.341 INFO [main] org.apache.catalina.startup.HostConfig.deployDirectory Deployment of web application directory [/Users/erictran/Downloads/CS157A/CS157A-S1-14/apache-tomcat-9.0.115/webapps/TaskME] has finished in [94] ms
14-Apr-2026 18:33:56.341 INFO [main] org.apache.catalina.startup.HostConfig.deployDirectory Deploying web application directory [/Users/erictran/Downloads/CS157A/CS157A-S1-14/apache-tomcat-9.0.115/webapps/manager]
14-Apr-2026 18:33:56.416 INFO [main] org.apache.jasper.servlet.TldScanner.scanJars At least one JAR was scanned for TLDs yet contained no TLDs. Enable debug logging for this logger for a complete list of JARs that were scanned but no TLDs were found in them. Skipping unneeded JARs during scanning can improve startup time and JSP compilation time.
14-Apr-2026 18:33:56.418 INFO [main] org.apache.catalina.startup.HostConfig.deployDirectory Deployment of web application directory [/Users/erictran/Downloads/CS157A/CS157A-S1-14/apache-tomcat-9.0.115/webapps/manager] has finished in [77] ms
14-Apr-2026 18:33:56.418 INFO [main] org.apache.catalina.startup.HostConfig.deployDirectory Deploying web application directory [/Users/erictran/Downloads/CS157A/CS157A-S1-14/apache-tomcat-9.0.115/webapps/examples]
14-Apr-2026 18:33:56.544 INFO [main] org.apache.jasper.servlet.TldScanner.scanJars At least one JAR was scanned for TLDs yet contained no TLDs. Enable debug logging for this logger for a complete list of JARs that were scanned but no TLDs were found in them. Skipping unneeded JARs during scanning can improve startup time and JSP compilation time.
14-Apr-2026 18:33:56.551 INFO [main] org.apache.catalina.startup.HostConfig.deployDirectory Deployment of web application directory [/Users/erictran/Downloads/CS157A/CS157A-S1-14/apache-tomcat-9.0.115/webapps/examples] has finished in [133] ms
14-Apr-2026 18:33:56.551 INFO [main] org.apache.catalina.startup.HostConfig.deployDirectory Deploying web application directory [/Users/erictran/Downloads/CS157A/CS157A-S1-14/apache-tomcat-9.0.115/webapps/ROOT]
14-Apr-2026 18:33:56.616 INFO [main] org.apache.jasper.servlet.TldScanner.scanJars At least one JAR was scanned for TLDs yet contained no TLDs. Enable debug logging for this logger for a complete list of JARs that were scanned but no TLDs were found in them. Skipping unneeded JARs during scanning can improve startup time and JSP compilation time.
14-Apr-2026 18:33:56.617 INFO [main] org.apache.catalina.startup.HostConfig.deployDirectory Deployment of web application directory [/Users/erictran/Downloads/CS157A/CS157A-S1-14/apache-tomcat-9.0.115/webapps/ROOT] has finished in [65] ms
14-Apr-2026 18:33:56.617 INFO [main] org.apache.catalina.startup.HostConfig.deployDirectory Deploying web application directory [/Users/erictran/Downloads/CS157A/CS157A-S1-14/apache-tomcat-9.0.115/webapps/host-manager]
14-Apr-2026 18:33:56.683 INFO [main] org.apache.jasper.servlet.TldScanner.scanJars At least one JAR was scanned for TLDs yet contained no TLDs. Enable debug logging for this logger for a complete list of JARs that were scanned but no TLDs were found in them. Skipping unneeded JARs during scanning can improve startup time and JSP compilation time.
14-Apr-2026 18:33:56.684 INFO [main] org.apache.catalina.startup.HostConfig.deployDirectory Deployment of web application directory [/Users/erictran/Downloads/CS157A/CS157A-S1-14/apache-tomcat-9.0.115/webapps/host-manager] has finished in [67] ms
14-Apr-2026 18:33:56.686 INFO [main] org.apache.coyote.AbstractProtocol.start Starting ProtocolHandler ["http-nio-8080"]
14-Apr-2026 18:33:56.690 INFO [main] org.apache.catalina.startup.Catalina.start Server startup in [664] milliseconds
14-Apr-2026 19:18:51.335 INFO [main] org.apache.catalina.core.StandardServer.await A valid shutdown command was received via the shutdown port. Stopping the Server instance.
14-Apr-2026 19:18:51.336 INFO [main] org.apache.coyote.AbstractProtocol.pause Pausing ProtocolHandler ["http-nio-8080"]
14-Apr-2026 19:18:51.341 INFO [main] org.apache.catalina.core.StandardService.stopInternal Stopping service [Catalina]
14-Apr-2026 19:18:51.355 INFO [main] org.apache.coyote.AbstractProtocol.stop Stopping ProtocolHandler ["http-nio-8080"]
14-Apr-2026 19:18:51.365 INFO [main] org.apache.coyote.AbstractProtocol.destroy Destroying ProtocolHandler ["http-nio-8080"]
NOTE: Picked up JDK_JAVA_OPTIONS:  --add-opens=java.base/java.lang=ALL-UNNAMED --add-opens=java.base/java.lang.invoke=ALL-UNNAMED --add-opens=java.base/java.lang.reflect=ALL-UNNAMED --add-opens=java.base/java.io=ALL-UNNAMED --add-opens=java.base/java.util=ALL-UNNAMED --add-opens=java.base/java.util.concurrent=ALL-UNNAMED --add-opens=java.rmi/sun.rmi.transport=ALL-UNNAMED
28-Apr-2026 16:12:15.283 INFO [main] org.apache.catalina.startup.VersionLoggerListener.log Server version name:   Apache Tomcat/9.0.115
28-Apr-2026 16:12:15.284 INFO [main] org.apache.catalina.startup.VersionLoggerListener.log Server built:          Jan 21 2026 08:17:26 UTC
28-Apr-2026 16:12:15.285 INFO [main] org.apache.catalina.startup.VersionLoggerListener.log Server version number: 9.0.115.0
28-Apr-2026 16:12:15.285 INFO [main] org.apache.catalina.startup.VersionLoggerListener.log OS Name:               Mac OS X
28-Apr-2026 16:12:15.285 INFO [main] org.apache.catalina.startup.VersionLoggerListener.log OS Version:            26.4.1
28-Apr-2026 16:12:15.285 INFO [main] org.apache.catalina.startup.VersionLoggerListener.log Architecture:          aarch64
28-Apr-2026 16:12:15.285 INFO [main] org.apache.catalina.startup.VersionLoggerListener.log Java Home:             /Library/Java/JavaVirtualMachines/jdk-25.jdk/Contents/Home
28-Apr-2026 16:12:15.285 INFO [main] org.apache.catalina.startup.VersionLoggerListener.log JVM Version:           25.0.2+10-LTS-69
28-Apr-2026 16:12:15.285 INFO [main] org.apache.catalina.startup.VersionLoggerListener.log JVM Vendor:            Oracle Corporation
28-Apr-2026 16:12:15.285 INFO [main] org.apache.catalina.startup.VersionLoggerListener.log CATALINA_BASE:         /Users/erictran/Downloads/CS157A/CS157A-S1-14/apache-tomcat-9.0.115
28-Apr-2026 16:12:15.285 INFO [main] org.apache.catalina.startup.VersionLoggerListener.log CATALINA_HOME:         /Users/erictran/Downloads/CS157A/CS157A-S1-14/apache-tomcat-9.0.115
28-Apr-2026 16:12:15.329 INFO [main] org.apache.catalina.startup.VersionLoggerListener.log Command line argument: --add-opens=java.base/java.lang=ALL-UNNAMED
28-Apr-2026 16:12:15.330 INFO [main] org.apache.catalina.startup.VersionLoggerListener.log Command line argument: --add-opens=java.base/java.lang.invoke=ALL-UNNAMED
28-Apr-2026 16:12:15.330 INFO [main] org.apache.catalina.startup.VersionLoggerListener.log Command line argument: --add-opens=java.base/java.lang.reflect=ALL-UNNAMED
28-Apr-2026 16:12:15.330 INFO [main] org.apache.catalina.startup.VersionLoggerListener.log Command line argument: --add-opens=java.base/java.io=ALL-UNNAMED
28-Apr-2026 16:12:15.330 INFO [main] org.apache.catalina.startup.VersionLoggerListener.log Command line argument: --add-opens=java.base/java.util=ALL-UNNAMED
28-Apr-2026 16:12:15.330 INFO [main] org.apache.catalina.startup.VersionLoggerListener.log Command line argument: --add-opens=java.base/java.util.concurrent=ALL-UNNAMED
28-Apr-2026 16:12:15.330 INFO [main] org.apache.catalina.startup.VersionLoggerListener.log Command line argument: --add-opens=java.rmi/sun.rmi.transport=ALL-UNNAMED
28-Apr-2026 16:12:15.330 INFO [main] org.apache.catalina.startup.VersionLoggerListener.log Command line argument: -Djava.util.logging.config.file=/Users/erictran/Downloads/CS157A/CS157A-S1-14/apache-tomcat-9.0.115/conf/logging.properties
28-Apr-2026 16:12:15.330 INFO [main] org.apache.catalina.startup.VersionLoggerListener.log Command line argument: -Djava.util.logging.manager=org.apache.juli.ClassLoaderLogManager
28-Apr-2026 16:12:15.330 INFO [main] org.apache.catalina.startup.VersionLoggerListener.log Command line argument: -Djdk.tls.ephemeralDHKeySize=2048
28-Apr-2026 16:12:15.330 INFO [main] org.apache.catalina.startup.VersionLoggerListener.log Command line argument: -Djava.protocol.handler.pkgs=org.apache.catalina.webresources
28-Apr-2026 16:12:15.330 INFO [main] org.apache.catalina.startup.VersionLoggerListener.log Command line argument: -Dsun.io.useCanonCaches=false
28-Apr-2026 16:12:15.330 INFO [main] org.apache.catalina.startup.VersionLoggerListener.log Command line argument: -Dorg.apache.catalina.security.SecurityListener.UMASK=0027
28-Apr-2026 16:12:15.330 INFO [main] org.apache.catalina.startup.VersionLoggerListener.log Command line argument: -Dignore.endorsed.dirs=
28-Apr-2026 16:12:15.330 INFO [main] org.apache.catalina.startup.VersionLoggerListener.log Command line argument: -Dcatalina.base=/Users/erictran/Downloads/CS157A/CS157A-S1-14/apache-tomcat-9.0.115
28-Apr-2026 16:12:15.330 INFO [main] org.apache.catalina.startup.VersionLoggerListener.log Command line argument: -Dcatalina.home=/Users/erictran/Downloads/CS157A/CS157A-S1-14/apache-tomcat-9.0.115
28-Apr-2026 16:12:15.330 INFO [main] org.apache.catalina.startup.VersionLoggerListener.log Command line argument: -Djava.io.tmpdir=/Users/erictran/Downloads/CS157A/CS157A-S1-14/apache-tomcat-9.0.115/temp
WARNING: A restricted method in java.lang.System has been called
WARNING: java.lang.System::load has been called by org.apache.tomcat.jni.Library in an unnamed module (file:/Users/erictran/Downloads/CS157A/CS157A-S1-14/apache-tomcat-9.0.115/lib/tomcat-jni.jar)
WARNING: Use --enable-native-access=ALL-UNNAMED to avoid a warning for callers in this module
WARNING: Restricted methods will be blocked in a future release unless native access is enabled

28-Apr-2026 16:12:15.336 INFO [main] org.apache.catalina.core.AprLifecycleListener.lifecycleEvent The Apache Tomcat Native library which allows using OpenSSL was not found on the java.library.path: [/Users/erictran/Library/Java/Extensions:/Library/Java/Extensions:/Network/Library/Java/Extensions:/System/Library/Java/Extensions:/usr/lib/java:.]
28-Apr-2026 16:12:15.476 INFO [main] org.apache.coyote.AbstractProtocol.init Initializing ProtocolHandler ["http-nio-8080"]
28-Apr-2026 16:12:15.513 INFO [main] org.apache.catalina.startup.Catalina.load Server initialization in [316] milliseconds
28-Apr-2026 16:12:15.529 INFO [main] org.apache.catalina.core.StandardService.startInternal Starting service [Catalina]
28-Apr-2026 16:12:15.529 INFO [main] org.apache.catalina.core.StandardEngine.startInternal Starting Servlet engine: [Apache Tomcat/9.0.115]
28-Apr-2026 16:12:15.533 INFO [main] org.apache.catalina.startup.HostConfig.deployDirectory Deploying web application directory [/Users/erictran/Downloads/CS157A/CS157A-S1-14/apache-tomcat-9.0.115/webapps/docs]
28-Apr-2026 16:12:15.728 INFO [main] org.apache.jasper.servlet.TldScanner.scanJars At least one JAR was scanned for TLDs yet contained no TLDs. Enable debug logging for this logger for a complete list of JARs that were scanned but no TLDs were found in them. Skipping unneeded JARs during scanning can improve startup time and JSP compilation time.
28-Apr-2026 16:12:15.743 INFO [main] org.apache.catalina.startup.HostConfig.deployDirectory Deployment of web application directory [/Users/erictran/Downloads/CS157A/CS157A-S1-14/apache-tomcat-9.0.115/webapps/docs] has finished in [209] ms
28-Apr-2026 16:12:15.744 INFO [main] org.apache.catalina.startup.HostConfig.deployDirectory Deploying web application directory [/Users/erictran/Downloads/CS157A/CS157A-S1-14/apache-tomcat-9.0.115/webapps/TaskME]
28-Apr-2026 16:12:15.833 INFO [main] org.apache.jasper.servlet.TldScanner.scanJars At least one JAR was scanned for TLDs yet contained no TLDs. Enable debug logging for this logger for a complete list of JARs that were scanned but no TLDs were found in them. Skipping unneeded JARs during scanning can improve startup time and JSP compilation time.
28-Apr-2026 16:12:15.837 INFO [main] org.apache.catalina.startup.HostConfig.deployDirectory Deployment of web application directory [/Users/erictran/Downloads/CS157A/CS157A-S1-14/apache-tomcat-9.0.115/webapps/TaskME] has finished in [93] ms
28-Apr-2026 16:12:15.837 INFO [main] org.apache.catalina.startup.HostConfig.deployDirectory Deploying web application directory [/Users/erictran/Downloads/CS157A/CS157A-S1-14/apache-tomcat-9.0.115/webapps/manager]
28-Apr-2026 16:12:15.913 INFO [main] org.apache.jasper.servlet.TldScanner.scanJars At least one JAR was scanned for TLDs yet contained no TLDs. Enable debug logging for this logger for a complete list of JARs that were scanned but no TLDs were found in them. Skipping unneeded JARs during scanning can improve startup time and JSP compilation time.
28-Apr-2026 16:12:15.916 INFO [main] org.apache.catalina.startup.HostConfig.deployDirectory Deployment of web application directory [/Users/erictran/Downloads/CS157A/CS157A-S1-14/apache-tomcat-9.0.115/webapps/manager] has finished in [79] ms
28-Apr-2026 16:12:15.916 INFO [main] org.apache.catalina.startup.HostConfig.deployDirectory Deploying web application directory [/Users/erictran/Downloads/CS157A/CS157A-S1-14/apache-tomcat-9.0.115/webapps/examples]
28-Apr-2026 16:12:16.045 INFO [main] org.apache.jasper.servlet.TldScanner.scanJars At least one JAR was scanned for TLDs yet contained no TLDs. Enable debug logging for this logger for a complete list of JARs that were scanned but no TLDs were found in them. Skipping unneeded JARs during scanning can improve startup time and JSP compilation time.
28-Apr-2026 16:12:16.051 INFO [main] org.apache.catalina.startup.HostConfig.deployDirectory Deployment of web application directory [/Users/erictran/Downloads/CS157A/CS157A-S1-14/apache-tomcat-9.0.115/webapps/examples] has finished in [135] ms
28-Apr-2026 16:12:16.052 INFO [main] org.apache.catalina.startup.HostConfig.deployDirectory Deploying web application directory [/Users/erictran/Downloads/CS157A/CS157A-S1-14/apache-tomcat-9.0.115/webapps/ROOT]
28-Apr-2026 16:12:16.118 INFO [main] org.apache.jasper.servlet.TldScanner.scanJars At least one JAR was scanned for TLDs yet contained no TLDs. Enable debug logging for this logger for a complete list of JARs that were scanned but no TLDs were found in them. Skipping unneeded JARs during scanning can improve startup time and JSP compilation time.
28-Apr-2026 16:12:16.119 INFO [main] org.apache.catalina.startup.HostConfig.deployDirectory Deployment of web application directory [/Users/erictran/Downloads/CS157A/CS157A-S1-14/apache-tomcat-9.0.115/webapps/ROOT] has finished in [68] ms
28-Apr-2026 16:12:16.119 INFO [main] org.apache.catalina.startup.HostConfig.deployDirectory Deploying web application directory [/Users/erictran/Downloads/CS157A/CS157A-S1-14/apache-tomcat-9.0.115/webapps/host-manager]
28-Apr-2026 16:12:16.188 INFO [main] org.apache.jasper.servlet.TldScanner.scanJars At least one JAR was scanned for TLDs yet contained no TLDs. Enable debug logging for this logger for a complete list of JARs that were scanned but no TLDs were found in them. Skipping unneeded JARs during scanning can improve startup time and JSP compilation time.
28-Apr-2026 16:12:16.189 INFO [main] org.apache.catalina.startup.HostConfig.deployDirectory Deployment of web application directory [/Users/erictran/Downloads/CS157A/CS157A-S1-14/apache-tomcat-9.0.115/webapps/host-manager] has finished in [70] ms
28-Apr-2026 16:12:16.190 INFO [main] org.apache.coyote.AbstractProtocol.start Starting ProtocolHandler ["http-nio-8080"]
28-Apr-2026 16:12:16.196 INFO [main] org.apache.catalina.startup.Catalina.start Server startup in [682] milliseconds
28-Apr-2026 16:24:16.708 INFO [Catalina-utility-1] org.apache.catalina.startup.HostConfig.reload Reloading context [/TaskME]
28-Apr-2026 16:24:16.710 INFO [Catalina-utility-1] org.apache.catalina.core.StandardContext.reload Reloading Context with name [/TaskME] has started
28-Apr-2026 16:24:16.831 INFO [Catalina-utility-1] org.apache.jasper.servlet.TldScanner.scanJars At least one JAR was scanned for TLDs yet contained no TLDs. Enable debug logging for this logger for a complete list of JARs that were scanned but no TLDs were found in them. Skipping unneeded JARs during scanning can improve startup time and JSP compilation time.
28-Apr-2026 16:24:16.833 INFO [Catalina-utility-1] org.apache.catalina.core.StandardContext.reload Reloading Context with name [/TaskME] is completed
28-Apr-2026 16:24:57.380 INFO [main] org.apache.catalina.core.StandardServer.await A valid shutdown command was received via the shutdown port. Stopping the Server instance.
28-Apr-2026 16:24:57.380 INFO [main] org.apache.coyote.AbstractProtocol.pause Pausing ProtocolHandler ["http-nio-8080"]
28-Apr-2026 16:24:58.382 INFO [main] org.apache.catalina.core.StandardService.stopInternal Stopping service [Catalina]
28-Apr-2026 16:24:58.406 INFO [main] org.apache.coyote.AbstractProtocol.stop Stopping ProtocolHandler ["http-nio-8080"]
NOTE: Picked up JDK_JAVA_OPTIONS:  --add-opens=java.base/java.lang=ALL-UNNAMED --add-opens=java.base/java.lang.invoke=ALL-UNNAMED --add-opens=java.base/java.lang.reflect=ALL-UNNAMED --add-opens=java.base/java.io=ALL-UNNAMED --add-opens=java.base/java.util=ALL-UNNAMED --add-opens=java.base/java.util.concurrent=ALL-UNNAMED --add-opens=java.rmi/sun.rmi.transport=ALL-UNNAMED
28-Apr-2026 16:24:58.717 INFO [main] org.apache.catalina.startup.VersionLoggerListener.log Server version name:   Apache Tomcat/9.0.115
28-Apr-2026 16:24:58.718 INFO [main] org.apache.catalina.startup.VersionLoggerListener.log Server built:          Jan 21 2026 08:17:26 UTC
28-Apr-2026 16:24:58.718 INFO [main] org.apache.catalina.startup.VersionLoggerListener.log Server version number: 9.0.115.0
28-Apr-2026 16:24:58.718 INFO [main] org.apache.catalina.startup.VersionLoggerListener.log OS Name:               Mac OS X
28-Apr-2026 16:24:58.718 INFO [main] org.apache.catalina.startup.VersionLoggerListener.log OS Version:            26.4.1
28-Apr-2026 16:24:58.718 INFO [main] org.apache.catalina.startup.VersionLoggerListener.log Architecture:          aarch64
28-Apr-2026 16:24:58.718 INFO [main] org.apache.catalina.startup.VersionLoggerListener.log Java Home:             /Library/Java/JavaVirtualMachines/jdk-25.jdk/Contents/Home
28-Apr-2026 16:24:58.719 INFO [main] org.apache.catalina.startup.VersionLoggerListener.log JVM Version:           25.0.2+10-LTS-69
28-Apr-2026 16:24:58.719 INFO [main] org.apache.catalina.startup.VersionLoggerListener.log JVM Vendor:            Oracle Corporation
28-Apr-2026 16:24:58.719 INFO [main] org.apache.catalina.startup.VersionLoggerListener.log CATALINA_BASE:         /Users/erictran/Downloads/CS157A/CS157A-S1-14/apache-tomcat-9.0.115
28-Apr-2026 16:24:58.719 INFO [main] org.apache.catalina.startup.VersionLoggerListener.log CATALINA_HOME:         /Users/erictran/Downloads/CS157A/CS157A-S1-14/apache-tomcat-9.0.115
28-Apr-2026 16:24:58.723 INFO [main] org.apache.catalina.startup.VersionLoggerListener.log Command line argument: --add-opens=java.base/java.lang=ALL-UNNAMED
28-Apr-2026 16:24:58.723 INFO [main] org.apache.catalina.startup.VersionLoggerListener.log Command line argument: --add-opens=java.base/java.lang.invoke=ALL-UNNAMED
28-Apr-2026 16:24:58.723 INFO [main] org.apache.catalina.startup.VersionLoggerListener.log Command line argument: --add-opens=java.base/java.lang.reflect=ALL-UNNAMED
28-Apr-2026 16:24:58.723 INFO [main] org.apache.catalina.startup.VersionLoggerListener.log Command line argument: --add-opens=java.base/java.io=ALL-UNNAMED
28-Apr-2026 16:24:58.723 INFO [main] org.apache.catalina.startup.VersionLoggerListener.log Command line argument: --add-opens=java.base/java.util=ALL-UNNAMED
28-Apr-2026 16:24:58.723 INFO [main] org.apache.catalina.startup.VersionLoggerListener.log Command line argument: --add-opens=java.base/java.util.concurrent=ALL-UNNAMED
28-Apr-2026 16:24:58.723 INFO [main] org.apache.catalina.startup.VersionLoggerListener.log Command line argument: --add-opens=java.rmi/sun.rmi.transport=ALL-UNNAMED
28-Apr-2026 16:24:58.723 INFO [main] org.apache.catalina.startup.VersionLoggerListener.log Command line argument: -Djava.util.logging.config.file=/Users/erictran/Downloads/CS157A/CS157A-S1-14/apache-tomcat-9.0.115/conf/logging.properties
28-Apr-2026 16:24:58.723 INFO [main] org.apache.catalina.startup.VersionLoggerListener.log Command line argument: -Djava.util.logging.manager=org.apache.juli.ClassLoaderLogManager
28-Apr-2026 16:24:58.723 INFO [main] org.apache.catalina.startup.VersionLoggerListener.log Command line argument: -Djdk.tls.ephemeralDHKeySize=2048
28-Apr-2026 16:24:58.723 INFO [main] org.apache.catalina.startup.VersionLoggerListener.log Command line argument: -Djava.protocol.handler.pkgs=org.apache.catalina.webresources
28-Apr-2026 16:24:58.723 INFO [main] org.apache.catalina.startup.VersionLoggerListener.log Command line argument: -Dsun.io.useCanonCaches=false
28-Apr-2026 16:24:58.723 INFO [main] org.apache.catalina.startup.VersionLoggerListener.log Command line argument: -Dorg.apache.catalina.security.SecurityListener.UMASK=0027
28-Apr-2026 16:24:58.723 INFO [main] org.apache.catalina.startup.VersionLoggerListener.log Command line argument: -Dignore.endorsed.dirs=
28-Apr-2026 16:24:58.723 INFO [main] org.apache.catalina.startup.VersionLoggerListener.log Command line argument: -Dcatalina.base=/Users/erictran/Downloads/CS157A/CS157A-S1-14/apache-tomcat-9.0.115
28-Apr-2026 16:24:58.723 INFO [main] org.apache.catalina.startup.VersionLoggerListener.log Command line argument: -Dcatalina.home=/Users/erictran/Downloads/CS157A/CS157A-S1-14/apache-tomcat-9.0.115
28-Apr-2026 16:24:58.723 INFO [main] org.apache.catalina.startup.VersionLoggerListener.log Command line argument: -Djava.io.tmpdir=/Users/erictran/Downloads/CS157A/CS157A-S1-14/apache-tomcat-9.0.115/temp
WARNING: A restricted method in java.lang.System has been called
WARNING: java.lang.System::load has been called by org.apache.tomcat.jni.Library in an unnamed module (file:/Users/erictran/Downloads/CS157A/CS157A-S1-14/apache-tomcat-9.0.115/lib/tomcat-jni.jar)
WARNING: Use --enable-native-access=ALL-UNNAMED to avoid a warning for callers in this module
WARNING: Restricted methods will be blocked in a future release unless native access is enabled

28-Apr-2026 16:24:58.729 INFO [main] org.apache.catalina.core.AprLifecycleListener.lifecycleEvent The Apache Tomcat Native library which allows using OpenSSL was not found on the java.library.path: [/Users/erictran/Library/Java/Extensions:/Library/Java/Extensions:/Network/Library/Java/Extensions:/System/Library/Java/Extensions:/usr/lib/java:.]
28-Apr-2026 16:24:58.851 INFO [main] org.apache.coyote.AbstractProtocol.init Initializing ProtocolHandler ["http-nio-8080"]
28-Apr-2026 16:24:58.859 SEVERE [main] org.apache.catalina.util.LifecycleBase.handleSubClassException Failed to initialize component [Connector["http-nio-8080"]]
	org.apache.catalina.LifecycleException: Protocol handler initialization failed
		at org.apache.catalina.connector.Connector.initInternal(Connector.java:1084)
		at org.apache.catalina.util.LifecycleBase.init(LifecycleBase.java:122)
		at org.apache.catalina.core.StandardService.initInternal(StandardService.java:520)
		at org.apache.catalina.util.LifecycleBase.init(LifecycleBase.java:122)
		at org.apache.catalina.core.StandardServer.initInternal(StandardServer.java:984)
		at org.apache.catalina.util.LifecycleBase.init(LifecycleBase.java:122)
		at org.apache.catalina.startup.Catalina.load(Catalina.java:687)
		at org.apache.catalina.startup.Catalina.load(Catalina.java:710)
		at java.base/jdk.internal.reflect.DirectMethodHandleAccessor.invoke(DirectMethodHandleAccessor.java:104)
		at java.base/java.lang.reflect.Method.invoke(Method.java:565)
		at org.apache.catalina.startup.Bootstrap.load(Bootstrap.java:299)
		at org.apache.catalina.startup.Bootstrap.main(Bootstrap.java:472)
	Caused by: java.net.BindException: Address already in use
		at java.base/sun.nio.ch.Net.bind0(Native Method)
		at java.base/sun.nio.ch.Net.bind(Net.java:522)
		at java.base/sun.nio.ch.ServerSocketChannelImpl.netBind(ServerSocketChannelImpl.java:335)
		at java.base/sun.nio.ch.ServerSocketChannelImpl.bind(ServerSocketChannelImpl.java:297)
		at org.apache.tomcat.util.net.NioEndpoint.initServerSocket(NioEndpoint.java:296)
		at org.apache.tomcat.util.net.NioEndpoint.bind(NioEndpoint.java:251)
		at org.apache.tomcat.util.net.AbstractEndpoint.bindWithCleanup(AbstractEndpoint.java:1497)
		at org.apache.tomcat.util.net.AbstractEndpoint.init(AbstractEndpoint.java:1510)
		at org.apache.coyote.AbstractProtocol.init(AbstractProtocol.java:667)
		at org.apache.coyote.http11.AbstractHttp11Protocol.init(AbstractHttp11Protocol.java:80)
		at org.apache.catalina.connector.Connector.initInternal(Connector.java:1082)
		... 11 more
28-Apr-2026 16:24:58.859 INFO [main] org.apache.catalina.startup.Catalina.load Server initialization in [210] milliseconds
28-Apr-2026 16:24:58.872 INFO [main] org.apache.catalina.core.StandardService.startInternal Starting service [Catalina]
28-Apr-2026 16:24:58.872 INFO [main] org.apache.catalina.core.StandardEngine.startInternal Starting Servlet engine: [Apache Tomcat/9.0.115]
28-Apr-2026 16:24:58.875 INFO [main] org.apache.catalina.startup.HostConfig.deployDirectory Deploying web application directory [/Users/erictran/Downloads/CS157A/CS157A-S1-14/apache-tomcat-9.0.115/webapps/docs]
28-Apr-2026 16:24:59.012 WARNING [main] org.apache.tomcat.util.net.Acceptor.stopMillis The acceptor thread [http-nio-8080-Acceptor] did not stop cleanly
28-Apr-2026 16:24:59.014 INFO [main] org.apache.coyote.AbstractProtocol.destroy Destroying ProtocolHandler ["http-nio-8080"]
28-Apr-2026 16:24:59.068 INFO [main] org.apache.jasper.servlet.TldScanner.scanJars At least one JAR was scanned for TLDs yet contained no TLDs. Enable debug logging for this logger for a complete list of JARs that were scanned but no TLDs were found in them. Skipping unneeded JARs during scanning can improve startup time and JSP compilation time.
28-Apr-2026 16:24:59.080 INFO [main] org.apache.catalina.startup.HostConfig.deployDirectory Deployment of web application directory [/Users/erictran/Downloads/CS157A/CS157A-S1-14/apache-tomcat-9.0.115/webapps/docs] has finished in [204] ms
28-Apr-2026 16:24:59.081 INFO [main] org.apache.catalina.startup.HostConfig.deployDirectory Deploying web application directory [/Users/erictran/Downloads/CS157A/CS157A-S1-14/apache-tomcat-9.0.115/webapps/TaskME]
28-Apr-2026 16:24:59.169 INFO [main] org.apache.jasper.servlet.TldScanner.scanJars At least one JAR was scanned for TLDs yet contained no TLDs. Enable debug logging for this logger for a complete list of JARs that were scanned but no TLDs were found in them. Skipping unneeded JARs during scanning can improve startup time and JSP compilation time.
28-Apr-2026 16:24:59.175 INFO [main] org.apache.catalina.startup.HostConfig.deployDirectory Deployment of web application directory [/Users/erictran/Downloads/CS157A/CS157A-S1-14/apache-tomcat-9.0.115/webapps/TaskME] has finished in [95] ms
28-Apr-2026 16:24:59.176 INFO [main] org.apache.catalina.startup.HostConfig.deployDirectory Deploying web application directory [/Users/erictran/Downloads/CS157A/CS157A-S1-14/apache-tomcat-9.0.115/webapps/manager]
28-Apr-2026 16:24:59.252 INFO [main] org.apache.jasper.servlet.TldScanner.scanJars At least one JAR was scanned for TLDs yet contained no TLDs. Enable debug logging for this logger for a complete list of JARs that were scanned but no TLDs were found in them. Skipping unneeded JARs during scanning can improve startup time and JSP compilation time.
28-Apr-2026 16:24:59.254 INFO [main] org.apache.catalina.startup.HostConfig.deployDirectory Deployment of web application directory [/Users/erictran/Downloads/CS157A/CS157A-S1-14/apache-tomcat-9.0.115/webapps/manager] has finished in [79] ms
28-Apr-2026 16:24:59.254 INFO [main] org.apache.catalina.startup.HostConfig.deployDirectory Deploying web application directory [/Users/erictran/Downloads/CS157A/CS157A-S1-14/apache-tomcat-9.0.115/webapps/examples]
28-Apr-2026 16:24:59.392 INFO [main] org.apache.jasper.servlet.TldScanner.scanJars At least one JAR was scanned for TLDs yet contained no TLDs. Enable debug logging for this logger for a complete list of JARs that were scanned but no TLDs were found in them. Skipping unneeded JARs during scanning can improve startup time and JSP compilation time.
28-Apr-2026 16:24:59.398 INFO [main] org.apache.catalina.startup.HostConfig.deployDirectory Deployment of web application directory [/Users/erictran/Downloads/CS157A/CS157A-S1-14/apache-tomcat-9.0.115/webapps/examples] has finished in [144] ms
28-Apr-2026 16:24:59.398 INFO [main] org.apache.catalina.startup.HostConfig.deployDirectory Deploying web application directory [/Users/erictran/Downloads/CS157A/CS157A-S1-14/apache-tomcat-9.0.115/webapps/ROOT]
28-Apr-2026 16:24:59.464 INFO [main] org.apache.jasper.servlet.TldScanner.scanJars At least one JAR was scanned for TLDs yet contained no TLDs. Enable debug logging for this logger for a complete list of JARs that were scanned but no TLDs were found in them. Skipping unneeded JARs during scanning can improve startup time and JSP compilation time.
28-Apr-2026 16:24:59.464 INFO [main] org.apache.catalina.startup.HostConfig.deployDirectory Deployment of web application directory [/Users/erictran/Downloads/CS157A/CS157A-S1-14/apache-tomcat-9.0.115/webapps/ROOT] has finished in [66] ms
28-Apr-2026 16:24:59.464 INFO [main] org.apache.catalina.startup.HostConfig.deployDirectory Deploying web application directory [/Users/erictran/Downloads/CS157A/CS157A-S1-14/apache-tomcat-9.0.115/webapps/host-manager]
28-Apr-2026 16:24:59.532 INFO [main] org.apache.jasper.servlet.TldScanner.scanJars At least one JAR was scanned for TLDs yet contained no TLDs. Enable debug logging for this logger for a complete list of JARs that were scanned but no TLDs were found in them. Skipping unneeded JARs during scanning can improve startup time and JSP compilation time.
28-Apr-2026 16:24:59.533 INFO [main] org.apache.catalina.startup.HostConfig.deployDirectory Deployment of web application directory [/Users/erictran/Downloads/CS157A/CS157A-S1-14/apache-tomcat-9.0.115/webapps/host-manager] has finished in [69] ms
28-Apr-2026 16:24:59.535 INFO [main] org.apache.catalina.startup.Catalina.start Server startup in [674] milliseconds
28-Apr-2026 16:25:27.664 INFO [main] org.apache.catalina.core.StandardServer.await A valid shutdown command was received via the shutdown port. Stopping the Server instance.
28-Apr-2026 16:25:27.664 INFO [main] org.apache.coyote.AbstractProtocol.pause Pausing ProtocolHandler ["http-nio-8080"]
28-Apr-2026 16:25:27.664 INFO [main] org.apache.catalina.core.StandardService.stopInternal Stopping service [Catalina]
28-Apr-2026 16:25:27.676 INFO [main] org.apache.coyote.AbstractProtocol.stop Stopping ProtocolHandler ["http-nio-8080"]
28-Apr-2026 16:25:27.676 INFO [main] org.apache.coyote.AbstractProtocol.destroy Destroying ProtocolHandler ["http-nio-8080"]
NOTE: Picked up JDK_JAVA_OPTIONS:  --add-opens=java.base/java.lang=ALL-UNNAMED --add-opens=java.base/java.lang.invoke=ALL-UNNAMED --add-opens=java.base/java.lang.reflect=ALL-UNNAMED --add-opens=java.base/java.io=ALL-UNNAMED --add-opens=java.base/java.util=ALL-UNNAMED --add-opens=java.base/java.util.concurrent=ALL-UNNAMED --add-opens=java.rmi/sun.rmi.transport=ALL-UNNAMED
28-Apr-2026 16:25:31.509 INFO [main] org.apache.catalina.startup.VersionLoggerListener.log Server version name:   Apache Tomcat/9.0.115
28-Apr-2026 16:25:31.510 INFO [main] org.apache.catalina.startup.VersionLoggerListener.log Server built:          Jan 21 2026 08:17:26 UTC
28-Apr-2026 16:25:31.510 INFO [main] org.apache.catalina.startup.VersionLoggerListener.log Server version number: 9.0.115.0
28-Apr-2026 16:25:31.510 INFO [main] org.apache.catalina.startup.VersionLoggerListener.log OS Name:               Mac OS X
28-Apr-2026 16:25:31.510 INFO [main] org.apache.catalina.startup.VersionLoggerListener.log OS Version:            26.4.1
28-Apr-2026 16:25:31.510 INFO [main] org.apache.catalina.startup.VersionLoggerListener.log Architecture:          aarch64
28-Apr-2026 16:25:31.510 INFO [main] org.apache.catalina.startup.VersionLoggerListener.log Java Home:             /Library/Java/JavaVirtualMachines/jdk-25.jdk/Contents/Home
28-Apr-2026 16:25:31.511 INFO [main] org.apache.catalina.startup.VersionLoggerListener.log JVM Version:           25.0.2+10-LTS-69
28-Apr-2026 16:25:31.511 INFO [main] org.apache.catalina.startup.VersionLoggerListener.log JVM Vendor:            Oracle Corporation
28-Apr-2026 16:25:31.511 INFO [main] org.apache.catalina.startup.VersionLoggerListener.log CATALINA_BASE:         /Users/erictran/Downloads/CS157A/CS157A-S1-14/apache-tomcat-9.0.115
28-Apr-2026 16:25:31.511 INFO [main] org.apache.catalina.startup.VersionLoggerListener.log CATALINA_HOME:         /Users/erictran/Downloads/CS157A/CS157A-S1-14/apache-tomcat-9.0.115
28-Apr-2026 16:25:31.514 INFO [main] org.apache.catalina.startup.VersionLoggerListener.log Command line argument: --add-opens=java.base/java.lang=ALL-UNNAMED
28-Apr-2026 16:25:31.514 INFO [main] org.apache.catalina.startup.VersionLoggerListener.log Command line argument: --add-opens=java.base/java.lang.invoke=ALL-UNNAMED
28-Apr-2026 16:25:31.514 INFO [main] org.apache.catalina.startup.VersionLoggerListener.log Command line argument: --add-opens=java.base/java.lang.reflect=ALL-UNNAMED
28-Apr-2026 16:25:31.515 INFO [main] org.apache.catalina.startup.VersionLoggerListener.log Command line argument: --add-opens=java.base/java.io=ALL-UNNAMED
28-Apr-2026 16:25:31.515 INFO [main] org.apache.catalina.startup.VersionLoggerListener.log Command line argument: --add-opens=java.base/java.util=ALL-UNNAMED
28-Apr-2026 16:25:31.515 INFO [main] org.apache.catalina.startup.VersionLoggerListener.log Command line argument: --add-opens=java.base/java.util.concurrent=ALL-UNNAMED
28-Apr-2026 16:25:31.515 INFO [main] org.apache.catalina.startup.VersionLoggerListener.log Command line argument: --add-opens=java.rmi/sun.rmi.transport=ALL-UNNAMED
28-Apr-2026 16:25:31.515 INFO [main] org.apache.catalina.startup.VersionLoggerListener.log Command line argument: -Djava.util.logging.config.file=/Users/erictran/Downloads/CS157A/CS157A-S1-14/apache-tomcat-9.0.115/conf/logging.properties
28-Apr-2026 16:25:31.515 INFO [main] org.apache.catalina.startup.VersionLoggerListener.log Command line argument: -Djava.util.logging.manager=org.apache.juli.ClassLoaderLogManager
28-Apr-2026 16:25:31.515 INFO [main] org.apache.catalina.startup.VersionLoggerListener.log Command line argument: -Djdk.tls.ephemeralDHKeySize=2048
28-Apr-2026 16:25:31.515 INFO [main] org.apache.catalina.startup.VersionLoggerListener.log Command line argument: -Djava.protocol.handler.pkgs=org.apache.catalina.webresources
28-Apr-2026 16:25:31.515 INFO [main] org.apache.catalina.startup.VersionLoggerListener.log Command line argument: -Dsun.io.useCanonCaches=false
28-Apr-2026 16:25:31.515 INFO [main] org.apache.catalina.startup.VersionLoggerListener.log Command line argument: -Dorg.apache.catalina.security.SecurityListener.UMASK=0027
28-Apr-2026 16:25:31.515 INFO [main] org.apache.catalina.startup.VersionLoggerListener.log Command line argument: -Dignore.endorsed.dirs=
28-Apr-2026 16:25:31.515 INFO [main] org.apache.catalina.startup.VersionLoggerListener.log Command line argument: -Dcatalina.base=/Users/erictran/Downloads/CS157A/CS157A-S1-14/apache-tomcat-9.0.115
28-Apr-2026 16:25:31.515 INFO [main] org.apache.catalina.startup.VersionLoggerListener.log Command line argument: -Dcatalina.home=/Users/erictran/Downloads/CS157A/CS157A-S1-14/apache-tomcat-9.0.115
28-Apr-2026 16:25:31.515 INFO [main] org.apache.catalina.startup.VersionLoggerListener.log Command line argument: -Djava.io.tmpdir=/Users/erictran/Downloads/CS157A/CS157A-S1-14/apache-tomcat-9.0.115/temp
WARNING: A restricted method in java.lang.System has been called
WARNING: java.lang.System::load has been called by org.apache.tomcat.jni.Library in an unnamed module (file:/Users/erictran/Downloads/CS157A/CS157A-S1-14/apache-tomcat-9.0.115/lib/tomcat-jni.jar)
WARNING: Use --enable-native-access=ALL-UNNAMED to avoid a warning for callers in this module
WARNING: Restricted methods will be blocked in a future release unless native access is enabled

28-Apr-2026 16:25:31.520 INFO [main] org.apache.catalina.core.AprLifecycleListener.lifecycleEvent The Apache Tomcat Native library which allows using OpenSSL was not found on the java.library.path: [/Users/erictran/Library/Java/Extensions:/Library/Java/Extensions:/Network/Library/Java/Extensions:/System/Library/Java/Extensions:/usr/lib/java:.]
28-Apr-2026 16:25:31.643 INFO [main] org.apache.coyote.AbstractProtocol.init Initializing ProtocolHandler ["http-nio-8080"]
28-Apr-2026 16:25:31.654 INFO [main] org.apache.catalina.startup.Catalina.load Server initialization in [214] milliseconds
28-Apr-2026 16:25:31.667 INFO [main] org.apache.catalina.core.StandardService.startInternal Starting service [Catalina]
28-Apr-2026 16:25:31.667 INFO [main] org.apache.catalina.core.StandardEngine.startInternal Starting Servlet engine: [Apache Tomcat/9.0.115]
28-Apr-2026 16:25:31.669 INFO [main] org.apache.catalina.startup.HostConfig.deployDirectory Deploying web application directory [/Users/erictran/Downloads/CS157A/CS157A-S1-14/apache-tomcat-9.0.115/webapps/docs]
28-Apr-2026 16:25:31.858 INFO [main] org.apache.jasper.servlet.TldScanner.scanJars At least one JAR was scanned for TLDs yet contained no TLDs. Enable debug logging for this logger for a complete list of JARs that were scanned but no TLDs were found in them. Skipping unneeded JARs during scanning can improve startup time and JSP compilation time.
28-Apr-2026 16:25:31.871 INFO [main] org.apache.catalina.startup.HostConfig.deployDirectory Deployment of web application directory [/Users/erictran/Downloads/CS157A/CS157A-S1-14/apache-tomcat-9.0.115/webapps/docs] has finished in [201] ms
28-Apr-2026 16:25:31.871 INFO [main] org.apache.catalina.startup.HostConfig.deployDirectory Deploying web application directory [/Users/erictran/Downloads/CS157A/CS157A-S1-14/apache-tomcat-9.0.115/webapps/TaskME]
28-Apr-2026 16:25:31.960 INFO [main] org.apache.jasper.servlet.TldScanner.scanJars At least one JAR was scanned for TLDs yet contained no TLDs. Enable debug logging for this logger for a complete list of JARs that were scanned but no TLDs were found in them. Skipping unneeded JARs during scanning can improve startup time and JSP compilation time.
28-Apr-2026 16:25:31.966 INFO [main] org.apache.catalina.startup.HostConfig.deployDirectory Deployment of web application directory [/Users/erictran/Downloads/CS157A/CS157A-S1-14/apache-tomcat-9.0.115/webapps/TaskME] has finished in [95] ms
28-Apr-2026 16:25:31.966 INFO [main] org.apache.catalina.startup.HostConfig.deployDirectory Deploying web application directory [/Users/erictran/Downloads/CS157A/CS157A-S1-14/apache-tomcat-9.0.115/webapps/manager]
28-Apr-2026 16:25:32.043 INFO [main] org.apache.jasper.servlet.TldScanner.scanJars At least one JAR was scanned for TLDs yet contained no TLDs. Enable debug logging for this logger for a complete list of JARs that were scanned but no TLDs were found in them. Skipping unneeded JARs during scanning can improve startup time and JSP compilation time.
28-Apr-2026 16:25:32.045 INFO [main] org.apache.catalina.startup.HostConfig.deployDirectory Deployment of web application directory [/Users/erictran/Downloads/CS157A/CS157A-S1-14/apache-tomcat-9.0.115/webapps/manager] has finished in [79] ms
28-Apr-2026 16:25:32.045 INFO [main] org.apache.catalina.startup.HostConfig.deployDirectory Deploying web application directory [/Users/erictran/Downloads/CS157A/CS157A-S1-14/apache-tomcat-9.0.115/webapps/examples]
28-Apr-2026 16:25:32.173 INFO [main] org.apache.jasper.servlet.TldScanner.scanJars At least one JAR was scanned for TLDs yet contained no TLDs. Enable debug logging for this logger for a complete list of JARs that were scanned but no TLDs were found in them. Skipping unneeded JARs during scanning can improve startup time and JSP compilation time.
28-Apr-2026 16:25:32.179 INFO [main] org.apache.catalina.startup.HostConfig.deployDirectory Deployment of web application directory [/Users/erictran/Downloads/CS157A/CS157A-S1-14/apache-tomcat-9.0.115/webapps/examples] has finished in [134] ms
28-Apr-2026 16:25:32.179 INFO [main] org.apache.catalina.startup.HostConfig.deployDirectory Deploying web application directory [/Users/erictran/Downloads/CS157A/CS157A-S1-14/apache-tomcat-9.0.115/webapps/ROOT]
28-Apr-2026 16:25:32.245 INFO [main] org.apache.jasper.servlet.TldScanner.scanJars At least one JAR was scanned for TLDs yet contained no TLDs. Enable debug logging for this logger for a complete list of JARs that were scanned but no TLDs were found in them. Skipping unneeded JARs during scanning can improve startup time and JSP compilation time.
28-Apr-2026 16:25:32.246 INFO [main] org.apache.catalina.startup.HostConfig.deployDirectory Deployment of web application directory [/Users/erictran/Downloads/CS157A/CS157A-S1-14/apache-tomcat-9.0.115/webapps/ROOT] has finished in [67] ms
28-Apr-2026 16:25:32.246 INFO [main] org.apache.catalina.startup.HostConfig.deployDirectory Deploying web application directory [/Users/erictran/Downloads/CS157A/CS157A-S1-14/apache-tomcat-9.0.115/webapps/host-manager]
28-Apr-2026 16:25:32.319 INFO [main] org.apache.jasper.servlet.TldScanner.scanJars At least one JAR was scanned for TLDs yet contained no TLDs. Enable debug logging for this logger for a complete list of JARs that were scanned but no TLDs were found in them. Skipping unneeded JARs during scanning can improve startup time and JSP compilation time.
28-Apr-2026 16:25:32.320 INFO [main] org.apache.catalina.startup.HostConfig.deployDirectory Deployment of web application directory [/Users/erictran/Downloads/CS157A/CS157A-S1-14/apache-tomcat-9.0.115/webapps/host-manager] has finished in [74] ms
28-Apr-2026 16:25:32.322 INFO [main] org.apache.coyote.AbstractProtocol.start Starting ProtocolHandler ["http-nio-8080"]
28-Apr-2026 16:25:32.327 INFO [main] org.apache.catalina.startup.Catalina.start Server startup in [671] milliseconds
28-Apr-2026 16:30:42.344 INFO [main] org.apache.catalina.core.StandardServer.await A valid shutdown command was received via the shutdown port. Stopping the Server instance.
28-Apr-2026 16:30:42.345 INFO [main] org.apache.coyote.AbstractProtocol.pause Pausing ProtocolHandler ["http-nio-8080"]
28-Apr-2026 16:30:43.347 INFO [main] org.apache.catalina.core.StandardService.stopInternal Stopping service [Catalina]
28-Apr-2026 16:30:43.376 INFO [main] org.apache.coyote.AbstractProtocol.stop Stopping ProtocolHandler ["http-nio-8080"]
28-Apr-2026 16:30:43.980 WARNING [main] org.apache.tomcat.util.net.Acceptor.stopMillis The acceptor thread [http-nio-8080-Acceptor] did not stop cleanly
28-Apr-2026 16:30:43.989 INFO [main] org.apache.coyote.AbstractProtocol.destroy Destroying ProtocolHandler ["http-nio-8080"]
NOTE: Picked up JDK_JAVA_OPTIONS:  --add-opens=java.base/java.lang=ALL-UNNAMED --add-opens=java.base/java.lang.invoke=ALL-UNNAMED --add-opens=java.base/java.lang.reflect=ALL-UNNAMED --add-opens=java.base/java.io=ALL-UNNAMED --add-opens=java.base/java.util=ALL-UNNAMED --add-opens=java.base/java.util.concurrent=ALL-UNNAMED --add-opens=java.rmi/sun.rmi.transport=ALL-UNNAMED
28-Apr-2026 16:30:44.404 INFO [main] org.apache.catalina.startup.VersionLoggerListener.log Server version name:   Apache Tomcat/9.0.115
28-Apr-2026 16:30:44.405 INFO [main] org.apache.catalina.startup.VersionLoggerListener.log Server built:          Jan 21 2026 08:17:26 UTC
28-Apr-2026 16:30:44.405 INFO [main] org.apache.catalina.startup.VersionLoggerListener.log Server version number: 9.0.115.0
28-Apr-2026 16:30:44.405 INFO [main] org.apache.catalina.startup.VersionLoggerListener.log OS Name:               Mac OS X
28-Apr-2026 16:30:44.405 INFO [main] org.apache.catalina.startup.VersionLoggerListener.log OS Version:            26.4.1
28-Apr-2026 16:30:44.405 INFO [main] org.apache.catalina.startup.VersionLoggerListener.log Architecture:          aarch64
28-Apr-2026 16:30:44.406 INFO [main] org.apache.catalina.startup.VersionLoggerListener.log Java Home:             /Library/Java/JavaVirtualMachines/jdk-25.jdk/Contents/Home
28-Apr-2026 16:30:44.406 INFO [main] org.apache.catalina.startup.VersionLoggerListener.log JVM Version:           25.0.2+10-LTS-69
28-Apr-2026 16:30:44.406 INFO [main] org.apache.catalina.startup.VersionLoggerListener.log JVM Vendor:            Oracle Corporation
28-Apr-2026 16:30:44.406 INFO [main] org.apache.catalina.startup.VersionLoggerListener.log CATALINA_BASE:         /Users/erictran/Downloads/CS157A/CS157A-S1-14/apache-tomcat-9.0.115
28-Apr-2026 16:30:44.406 INFO [main] org.apache.catalina.startup.VersionLoggerListener.log CATALINA_HOME:         /Users/erictran/Downloads/CS157A/CS157A-S1-14/apache-tomcat-9.0.115
28-Apr-2026 16:30:44.410 INFO [main] org.apache.catalina.startup.VersionLoggerListener.log Command line argument: --add-opens=java.base/java.lang=ALL-UNNAMED
28-Apr-2026 16:30:44.410 INFO [main] org.apache.catalina.startup.VersionLoggerListener.log Command line argument: --add-opens=java.base/java.lang.invoke=ALL-UNNAMED
28-Apr-2026 16:30:44.410 INFO [main] org.apache.catalina.startup.VersionLoggerListener.log Command line argument: --add-opens=java.base/java.lang.reflect=ALL-UNNAMED
28-Apr-2026 16:30:44.410 INFO [main] org.apache.catalina.startup.VersionLoggerListener.log Command line argument: --add-opens=java.base/java.io=ALL-UNNAMED
28-Apr-2026 16:30:44.410 INFO [main] org.apache.catalina.startup.VersionLoggerListener.log Command line argument: --add-opens=java.base/java.util=ALL-UNNAMED
28-Apr-2026 16:30:44.410 INFO [main] org.apache.catalina.startup.VersionLoggerListener.log Command line argument: --add-opens=java.base/java.util.concurrent=ALL-UNNAMED
28-Apr-2026 16:30:44.410 INFO [main] org.apache.catalina.startup.VersionLoggerListener.log Command line argument: --add-opens=java.rmi/sun.rmi.transport=ALL-UNNAMED
28-Apr-2026 16:30:44.410 INFO [main] org.apache.catalina.startup.VersionLoggerListener.log Command line argument: -Djava.util.logging.config.file=/Users/erictran/Downloads/CS157A/CS157A-S1-14/apache-tomcat-9.0.115/conf/logging.properties
28-Apr-2026 16:30:44.410 INFO [main] org.apache.catalina.startup.VersionLoggerListener.log Command line argument: -Djava.util.logging.manager=org.apache.juli.ClassLoaderLogManager
28-Apr-2026 16:30:44.410 INFO [main] org.apache.catalina.startup.VersionLoggerListener.log Command line argument: -Djdk.tls.ephemeralDHKeySize=2048
28-Apr-2026 16:30:44.410 INFO [main] org.apache.catalina.startup.VersionLoggerListener.log Command line argument: -Djava.protocol.handler.pkgs=org.apache.catalina.webresources
28-Apr-2026 16:30:44.410 INFO [main] org.apache.catalina.startup.VersionLoggerListener.log Command line argument: -Dsun.io.useCanonCaches=false
28-Apr-2026 16:30:44.410 INFO [main] org.apache.catalina.startup.VersionLoggerListener.log Command line argument: -Dorg.apache.catalina.security.SecurityListener.UMASK=0027
28-Apr-2026 16:30:44.410 INFO [main] org.apache.catalina.startup.VersionLoggerListener.log Command line argument: -Dignore.endorsed.dirs=
28-Apr-2026 16:30:44.410 INFO [main] org.apache.catalina.startup.VersionLoggerListener.log Command line argument: -Dcatalina.base=/Users/erictran/Downloads/CS157A/CS157A-S1-14/apache-tomcat-9.0.115
28-Apr-2026 16:30:44.411 INFO [main] org.apache.catalina.startup.VersionLoggerListener.log Command line argument: -Dcatalina.home=/Users/erictran/Downloads/CS157A/CS157A-S1-14/apache-tomcat-9.0.115
28-Apr-2026 16:30:44.411 INFO [main] org.apache.catalina.startup.VersionLoggerListener.log Command line argument: -Djava.io.tmpdir=/Users/erictran/Downloads/CS157A/CS157A-S1-14/apache-tomcat-9.0.115/temp
WARNING: A restricted method in java.lang.System has been called
WARNING: java.lang.System::load has been called by org.apache.tomcat.jni.Library in an unnamed module (file:/Users/erictran/Downloads/CS157A/CS157A-S1-14/apache-tomcat-9.0.115/lib/tomcat-jni.jar)
WARNING: Use --enable-native-access=ALL-UNNAMED to avoid a warning for callers in this module
WARNING: Restricted methods will be blocked in a future release unless native access is enabled

28-Apr-2026 16:30:44.416 INFO [main] org.apache.catalina.core.AprLifecycleListener.lifecycleEvent The Apache Tomcat Native library which allows using OpenSSL was not found on the java.library.path: [/Users/erictran/Library/Java/Extensions:/Library/Java/Extensions:/Network/Library/Java/Extensions:/System/Library/Java/Extensions:/usr/lib/java:.]
28-Apr-2026 16:30:44.537 INFO [main] org.apache.coyote.AbstractProtocol.init Initializing ProtocolHandler ["http-nio-8080"]
28-Apr-2026 16:30:44.548 INFO [main] org.apache.catalina.startup.Catalina.load Server initialization in [212] milliseconds
28-Apr-2026 16:30:44.561 INFO [main] org.apache.catalina.core.StandardService.startInternal Starting service [Catalina]
28-Apr-2026 16:30:44.561 INFO [main] org.apache.catalina.core.StandardEngine.startInternal Starting Servlet engine: [Apache Tomcat/9.0.115]
28-Apr-2026 16:30:44.563 INFO [main] org.apache.catalina.startup.HostConfig.deployDirectory Deploying web application directory [/Users/erictran/Downloads/CS157A/CS157A-S1-14/apache-tomcat-9.0.115/webapps/docs]
28-Apr-2026 16:30:44.751 INFO [main] org.apache.jasper.servlet.TldScanner.scanJars At least one JAR was scanned for TLDs yet contained no TLDs. Enable debug logging for this logger for a complete list of JARs that were scanned but no TLDs were found in them. Skipping unneeded JARs during scanning can improve startup time and JSP compilation time.
28-Apr-2026 16:30:44.763 INFO [main] org.apache.catalina.startup.HostConfig.deployDirectory Deployment of web application directory [/Users/erictran/Downloads/CS157A/CS157A-S1-14/apache-tomcat-9.0.115/webapps/docs] has finished in [199] ms
28-Apr-2026 16:30:44.763 INFO [main] org.apache.catalina.startup.HostConfig.deployDirectory Deploying web application directory [/Users/erictran/Downloads/CS157A/CS157A-S1-14/apache-tomcat-9.0.115/webapps/TaskME]
28-Apr-2026 16:30:44.854 INFO [main] org.apache.jasper.servlet.TldScanner.scanJars At least one JAR was scanned for TLDs yet contained no TLDs. Enable debug logging for this logger for a complete list of JARs that were scanned but no TLDs were found in them. Skipping unneeded JARs during scanning can improve startup time and JSP compilation time.
28-Apr-2026 16:30:44.864 INFO [main] org.apache.catalina.startup.HostConfig.deployDirectory Deployment of web application directory [/Users/erictran/Downloads/CS157A/CS157A-S1-14/apache-tomcat-9.0.115/webapps/TaskME] has finished in [101] ms
28-Apr-2026 16:30:44.864 INFO [main] org.apache.catalina.startup.HostConfig.deployDirectory Deploying web application directory [/Users/erictran/Downloads/CS157A/CS157A-S1-14/apache-tomcat-9.0.115/webapps/manager]
28-Apr-2026 16:30:44.946 INFO [main] org.apache.jasper.servlet.TldScanner.scanJars At least one JAR was scanned for TLDs yet contained no TLDs. Enable debug logging for this logger for a complete list of JARs that were scanned but no TLDs were found in them. Skipping unneeded JARs during scanning can improve startup time and JSP compilation time.
28-Apr-2026 16:30:44.948 INFO [main] org.apache.catalina.startup.HostConfig.deployDirectory Deployment of web application directory [/Users/erictran/Downloads/CS157A/CS157A-S1-14/apache-tomcat-9.0.115/webapps/manager] has finished in [84] ms
28-Apr-2026 16:30:44.948 INFO [main] org.apache.catalina.startup.HostConfig.deployDirectory Deploying web application directory [/Users/erictran/Downloads/CS157A/CS157A-S1-14/apache-tomcat-9.0.115/webapps/examples]
28-Apr-2026 16:30:45.088 INFO [main] org.apache.jasper.servlet.TldScanner.scanJars At least one JAR was scanned for TLDs yet contained no TLDs. Enable debug logging for this logger for a complete list of JARs that were scanned but no TLDs were found in them. Skipping unneeded JARs during scanning can improve startup time and JSP compilation time.
28-Apr-2026 16:30:45.094 INFO [main] org.apache.catalina.startup.HostConfig.deployDirectory Deployment of web application directory [/Users/erictran/Downloads/CS157A/CS157A-S1-14/apache-tomcat-9.0.115/webapps/examples] has finished in [146] ms
28-Apr-2026 16:30:45.094 INFO [main] org.apache.catalina.startup.HostConfig.deployDirectory Deploying web application directory [/Users/erictran/Downloads/CS157A/CS157A-S1-14/apache-tomcat-9.0.115/webapps/ROOT]
28-Apr-2026 16:30:45.162 INFO [main] org.apache.jasper.servlet.TldScanner.scanJars At least one JAR was scanned for TLDs yet contained no TLDs. Enable debug logging for this logger for a complete list of JARs that were scanned but no TLDs were found in them. Skipping unneeded JARs during scanning can improve startup time and JSP compilation time.
28-Apr-2026 16:30:45.163 INFO [main] org.apache.catalina.startup.HostConfig.deployDirectory Deployment of web application directory [/Users/erictran/Downloads/CS157A/CS157A-S1-14/apache-tomcat-9.0.115/webapps/ROOT] has finished in [68] ms
28-Apr-2026 16:30:45.163 INFO [main] org.apache.catalina.startup.HostConfig.deployDirectory Deploying web application directory [/Users/erictran/Downloads/CS157A/CS157A-S1-14/apache-tomcat-9.0.115/webapps/host-manager]
28-Apr-2026 16:30:45.237 INFO [main] org.apache.jasper.servlet.TldScanner.scanJars At least one JAR was scanned for TLDs yet contained no TLDs. Enable debug logging for this logger for a complete list of JARs that were scanned but no TLDs were found in them. Skipping unneeded JARs during scanning can improve startup time and JSP compilation time.
28-Apr-2026 16:30:45.238 INFO [main] org.apache.catalina.startup.HostConfig.deployDirectory Deployment of web application directory [/Users/erictran/Downloads/CS157A/CS157A-S1-14/apache-tomcat-9.0.115/webapps/host-manager] has finished in [75] ms
28-Apr-2026 16:30:45.239 INFO [main] org.apache.coyote.AbstractProtocol.start Starting ProtocolHandler ["http-nio-8080"]
28-Apr-2026 16:30:45.243 INFO [main] org.apache.catalina.startup.Catalina.start Server startup in [694] milliseconds
28-Apr-2026 16:48:38.645 INFO [main] org.apache.catalina.core.StandardServer.await A valid shutdown command was received via the shutdown port. Stopping the Server instance.
28-Apr-2026 16:48:38.647 INFO [main] org.apache.coyote.AbstractProtocol.pause Pausing ProtocolHandler ["http-nio-8080"]
28-Apr-2026 16:48:39.649 INFO [main] org.apache.catalina.core.StandardService.stopInternal Stopping service [Catalina]
28-Apr-2026 16:48:39.675 INFO [main] org.apache.coyote.AbstractProtocol.stop Stopping ProtocolHandler ["http-nio-8080"]
28-Apr-2026 16:48:40.281 WARNING [main] org.apache.tomcat.util.net.Acceptor.stopMillis The acceptor thread [http-nio-8080-Acceptor] did not stop cleanly
28-Apr-2026 16:48:40.285 INFO [main] org.apache.coyote.AbstractProtocol.destroy Destroying ProtocolHandler ["http-nio-8080"]
NOTE: Picked up JDK_JAVA_OPTIONS:  --add-opens=java.base/java.lang=ALL-UNNAMED --add-opens=java.base/java.lang.invoke=ALL-UNNAMED --add-opens=java.base/java.lang.reflect=ALL-UNNAMED --add-opens=java.base/java.io=ALL-UNNAMED --add-opens=java.base/java.util=ALL-UNNAMED --add-opens=java.base/java.util.concurrent=ALL-UNNAMED --add-opens=java.rmi/sun.rmi.transport=ALL-UNNAMED
28-Apr-2026 16:48:40.939 INFO [main] org.apache.catalina.startup.VersionLoggerListener.log Server version name:   Apache Tomcat/9.0.115
28-Apr-2026 16:48:40.940 INFO [main] org.apache.catalina.startup.VersionLoggerListener.log Server built:          Jan 21 2026 08:17:26 UTC
28-Apr-2026 16:48:40.940 INFO [main] org.apache.catalina.startup.VersionLoggerListener.log Server version number: 9.0.115.0
28-Apr-2026 16:48:40.940 INFO [main] org.apache.catalina.startup.VersionLoggerListener.log OS Name:               Mac OS X
28-Apr-2026 16:48:40.940 INFO [main] org.apache.catalina.startup.VersionLoggerListener.log OS Version:            26.4.1
28-Apr-2026 16:48:40.940 INFO [main] org.apache.catalina.startup.VersionLoggerListener.log Architecture:          aarch64
28-Apr-2026 16:48:40.940 INFO [main] org.apache.catalina.startup.VersionLoggerListener.log Java Home:             /Library/Java/JavaVirtualMachines/jdk-25.jdk/Contents/Home
28-Apr-2026 16:48:40.941 INFO [main] org.apache.catalina.startup.VersionLoggerListener.log JVM Version:           25.0.2+10-LTS-69
28-Apr-2026 16:48:40.941 INFO [main] org.apache.catalina.startup.VersionLoggerListener.log JVM Vendor:            Oracle Corporation
28-Apr-2026 16:48:40.941 INFO [main] org.apache.catalina.startup.VersionLoggerListener.log CATALINA_BASE:         /Users/erictran/Downloads/CS157A/CS157A-S1-14/apache-tomcat-9.0.115
28-Apr-2026 16:48:40.941 INFO [main] org.apache.catalina.startup.VersionLoggerListener.log CATALINA_HOME:         /Users/erictran/Downloads/CS157A/CS157A-S1-14/apache-tomcat-9.0.115
28-Apr-2026 16:48:40.944 INFO [main] org.apache.catalina.startup.VersionLoggerListener.log Command line argument: --add-opens=java.base/java.lang=ALL-UNNAMED
28-Apr-2026 16:48:40.944 INFO [main] org.apache.catalina.startup.VersionLoggerListener.log Command line argument: --add-opens=java.base/java.lang.invoke=ALL-UNNAMED
28-Apr-2026 16:48:40.944 INFO [main] org.apache.catalina.startup.VersionLoggerListener.log Command line argument: --add-opens=java.base/java.lang.reflect=ALL-UNNAMED
28-Apr-2026 16:48:40.944 INFO [main] org.apache.catalina.startup.VersionLoggerListener.log Command line argument: --add-opens=java.base/java.io=ALL-UNNAMED
28-Apr-2026 16:48:40.944 INFO [main] org.apache.catalina.startup.VersionLoggerListener.log Command line argument: --add-opens=java.base/java.util=ALL-UNNAMED
28-Apr-2026 16:48:40.945 INFO [main] org.apache.catalina.startup.VersionLoggerListener.log Command line argument: --add-opens=java.base/java.util.concurrent=ALL-UNNAMED
28-Apr-2026 16:48:40.945 INFO [main] org.apache.catalina.startup.VersionLoggerListener.log Command line argument: --add-opens=java.rmi/sun.rmi.transport=ALL-UNNAMED
28-Apr-2026 16:48:40.945 INFO [main] org.apache.catalina.startup.VersionLoggerListener.log Command line argument: -Djava.util.logging.config.file=/Users/erictran/Downloads/CS157A/CS157A-S1-14/apache-tomcat-9.0.115/conf/logging.properties
28-Apr-2026 16:48:40.945 INFO [main] org.apache.catalina.startup.VersionLoggerListener.log Command line argument: -Djava.util.logging.manager=org.apache.juli.ClassLoaderLogManager
28-Apr-2026 16:48:40.945 INFO [main] org.apache.catalina.startup.VersionLoggerListener.log Command line argument: -Djdk.tls.ephemeralDHKeySize=2048
28-Apr-2026 16:48:40.945 INFO [main] org.apache.catalina.startup.VersionLoggerListener.log Command line argument: -Djava.protocol.handler.pkgs=org.apache.catalina.webresources
28-Apr-2026 16:48:40.945 INFO [main] org.apache.catalina.startup.VersionLoggerListener.log Command line argument: -Dsun.io.useCanonCaches=false
28-Apr-2026 16:48:40.945 INFO [main] org.apache.catalina.startup.VersionLoggerListener.log Command line argument: -Dorg.apache.catalina.security.SecurityListener.UMASK=0027
28-Apr-2026 16:48:40.945 INFO [main] org.apache.catalina.startup.VersionLoggerListener.log Command line argument: -Dignore.endorsed.dirs=
28-Apr-2026 16:48:40.945 INFO [main] org.apache.catalina.startup.VersionLoggerListener.log Command line argument: -Dcatalina.base=/Users/erictran/Downloads/CS157A/CS157A-S1-14/apache-tomcat-9.0.115
28-Apr-2026 16:48:40.945 INFO [main] org.apache.catalina.startup.VersionLoggerListener.log Command line argument: -Dcatalina.home=/Users/erictran/Downloads/CS157A/CS157A-S1-14/apache-tomcat-9.0.115
28-Apr-2026 16:48:40.945 INFO [main] org.apache.catalina.startup.VersionLoggerListener.log Command line argument: -Djava.io.tmpdir=/Users/erictran/Downloads/CS157A/CS157A-S1-14/apache-tomcat-9.0.115/temp
WARNING: A restricted method in java.lang.System has been called
WARNING: java.lang.System::load has been called by org.apache.tomcat.jni.Library in an unnamed module (file:/Users/erictran/Downloads/CS157A/CS157A-S1-14/apache-tomcat-9.0.115/lib/tomcat-jni.jar)
WARNING: Use --enable-native-access=ALL-UNNAMED to avoid a warning for callers in this module
WARNING: Restricted methods will be blocked in a future release unless native access is enabled

28-Apr-2026 16:48:40.950 INFO [main] org.apache.catalina.core.AprLifecycleListener.lifecycleEvent The Apache Tomcat Native library which allows using OpenSSL was not found on the java.library.path: [/Users/erictran/Library/Java/Extensions:/Library/Java/Extensions:/Network/Library/Java/Extensions:/System/Library/Java/Extensions:/usr/lib/java:.]
28-Apr-2026 16:48:41.077 INFO [main] org.apache.coyote.AbstractProtocol.init Initializing ProtocolHandler ["http-nio-8080"]
28-Apr-2026 16:48:41.088 INFO [main] org.apache.catalina.startup.Catalina.load Server initialization in [217] milliseconds
28-Apr-2026 16:48:41.101 INFO [main] org.apache.catalina.core.StandardService.startInternal Starting service [Catalina]
28-Apr-2026 16:48:41.101 INFO [main] org.apache.catalina.core.StandardEngine.startInternal Starting Servlet engine: [Apache Tomcat/9.0.115]
28-Apr-2026 16:48:41.104 INFO [main] org.apache.catalina.startup.HostConfig.deployDirectory Deploying web application directory [/Users/erictran/Downloads/CS157A/CS157A-S1-14/apache-tomcat-9.0.115/webapps/docs]
28-Apr-2026 16:48:41.289 INFO [main] org.apache.jasper.servlet.TldScanner.scanJars At least one JAR was scanned for TLDs yet contained no TLDs. Enable debug logging for this logger for a complete list of JARs that were scanned but no TLDs were found in them. Skipping unneeded JARs during scanning can improve startup time and JSP compilation time.
28-Apr-2026 16:48:41.302 INFO [main] org.apache.catalina.startup.HostConfig.deployDirectory Deployment of web application directory [/Users/erictran/Downloads/CS157A/CS157A-S1-14/apache-tomcat-9.0.115/webapps/docs] has finished in [196] ms
28-Apr-2026 16:48:41.302 INFO [main] org.apache.catalina.startup.HostConfig.deployDirectory Deploying web application directory [/Users/erictran/Downloads/CS157A/CS157A-S1-14/apache-tomcat-9.0.115/webapps/TaskME]
28-Apr-2026 16:48:41.393 INFO [main] org.apache.jasper.servlet.TldScanner.scanJars At least one JAR was scanned for TLDs yet contained no TLDs. Enable debug logging for this logger for a complete list of JARs that were scanned but no TLDs were found in them. Skipping unneeded JARs during scanning can improve startup time and JSP compilation time.
28-Apr-2026 16:48:41.399 INFO [main] org.apache.catalina.startup.HostConfig.deployDirectory Deployment of web application directory [/Users/erictran/Downloads/CS157A/CS157A-S1-14/apache-tomcat-9.0.115/webapps/TaskME] has finished in [97] ms
28-Apr-2026 16:48:41.399 INFO [main] org.apache.catalina.startup.HostConfig.deployDirectory Deploying web application directory [/Users/erictran/Downloads/CS157A/CS157A-S1-14/apache-tomcat-9.0.115/webapps/manager]
28-Apr-2026 16:48:41.481 INFO [main] org.apache.jasper.servlet.TldScanner.scanJars At least one JAR was scanned for TLDs yet contained no TLDs. Enable debug logging for this logger for a complete list of JARs that were scanned but no TLDs were found in them. Skipping unneeded JARs during scanning can improve startup time and JSP compilation time.
28-Apr-2026 16:48:41.484 INFO [main] org.apache.catalina.startup.HostConfig.deployDirectory Deployment of web application directory [/Users/erictran/Downloads/CS157A/CS157A-S1-14/apache-tomcat-9.0.115/webapps/manager] has finished in [85] ms
28-Apr-2026 16:48:41.484 INFO [main] org.apache.catalina.startup.HostConfig.deployDirectory Deploying web application directory [/Users/erictran/Downloads/CS157A/CS157A-S1-14/apache-tomcat-9.0.115/webapps/examples]
28-Apr-2026 16:48:41.617 INFO [main] org.apache.jasper.servlet.TldScanner.scanJars At least one JAR was scanned for TLDs yet contained no TLDs. Enable debug logging for this logger for a complete list of JARs that were scanned but no TLDs were found in them. Skipping unneeded JARs during scanning can improve startup time and JSP compilation time.
28-Apr-2026 16:48:41.624 INFO [main] org.apache.catalina.startup.HostConfig.deployDirectory Deployment of web application directory [/Users/erictran/Downloads/CS157A/CS157A-S1-14/apache-tomcat-9.0.115/webapps/examples] has finished in [140] ms
28-Apr-2026 16:48:41.624 INFO [main] org.apache.catalina.startup.HostConfig.deployDirectory Deploying web application directory [/Users/erictran/Downloads/CS157A/CS157A-S1-14/apache-tomcat-9.0.115/webapps/ROOT]
28-Apr-2026 16:48:41.694 INFO [main] org.apache.jasper.servlet.TldScanner.scanJars At least one JAR was scanned for TLDs yet contained no TLDs. Enable debug logging for this logger for a complete list of JARs that were scanned but no TLDs were found in them. Skipping unneeded JARs during scanning can improve startup time and JSP compilation time.
28-Apr-2026 16:48:41.695 INFO [main] org.apache.catalina.startup.HostConfig.deployDirectory Deployment of web application directory [/Users/erictran/Downloads/CS157A/CS157A-S1-14/apache-tomcat-9.0.115/webapps/ROOT] has finished in [70] ms
28-Apr-2026 16:48:41.695 INFO [main] org.apache.catalina.startup.HostConfig.deployDirectory Deploying web application directory [/Users/erictran/Downloads/CS157A/CS157A-S1-14/apache-tomcat-9.0.115/webapps/host-manager]
28-Apr-2026 16:48:41.765 INFO [main] org.apache.jasper.servlet.TldScanner.scanJars At least one JAR was scanned for TLDs yet contained no TLDs. Enable debug logging for this logger for a complete list of JARs that were scanned but no TLDs were found in them. Skipping unneeded JARs during scanning can improve startup time and JSP compilation time.
28-Apr-2026 16:48:41.766 INFO [main] org.apache.catalina.startup.HostConfig.deployDirectory Deployment of web application directory [/Users/erictran/Downloads/CS157A/CS157A-S1-14/apache-tomcat-9.0.115/webapps/host-manager] has finished in [71] ms
28-Apr-2026 16:48:41.767 INFO [main] org.apache.coyote.AbstractProtocol.start Starting ProtocolHandler ["http-nio-8080"]
28-Apr-2026 16:48:41.771 INFO [main] org.apache.catalina.startup.Catalina.start Server startup in [682] milliseconds
28-Apr-2026 17:06:06.995 INFO [Thread-1] org.apache.coyote.AbstractProtocol.pause Pausing ProtocolHandler ["http-nio-8080"]
28-Apr-2026 17:06:06.999 INFO [Thread-1] org.apache.catalina.core.StandardService.stopInternal Stopping service [Catalina]
28-Apr-2026 17:06:07.060 INFO [Thread-1] org.apache.coyote.AbstractProtocol.stop Stopping ProtocolHandler ["http-nio-8080"]
28-Apr-2026 17:06:07.666 WARNING [Thread-1] org.apache.tomcat.util.net.Acceptor.stopMillis The acceptor thread [http-nio-8080-Acceptor] did not stop cleanly
28-Apr-2026 17:06:07.676 INFO [Thread-1] org.apache.coyote.AbstractProtocol.destroy Destroying ProtocolHandler ["http-nio-8080"]
NOTE: Picked up JDK_JAVA_OPTIONS:  --add-opens=java.base/java.lang=ALL-UNNAMED --add-opens=java.base/java.lang.invoke=ALL-UNNAMED --add-opens=java.base/java.lang.reflect=ALL-UNNAMED --add-opens=java.base/java.io=ALL-UNNAMED --add-opens=java.base/java.util=ALL-UNNAMED --add-opens=java.base/java.util.concurrent=ALL-UNNAMED --add-opens=java.rmi/sun.rmi.transport=ALL-UNNAMED
28-Apr-2026 18:01:11.416 INFO [main] org.apache.catalina.startup.VersionLoggerListener.log Server version name:   Apache Tomcat/9.0.115
28-Apr-2026 18:01:11.417 INFO [main] org.apache.catalina.startup.VersionLoggerListener.log Server built:          Jan 21 2026 08:17:26 UTC
28-Apr-2026 18:01:11.417 INFO [main] org.apache.catalina.startup.VersionLoggerListener.log Server version number: 9.0.115.0
28-Apr-2026 18:01:11.417 INFO [main] org.apache.catalina.startup.VersionLoggerListener.log OS Name:               Mac OS X
28-Apr-2026 18:01:11.417 INFO [main] org.apache.catalina.startup.VersionLoggerListener.log OS Version:            26.4.1
28-Apr-2026 18:01:11.417 INFO [main] org.apache.catalina.startup.VersionLoggerListener.log Architecture:          aarch64
28-Apr-2026 18:01:11.417 INFO [main] org.apache.catalina.startup.VersionLoggerListener.log Java Home:             /Library/Java/JavaVirtualMachines/jdk-25.jdk/Contents/Home
28-Apr-2026 18:01:11.417 INFO [main] org.apache.catalina.startup.VersionLoggerListener.log JVM Version:           25.0.2+10-LTS-69
28-Apr-2026 18:01:11.417 INFO [main] org.apache.catalina.startup.VersionLoggerListener.log JVM Vendor:            Oracle Corporation
28-Apr-2026 18:01:11.417 INFO [main] org.apache.catalina.startup.VersionLoggerListener.log CATALINA_BASE:         /Users/erictran/Downloads/CS157A/CS157A-S1-14/apache-tomcat-9.0.115
28-Apr-2026 18:01:11.417 INFO [main] org.apache.catalina.startup.VersionLoggerListener.log CATALINA_HOME:         /Users/erictran/Downloads/CS157A/CS157A-S1-14/apache-tomcat-9.0.115
28-Apr-2026 18:01:11.422 INFO [main] org.apache.catalina.startup.VersionLoggerListener.log Command line argument: --add-opens=java.base/java.lang=ALL-UNNAMED
28-Apr-2026 18:01:11.422 INFO [main] org.apache.catalina.startup.VersionLoggerListener.log Command line argument: --add-opens=java.base/java.lang.invoke=ALL-UNNAMED
28-Apr-2026 18:01:11.422 INFO [main] org.apache.catalina.startup.VersionLoggerListener.log Command line argument: --add-opens=java.base/java.lang.reflect=ALL-UNNAMED
28-Apr-2026 18:01:11.422 INFO [main] org.apache.catalina.startup.VersionLoggerListener.log Command line argument: --add-opens=java.base/java.io=ALL-UNNAMED
28-Apr-2026 18:01:11.423 INFO [main] org.apache.catalina.startup.VersionLoggerListener.log Command line argument: --add-opens=java.base/java.util=ALL-UNNAMED
28-Apr-2026 18:01:11.423 INFO [main] org.apache.catalina.startup.VersionLoggerListener.log Command line argument: --add-opens=java.base/java.util.concurrent=ALL-UNNAMED
28-Apr-2026 18:01:11.423 INFO [main] org.apache.catalina.startup.VersionLoggerListener.log Command line argument: --add-opens=java.rmi/sun.rmi.transport=ALL-UNNAMED
28-Apr-2026 18:01:11.423 INFO [main] org.apache.catalina.startup.VersionLoggerListener.log Command line argument: -Djava.util.logging.config.file=/Users/erictran/Downloads/CS157A/CS157A-S1-14/apache-tomcat-9.0.115/conf/logging.properties
28-Apr-2026 18:01:11.423 INFO [main] org.apache.catalina.startup.VersionLoggerListener.log Command line argument: -Djava.util.logging.manager=org.apache.juli.ClassLoaderLogManager
28-Apr-2026 18:01:11.423 INFO [main] org.apache.catalina.startup.VersionLoggerListener.log Command line argument: -Djdk.tls.ephemeralDHKeySize=2048
28-Apr-2026 18:01:11.423 INFO [main] org.apache.catalina.startup.VersionLoggerListener.log Command line argument: -Djava.protocol.handler.pkgs=org.apache.catalina.webresources
28-Apr-2026 18:01:11.423 INFO [main] org.apache.catalina.startup.VersionLoggerListener.log Command line argument: -Dsun.io.useCanonCaches=false
28-Apr-2026 18:01:11.423 INFO [main] org.apache.catalina.startup.VersionLoggerListener.log Command line argument: -Dorg.apache.catalina.security.SecurityListener.UMASK=0027
28-Apr-2026 18:01:11.423 INFO [main] org.apache.catalina.startup.VersionLoggerListener.log Command line argument: -Dignore.endorsed.dirs=
28-Apr-2026 18:01:11.423 INFO [main] org.apache.catalina.startup.VersionLoggerListener.log Command line argument: -Dcatalina.base=/Users/erictran/Downloads/CS157A/CS157A-S1-14/apache-tomcat-9.0.115
28-Apr-2026 18:01:11.423 INFO [main] org.apache.catalina.startup.VersionLoggerListener.log Command line argument: -Dcatalina.home=/Users/erictran/Downloads/CS157A/CS157A-S1-14/apache-tomcat-9.0.115
28-Apr-2026 18:01:11.423 INFO [main] org.apache.catalina.startup.VersionLoggerListener.log Command line argument: -Djava.io.tmpdir=/Users/erictran/Downloads/CS157A/CS157A-S1-14/apache-tomcat-9.0.115/temp
WARNING: A restricted method in java.lang.System has been called
WARNING: java.lang.System::load has been called by org.apache.tomcat.jni.Library in an unnamed module (file:/Users/erictran/Downloads/CS157A/CS157A-S1-14/apache-tomcat-9.0.115/lib/tomcat-jni.jar)
WARNING: Use --enable-native-access=ALL-UNNAMED to avoid a warning for callers in this module
WARNING: Restricted methods will be blocked in a future release unless native access is enabled

28-Apr-2026 18:01:11.429 INFO [main] org.apache.catalina.core.AprLifecycleListener.lifecycleEvent The Apache Tomcat Native library which allows using OpenSSL was not found on the java.library.path: [/Users/erictran/Library/Java/Extensions:/Library/Java/Extensions:/Network/Library/Java/Extensions:/System/Library/Java/Extensions:/usr/lib/java:.]
28-Apr-2026 18:01:11.564 INFO [main] org.apache.coyote.AbstractProtocol.init Initializing ProtocolHandler ["http-nio-8080"]
28-Apr-2026 18:01:11.577 INFO [main] org.apache.catalina.startup.Catalina.load Server initialization in [244] milliseconds
28-Apr-2026 18:01:11.594 INFO [main] org.apache.catalina.core.StandardService.startInternal Starting service [Catalina]
28-Apr-2026 18:01:11.594 INFO [main] org.apache.catalina.core.StandardEngine.startInternal Starting Servlet engine: [Apache Tomcat/9.0.115]
28-Apr-2026 18:01:11.597 INFO [main] org.apache.catalina.startup.HostConfig.deployDirectory Deploying web application directory [/Users/erictran/Downloads/CS157A/CS157A-S1-14/apache-tomcat-9.0.115/webapps/docs]
28-Apr-2026 18:01:11.808 INFO [main] org.apache.jasper.servlet.TldScanner.scanJars At least one JAR was scanned for TLDs yet contained no TLDs. Enable debug logging for this logger for a complete list of JARs that were scanned but no TLDs were found in them. Skipping unneeded JARs during scanning can improve startup time and JSP compilation time.
28-Apr-2026 18:01:11.824 INFO [main] org.apache.catalina.startup.HostConfig.deployDirectory Deployment of web application directory [/Users/erictran/Downloads/CS157A/CS157A-S1-14/apache-tomcat-9.0.115/webapps/docs] has finished in [226] ms
28-Apr-2026 18:01:11.825 INFO [main] org.apache.catalina.startup.HostConfig.deployDirectory Deploying web application directory [/Users/erictran/Downloads/CS157A/CS157A-S1-14/apache-tomcat-9.0.115/webapps/TaskME]
28-Apr-2026 18:01:11.916 INFO [main] org.apache.jasper.servlet.TldScanner.scanJars At least one JAR was scanned for TLDs yet contained no TLDs. Enable debug logging for this logger for a complete list of JARs that were scanned but no TLDs were found in them. Skipping unneeded JARs during scanning can improve startup time and JSP compilation time.
28-Apr-2026 18:01:11.924 INFO [main] org.apache.catalina.startup.HostConfig.deployDirectory Deployment of web application directory [/Users/erictran/Downloads/CS157A/CS157A-S1-14/apache-tomcat-9.0.115/webapps/TaskME] has finished in [100] ms
28-Apr-2026 18:01:11.924 INFO [main] org.apache.catalina.startup.HostConfig.deployDirectory Deploying web application directory [/Users/erictran/Downloads/CS157A/CS157A-S1-14/apache-tomcat-9.0.115/webapps/manager]
28-Apr-2026 18:01:12.002 INFO [main] org.apache.jasper.servlet.TldScanner.scanJars At least one JAR was scanned for TLDs yet contained no TLDs. Enable debug logging for this logger for a complete list of JARs that were scanned but no TLDs were found in them. Skipping unneeded JARs during scanning can improve startup time and JSP compilation time.
28-Apr-2026 18:01:12.005 INFO [main] org.apache.catalina.startup.HostConfig.deployDirectory Deployment of web application directory [/Users/erictran/Downloads/CS157A/CS157A-S1-14/apache-tomcat-9.0.115/webapps/manager] has finished in [81] ms
28-Apr-2026 18:01:12.005 INFO [main] org.apache.catalina.startup.HostConfig.deployDirectory Deploying web application directory [/Users/erictran/Downloads/CS157A/CS157A-S1-14/apache-tomcat-9.0.115/webapps/examples]
28-Apr-2026 18:01:12.139 INFO [main] org.apache.jasper.servlet.TldScanner.scanJars At least one JAR was scanned for TLDs yet contained no TLDs. Enable debug logging for this logger for a complete list of JARs that were scanned but no TLDs were found in them. Skipping unneeded JARs during scanning can improve startup time and JSP compilation time.
28-Apr-2026 18:01:12.150 INFO [main] org.apache.catalina.startup.HostConfig.deployDirectory Deployment of web application directory [/Users/erictran/Downloads/CS157A/CS157A-S1-14/apache-tomcat-9.0.115/webapps/examples] has finished in [145] ms
28-Apr-2026 18:01:12.150 INFO [main] org.apache.catalina.startup.HostConfig.deployDirectory Deploying web application directory [/Users/erictran/Downloads/CS157A/CS157A-S1-14/apache-tomcat-9.0.115/webapps/ROOT]
28-Apr-2026 18:01:12.220 INFO [main] org.apache.jasper.servlet.TldScanner.scanJars At least one JAR was scanned for TLDs yet contained no TLDs. Enable debug logging for this logger for a complete list of JARs that were scanned but no TLDs were found in them. Skipping unneeded JARs during scanning can improve startup time and JSP compilation time.
28-Apr-2026 18:01:12.221 INFO [main] org.apache.catalina.startup.HostConfig.deployDirectory Deployment of web application directory [/Users/erictran/Downloads/CS157A/CS157A-S1-14/apache-tomcat-9.0.115/webapps/ROOT] has finished in [71] ms
28-Apr-2026 18:01:12.221 INFO [main] org.apache.catalina.startup.HostConfig.deployDirectory Deploying web application directory [/Users/erictran/Downloads/CS157A/CS157A-S1-14/apache-tomcat-9.0.115/webapps/host-manager]
28-Apr-2026 18:01:12.294 INFO [main] org.apache.jasper.servlet.TldScanner.scanJars At least one JAR was scanned for TLDs yet contained no TLDs. Enable debug logging for this logger for a complete list of JARs that were scanned but no TLDs were found in them. Skipping unneeded JARs during scanning can improve startup time and JSP compilation time.
28-Apr-2026 18:01:12.295 INFO [main] org.apache.catalina.startup.HostConfig.deployDirectory Deployment of web application directory [/Users/erictran/Downloads/CS157A/CS157A-S1-14/apache-tomcat-9.0.115/webapps/host-manager] has finished in [74] ms
28-Apr-2026 18:01:12.297 INFO [main] org.apache.coyote.AbstractProtocol.start Starting ProtocolHandler ["http-nio-8080"]
28-Apr-2026 18:01:12.301 INFO [main] org.apache.catalina.startup.Catalina.start Server startup in [723] milliseconds
28-Apr-2026 18:27:42.957 INFO [main] org.apache.catalina.core.StandardServer.await A valid shutdown command was received via the shutdown port. Stopping the Server instance.
28-Apr-2026 18:27:42.957 INFO [main] org.apache.coyote.AbstractProtocol.pause Pausing ProtocolHandler ["http-nio-8080"]
28-Apr-2026 18:27:42.960 INFO [main] org.apache.catalina.core.StandardService.stopInternal Stopping service [Catalina]
28-Apr-2026 18:27:42.972 INFO [main] org.apache.coyote.AbstractProtocol.stop Stopping ProtocolHandler ["http-nio-8080"]
28-Apr-2026 18:27:42.985 INFO [main] org.apache.coyote.AbstractProtocol.destroy Destroying ProtocolHandler ["http-nio-8080"]
NOTE: Picked up JDK_JAVA_OPTIONS:  --add-opens=java.base/java.lang=ALL-UNNAMED --add-opens=java.base/java.lang.invoke=ALL-UNNAMED --add-opens=java.base/java.lang.reflect=ALL-UNNAMED --add-opens=java.base/java.io=ALL-UNNAMED --add-opens=java.base/java.util=ALL-UNNAMED --add-opens=java.base/java.util.concurrent=ALL-UNNAMED --add-opens=java.rmi/sun.rmi.transport=ALL-UNNAMED
28-Apr-2026 19:50:21.866 INFO [main] org.apache.catalina.startup.VersionLoggerListener.log Server version name:   Apache Tomcat/9.0.115
28-Apr-2026 19:50:21.867 INFO [main] org.apache.catalina.startup.VersionLoggerListener.log Server built:          Jan 21 2026 08:17:26 UTC
28-Apr-2026 19:50:21.868 INFO [main] org.apache.catalina.startup.VersionLoggerListener.log Server version number: 9.0.115.0
28-Apr-2026 19:50:21.868 INFO [main] org.apache.catalina.startup.VersionLoggerListener.log OS Name:               Mac OS X
28-Apr-2026 19:50:21.868 INFO [main] org.apache.catalina.startup.VersionLoggerListener.log OS Version:            26.4.1
28-Apr-2026 19:50:21.868 INFO [main] org.apache.catalina.startup.VersionLoggerListener.log Architecture:          aarch64
28-Apr-2026 19:50:21.868 INFO [main] org.apache.catalina.startup.VersionLoggerListener.log Java Home:             /Library/Java/JavaVirtualMachines/jdk-25.jdk/Contents/Home
28-Apr-2026 19:50:21.868 INFO [main] org.apache.catalina.startup.VersionLoggerListener.log JVM Version:           25.0.2+10-LTS-69
28-Apr-2026 19:50:21.868 INFO [main] org.apache.catalina.startup.VersionLoggerListener.log JVM Vendor:            Oracle Corporation
28-Apr-2026 19:50:21.868 INFO [main] org.apache.catalina.startup.VersionLoggerListener.log CATALINA_BASE:         /Users/erictran/Downloads/CS157A/CS157A-S1-14/apache-tomcat-9.0.115
28-Apr-2026 19:50:21.868 INFO [main] org.apache.catalina.startup.VersionLoggerListener.log CATALINA_HOME:         /Users/erictran/Downloads/CS157A/CS157A-S1-14/apache-tomcat-9.0.115
28-Apr-2026 19:50:21.875 INFO [main] org.apache.catalina.startup.VersionLoggerListener.log Command line argument: --add-opens=java.base/java.lang=ALL-UNNAMED
28-Apr-2026 19:50:21.875 INFO [main] org.apache.catalina.startup.VersionLoggerListener.log Command line argument: --add-opens=java.base/java.lang.invoke=ALL-UNNAMED
28-Apr-2026 19:50:21.875 INFO [main] org.apache.catalina.startup.VersionLoggerListener.log Command line argument: --add-opens=java.base/java.lang.reflect=ALL-UNNAMED
28-Apr-2026 19:50:21.875 INFO [main] org.apache.catalina.startup.VersionLoggerListener.log Command line argument: --add-opens=java.base/java.io=ALL-UNNAMED
28-Apr-2026 19:50:21.875 INFO [main] org.apache.catalina.startup.VersionLoggerListener.log Command line argument: --add-opens=java.base/java.util=ALL-UNNAMED
28-Apr-2026 19:50:21.875 INFO [main] org.apache.catalina.startup.VersionLoggerListener.log Command line argument: --add-opens=java.base/java.util.concurrent=ALL-UNNAMED
28-Apr-2026 19:50:21.875 INFO [main] org.apache.catalina.startup.VersionLoggerListener.log Command line argument: --add-opens=java.rmi/sun.rmi.transport=ALL-UNNAMED
28-Apr-2026 19:50:21.875 INFO [main] org.apache.catalina.startup.VersionLoggerListener.log Command line argument: -Djava.util.logging.config.file=/Users/erictran/Downloads/CS157A/CS157A-S1-14/apache-tomcat-9.0.115/conf/logging.properties
28-Apr-2026 19:50:21.875 INFO [main] org.apache.catalina.startup.VersionLoggerListener.log Command line argument: -Djava.util.logging.manager=org.apache.juli.ClassLoaderLogManager
28-Apr-2026 19:50:21.875 INFO [main] org.apache.catalina.startup.VersionLoggerListener.log Command line argument: -Djdk.tls.ephemeralDHKeySize=2048
28-Apr-2026 19:50:21.875 INFO [main] org.apache.catalina.startup.VersionLoggerListener.log Command line argument: -Djava.protocol.handler.pkgs=org.apache.catalina.webresources
28-Apr-2026 19:50:21.875 INFO [main] org.apache.catalina.startup.VersionLoggerListener.log Command line argument: -Dsun.io.useCanonCaches=false
28-Apr-2026 19:50:21.875 INFO [main] org.apache.catalina.startup.VersionLoggerListener.log Command line argument: -Dorg.apache.catalina.security.SecurityListener.UMASK=0027
28-Apr-2026 19:50:21.875 INFO [main] org.apache.catalina.startup.VersionLoggerListener.log Command line argument: -Dignore.endorsed.dirs=
28-Apr-2026 19:50:21.875 INFO [main] org.apache.catalina.startup.VersionLoggerListener.log Command line argument: -Dcatalina.base=/Users/erictran/Downloads/CS157A/CS157A-S1-14/apache-tomcat-9.0.115
28-Apr-2026 19:50:21.876 INFO [main] org.apache.catalina.startup.VersionLoggerListener.log Command line argument: -Dcatalina.home=/Users/erictran/Downloads/CS157A/CS157A-S1-14/apache-tomcat-9.0.115
28-Apr-2026 19:50:21.876 INFO [main] org.apache.catalina.startup.VersionLoggerListener.log Command line argument: -Djava.io.tmpdir=/Users/erictran/Downloads/CS157A/CS157A-S1-14/apache-tomcat-9.0.115/temp
WARNING: A restricted method in java.lang.System has been called
WARNING: java.lang.System::load has been called by org.apache.tomcat.jni.Library in an unnamed module (file:/Users/erictran/Downloads/CS157A/CS157A-S1-14/apache-tomcat-9.0.115/lib/tomcat-jni.jar)
WARNING: Use --enable-native-access=ALL-UNNAMED to avoid a warning for callers in this module
WARNING: Restricted methods will be blocked in a future release unless native access is enabled

28-Apr-2026 19:50:21.881 INFO [main] org.apache.catalina.core.AprLifecycleListener.lifecycleEvent The Apache Tomcat Native library which allows using OpenSSL was not found on the java.library.path: [/Users/erictran/Library/Java/Extensions:/Library/Java/Extensions:/Network/Library/Java/Extensions:/System/Library/Java/Extensions:/usr/lib/java:.]
28-Apr-2026 19:50:22.018 INFO [main] org.apache.coyote.AbstractProtocol.init Initializing ProtocolHandler ["http-nio-8080"]
28-Apr-2026 19:50:22.031 INFO [main] org.apache.catalina.startup.Catalina.load Server initialization in [250] milliseconds
28-Apr-2026 19:50:22.047 INFO [main] org.apache.catalina.core.StandardService.startInternal Starting service [Catalina]
28-Apr-2026 19:50:22.047 INFO [main] org.apache.catalina.core.StandardEngine.startInternal Starting Servlet engine: [Apache Tomcat/9.0.115]
28-Apr-2026 19:50:22.050 INFO [main] org.apache.catalina.startup.HostConfig.deployDirectory Deploying web application directory [/Users/erictran/Downloads/CS157A/CS157A-S1-14/apache-tomcat-9.0.115/webapps/docs]
28-Apr-2026 19:50:22.256 INFO [main] org.apache.jasper.servlet.TldScanner.scanJars At least one JAR was scanned for TLDs yet contained no TLDs. Enable debug logging for this logger for a complete list of JARs that were scanned but no TLDs were found in them. Skipping unneeded JARs during scanning can improve startup time and JSP compilation time.
28-Apr-2026 19:50:22.272 INFO [main] org.apache.catalina.startup.HostConfig.deployDirectory Deployment of web application directory [/Users/erictran/Downloads/CS157A/CS157A-S1-14/apache-tomcat-9.0.115/webapps/docs] has finished in [220] ms
28-Apr-2026 19:50:22.272 INFO [main] org.apache.catalina.startup.HostConfig.deployDirectory Deploying web application directory [/Users/erictran/Downloads/CS157A/CS157A-S1-14/apache-tomcat-9.0.115/webapps/TaskME]
28-Apr-2026 19:50:22.365 INFO [main] org.apache.jasper.servlet.TldScanner.scanJars At least one JAR was scanned for TLDs yet contained no TLDs. Enable debug logging for this logger for a complete list of JARs that were scanned but no TLDs were found in them. Skipping unneeded JARs during scanning can improve startup time and JSP compilation time.
28-Apr-2026 19:50:22.368 INFO [main] org.apache.catalina.startup.HostConfig.deployDirectory Deployment of web application directory [/Users/erictran/Downloads/CS157A/CS157A-S1-14/apache-tomcat-9.0.115/webapps/TaskME] has finished in [96] ms
28-Apr-2026 19:50:22.368 INFO [main] org.apache.catalina.startup.HostConfig.deployDirectory Deploying web application directory [/Users/erictran/Downloads/CS157A/CS157A-S1-14/apache-tomcat-9.0.115/webapps/manager]
28-Apr-2026 19:50:22.446 INFO [main] org.apache.jasper.servlet.TldScanner.scanJars At least one JAR was scanned for TLDs yet contained no TLDs. Enable debug logging for this logger for a complete list of JARs that were scanned but no TLDs were found in them. Skipping unneeded JARs during scanning can improve startup time and JSP compilation time.
28-Apr-2026 19:50:22.449 INFO [main] org.apache.catalina.startup.HostConfig.deployDirectory Deployment of web application directory [/Users/erictran/Downloads/CS157A/CS157A-S1-14/apache-tomcat-9.0.115/webapps/manager] has finished in [81] ms
28-Apr-2026 19:50:22.450 INFO [main] org.apache.catalina.startup.HostConfig.deployDirectory Deploying web application directory [/Users/erictran/Downloads/CS157A/CS157A-S1-14/apache-tomcat-9.0.115/webapps/examples]
28-Apr-2026 19:50:22.579 INFO [main] org.apache.jasper.servlet.TldScanner.scanJars At least one JAR was scanned for TLDs yet contained no TLDs. Enable debug logging for this logger for a complete list of JARs that were scanned but no TLDs were found in them. Skipping unneeded JARs during scanning can improve startup time and JSP compilation time.
28-Apr-2026 19:50:22.585 INFO [main] org.apache.catalina.startup.HostConfig.deployDirectory Deployment of web application directory [/Users/erictran/Downloads/CS157A/CS157A-S1-14/apache-tomcat-9.0.115/webapps/examples] has finished in [135] ms
28-Apr-2026 19:50:22.586 INFO [main] org.apache.catalina.startup.HostConfig.deployDirectory Deploying web application directory [/Users/erictran/Downloads/CS157A/CS157A-S1-14/apache-tomcat-9.0.115/webapps/ROOT]
28-Apr-2026 19:50:22.651 INFO [main] org.apache.jasper.servlet.TldScanner.scanJars At least one JAR was scanned for TLDs yet contained no TLDs. Enable debug logging for this logger for a complete list of JARs that were scanned but no TLDs were found in them. Skipping unneeded JARs during scanning can improve startup time and JSP compilation time.
28-Apr-2026 19:50:22.652 INFO [main] org.apache.catalina.startup.HostConfig.deployDirectory Deployment of web application directory [/Users/erictran/Downloads/CS157A/CS157A-S1-14/apache-tomcat-9.0.115/webapps/ROOT] has finished in [66] ms
28-Apr-2026 19:50:22.652 INFO [main] org.apache.catalina.startup.HostConfig.deployDirectory Deploying web application directory [/Users/erictran/Downloads/CS157A/CS157A-S1-14/apache-tomcat-9.0.115/webapps/host-manager]
28-Apr-2026 19:50:22.722 INFO [main] org.apache.jasper.servlet.TldScanner.scanJars At least one JAR was scanned for TLDs yet contained no TLDs. Enable debug logging for this logger for a complete list of JARs that were scanned but no TLDs were found in them. Skipping unneeded JARs during scanning can improve startup time and JSP compilation time.
28-Apr-2026 19:50:22.723 INFO [main] org.apache.catalina.startup.HostConfig.deployDirectory Deployment of web application directory [/Users/erictran/Downloads/CS157A/CS157A-S1-14/apache-tomcat-9.0.115/webapps/host-manager] has finished in [71] ms
28-Apr-2026 19:50:22.724 INFO [main] org.apache.coyote.AbstractProtocol.start Starting ProtocolHandler ["http-nio-8080"]
28-Apr-2026 19:50:22.729 INFO [main] org.apache.catalina.startup.Catalina.start Server startup in [697] milliseconds
28-Apr-2026 19:57:44.638 INFO [main] org.apache.catalina.core.StandardServer.await A valid shutdown command was received via the shutdown port. Stopping the Server instance.
28-Apr-2026 19:57:44.638 INFO [main] org.apache.coyote.AbstractProtocol.pause Pausing ProtocolHandler ["http-nio-8080"]
28-Apr-2026 19:57:44.642 INFO [main] org.apache.catalina.core.StandardService.stopInternal Stopping service [Catalina]
28-Apr-2026 19:57:44.657 INFO [main] org.apache.coyote.AbstractProtocol.stop Stopping ProtocolHandler ["http-nio-8080"]
28-Apr-2026 19:57:44.665 INFO [main] org.apache.coyote.AbstractProtocol.destroy Destroying ProtocolHandler ["http-nio-8080"]
NOTE: Picked up JDK_JAVA_OPTIONS:  --add-opens=java.base/java.lang=ALL-UNNAMED --add-opens=java.base/java.lang.invoke=ALL-UNNAMED --add-opens=java.base/java.lang.reflect=ALL-UNNAMED --add-opens=java.base/java.io=ALL-UNNAMED --add-opens=java.base/java.util=ALL-UNNAMED --add-opens=java.base/java.util.concurrent=ALL-UNNAMED --add-opens=java.rmi/sun.rmi.transport=ALL-UNNAMED
10-May-2026 16:49:59.334 INFO [main] org.apache.catalina.startup.VersionLoggerListener.log Server version name:   Apache Tomcat/9.0.115
10-May-2026 16:49:59.336 INFO [main] org.apache.catalina.startup.VersionLoggerListener.log Server built:          Jan 21 2026 08:17:26 UTC
10-May-2026 16:49:59.336 INFO [main] org.apache.catalina.startup.VersionLoggerListener.log Server version number: 9.0.115.0
10-May-2026 16:49:59.336 INFO [main] org.apache.catalina.startup.VersionLoggerListener.log OS Name:               Mac OS X
10-May-2026 16:49:59.336 INFO [main] org.apache.catalina.startup.VersionLoggerListener.log OS Version:            26.4.1
10-May-2026 16:49:59.336 INFO [main] org.apache.catalina.startup.VersionLoggerListener.log Architecture:          aarch64
10-May-2026 16:49:59.336 INFO [main] org.apache.catalina.startup.VersionLoggerListener.log Java Home:             /Library/Java/JavaVirtualMachines/jdk-25.jdk/Contents/Home
10-May-2026 16:49:59.336 INFO [main] org.apache.catalina.startup.VersionLoggerListener.log JVM Version:           25.0.2+10-LTS-69
10-May-2026 16:49:59.336 INFO [main] org.apache.catalina.startup.VersionLoggerListener.log JVM Vendor:            Oracle Corporation
10-May-2026 16:49:59.336 INFO [main] org.apache.catalina.startup.VersionLoggerListener.log CATALINA_BASE:         /Users/erictran/Downloads/CS157A/CS157A-S1-14/apache-tomcat-9.0.115
10-May-2026 16:49:59.336 INFO [main] org.apache.catalina.startup.VersionLoggerListener.log CATALINA_HOME:         /Users/erictran/Downloads/CS157A/CS157A-S1-14/apache-tomcat-9.0.115
10-May-2026 16:49:59.383 INFO [main] org.apache.catalina.startup.VersionLoggerListener.log Command line argument: --add-opens=java.base/java.lang=ALL-UNNAMED
10-May-2026 16:49:59.383 INFO [main] org.apache.catalina.startup.VersionLoggerListener.log Command line argument: --add-opens=java.base/java.lang.invoke=ALL-UNNAMED
10-May-2026 16:49:59.383 INFO [main] org.apache.catalina.startup.VersionLoggerListener.log Command line argument: --add-opens=java.base/java.lang.reflect=ALL-UNNAMED
10-May-2026 16:49:59.383 INFO [main] org.apache.catalina.startup.VersionLoggerListener.log Command line argument: --add-opens=java.base/java.io=ALL-UNNAMED
10-May-2026 16:49:59.383 INFO [main] org.apache.catalina.startup.VersionLoggerListener.log Command line argument: --add-opens=java.base/java.util=ALL-UNNAMED
10-May-2026 16:49:59.383 INFO [main] org.apache.catalina.startup.VersionLoggerListener.log Command line argument: --add-opens=java.base/java.util.concurrent=ALL-UNNAMED
10-May-2026 16:49:59.383 INFO [main] org.apache.catalina.startup.VersionLoggerListener.log Command line argument: --add-opens=java.rmi/sun.rmi.transport=ALL-UNNAMED
10-May-2026 16:49:59.383 INFO [main] org.apache.catalina.startup.VersionLoggerListener.log Command line argument: -Djava.util.logging.config.file=/Users/erictran/Downloads/CS157A/CS157A-S1-14/apache-tomcat-9.0.115/conf/logging.properties
10-May-2026 16:49:59.383 INFO [main] org.apache.catalina.startup.VersionLoggerListener.log Command line argument: -Djava.util.logging.manager=org.apache.juli.ClassLoaderLogManager
10-May-2026 16:49:59.383 INFO [main] org.apache.catalina.startup.VersionLoggerListener.log Command line argument: -Djdk.tls.ephemeralDHKeySize=2048
10-May-2026 16:49:59.383 INFO [main] org.apache.catalina.startup.VersionLoggerListener.log Command line argument: -Djava.protocol.handler.pkgs=org.apache.catalina.webresources
10-May-2026 16:49:59.384 INFO [main] org.apache.catalina.startup.VersionLoggerListener.log Command line argument: -Dsun.io.useCanonCaches=false
10-May-2026 16:49:59.384 INFO [main] org.apache.catalina.startup.VersionLoggerListener.log Command line argument: -Dorg.apache.catalina.security.SecurityListener.UMASK=0027
10-May-2026 16:49:59.384 INFO [main] org.apache.catalina.startup.VersionLoggerListener.log Command line argument: -Dignore.endorsed.dirs=
10-May-2026 16:49:59.384 INFO [main] org.apache.catalina.startup.VersionLoggerListener.log Command line argument: -Dcatalina.base=/Users/erictran/Downloads/CS157A/CS157A-S1-14/apache-tomcat-9.0.115
10-May-2026 16:49:59.384 INFO [main] org.apache.catalina.startup.VersionLoggerListener.log Command line argument: -Dcatalina.home=/Users/erictran/Downloads/CS157A/CS157A-S1-14/apache-tomcat-9.0.115
10-May-2026 16:49:59.384 INFO [main] org.apache.catalina.startup.VersionLoggerListener.log Command line argument: -Djava.io.tmpdir=/Users/erictran/Downloads/CS157A/CS157A-S1-14/apache-tomcat-9.0.115/temp
WARNING: A restricted method in java.lang.System has been called
WARNING: java.lang.System::load has been called by org.apache.tomcat.jni.Library in an unnamed module (file:/Users/erictran/Downloads/CS157A/CS157A-S1-14/apache-tomcat-9.0.115/lib/tomcat-jni.jar)
WARNING: Use --enable-native-access=ALL-UNNAMED to avoid a warning for callers in this module
WARNING: Restricted methods will be blocked in a future release unless native access is enabled

10-May-2026 16:49:59.390 INFO [main] org.apache.catalina.core.AprLifecycleListener.lifecycleEvent The Apache Tomcat Native library which allows using OpenSSL was not found on the java.library.path: [/Users/erictran/Library/Java/Extensions:/Library/Java/Extensions:/Network/Library/Java/Extensions:/System/Library/Java/Extensions:/usr/lib/java:.]
10-May-2026 16:49:59.529 INFO [main] org.apache.coyote.AbstractProtocol.init Initializing ProtocolHandler ["http-nio-8080"]
10-May-2026 16:49:59.564 INFO [main] org.apache.catalina.startup.Catalina.load Server initialization in [317] milliseconds
10-May-2026 16:49:59.581 INFO [main] org.apache.catalina.core.StandardService.startInternal Starting service [Catalina]
10-May-2026 16:49:59.581 INFO [main] org.apache.catalina.core.StandardEngine.startInternal Starting Servlet engine: [Apache Tomcat/9.0.115]
10-May-2026 16:49:59.584 INFO [main] org.apache.catalina.startup.HostConfig.deployDirectory Deploying web application directory [/Users/erictran/Downloads/CS157A/CS157A-S1-14/apache-tomcat-9.0.115/webapps/docs]
10-May-2026 16:49:59.787 INFO [main] org.apache.jasper.servlet.TldScanner.scanJars At least one JAR was scanned for TLDs yet contained no TLDs. Enable debug logging for this logger for a complete list of JARs that were scanned but no TLDs were found in them. Skipping unneeded JARs during scanning can improve startup time and JSP compilation time.
10-May-2026 16:49:59.802 INFO [main] org.apache.catalina.startup.HostConfig.deployDirectory Deployment of web application directory [/Users/erictran/Downloads/CS157A/CS157A-S1-14/apache-tomcat-9.0.115/webapps/docs] has finished in [217] ms
10-May-2026 16:49:59.803 INFO [main] org.apache.catalina.startup.HostConfig.deployDirectory Deploying web application directory [/Users/erictran/Downloads/CS157A/CS157A-S1-14/apache-tomcat-9.0.115/webapps/TaskME]
10-May-2026 16:49:59.895 INFO [main] org.apache.jasper.servlet.TldScanner.scanJars At least one JAR was scanned for TLDs yet contained no TLDs. Enable debug logging for this logger for a complete list of JARs that were scanned but no TLDs were found in them. Skipping unneeded JARs during scanning can improve startup time and JSP compilation time.
10-May-2026 16:49:59.903 INFO [main] org.apache.catalina.startup.HostConfig.deployDirectory Deployment of web application directory [/Users/erictran/Downloads/CS157A/CS157A-S1-14/apache-tomcat-9.0.115/webapps/TaskME] has finished in [99] ms
10-May-2026 16:49:59.903 INFO [main] org.apache.catalina.startup.HostConfig.deployDirectory Deploying web application directory [/Users/erictran/Downloads/CS157A/CS157A-S1-14/apache-tomcat-9.0.115/webapps/manager]
10-May-2026 16:49:59.992 INFO [main] org.apache.jasper.servlet.TldScanner.scanJars At least one JAR was scanned for TLDs yet contained no TLDs. Enable debug logging for this logger for a complete list of JARs that were scanned but no TLDs were found in them. Skipping unneeded JARs during scanning can improve startup time and JSP compilation time.
10-May-2026 16:49:59.995 INFO [main] org.apache.catalina.startup.HostConfig.deployDirectory Deployment of web application directory [/Users/erictran/Downloads/CS157A/CS157A-S1-14/apache-tomcat-9.0.115/webapps/manager] has finished in [92] ms
10-May-2026 16:49:59.995 INFO [main] org.apache.catalina.startup.HostConfig.deployDirectory Deploying web application directory [/Users/erictran/Downloads/CS157A/CS157A-S1-14/apache-tomcat-9.0.115/webapps/examples]
10-May-2026 16:50:00.134 INFO [main] org.apache.jasper.servlet.TldScanner.scanJars At least one JAR was scanned for TLDs yet contained no TLDs. Enable debug logging for this logger for a complete list of JARs that were scanned but no TLDs were found in them. Skipping unneeded JARs during scanning can improve startup time and JSP compilation time.
10-May-2026 16:50:00.141 INFO [main] org.apache.catalina.startup.HostConfig.deployDirectory Deployment of web application directory [/Users/erictran/Downloads/CS157A/CS157A-S1-14/apache-tomcat-9.0.115/webapps/examples] has finished in [146] ms
10-May-2026 16:50:00.141 INFO [main] org.apache.catalina.startup.HostConfig.deployDirectory Deploying web application directory [/Users/erictran/Downloads/CS157A/CS157A-S1-14/apache-tomcat-9.0.115/webapps/ROOT]
10-May-2026 16:50:00.214 INFO [main] org.apache.jasper.servlet.TldScanner.scanJars At least one JAR was scanned for TLDs yet contained no TLDs. Enable debug logging for this logger for a complete list of JARs that were scanned but no TLDs were found in them. Skipping unneeded JARs during scanning can improve startup time and JSP compilation time.
10-May-2026 16:50:00.214 INFO [main] org.apache.catalina.startup.HostConfig.deployDirectory Deployment of web application directory [/Users/erictran/Downloads/CS157A/CS157A-S1-14/apache-tomcat-9.0.115/webapps/ROOT] has finished in [73] ms
10-May-2026 16:50:00.214 INFO [main] org.apache.catalina.startup.HostConfig.deployDirectory Deploying web application directory [/Users/erictran/Downloads/CS157A/CS157A-S1-14/apache-tomcat-9.0.115/webapps/host-manager]
10-May-2026 16:50:00.289 INFO [main] org.apache.jasper.servlet.TldScanner.scanJars At least one JAR was scanned for TLDs yet contained no TLDs. Enable debug logging for this logger for a complete list of JARs that were scanned but no TLDs were found in them. Skipping unneeded JARs during scanning can improve startup time and JSP compilation time.
10-May-2026 16:50:00.290 INFO [main] org.apache.catalina.startup.HostConfig.deployDirectory Deployment of web application directory [/Users/erictran/Downloads/CS157A/CS157A-S1-14/apache-tomcat-9.0.115/webapps/host-manager] has finished in [76] ms
10-May-2026 16:50:00.292 INFO [main] org.apache.coyote.AbstractProtocol.start Starting ProtocolHandler ["http-nio-8080"]
10-May-2026 16:50:00.296 INFO [main] org.apache.catalina.startup.Catalina.start Server startup in [731] milliseconds
java.sql.SQLSyntaxErrorException: Table 'team14.task_labels' doesn't exist
	at com.mysql.cj.jdbc.exceptions.SQLError.createSQLException(SQLError.java:112)
	at com.mysql.cj.jdbc.exceptions.SQLExceptionsMapping.translateException(SQLExceptionsMapping.java:114)
	at com.mysql.cj.jdbc.ClientPreparedStatement.executeInternal(ClientPreparedStatement.java:988)
	at com.mysql.cj.jdbc.ClientPreparedStatement.executeUpdateInternal(ClientPreparedStatement.java:1166)
	at com.mysql.cj.jdbc.ClientPreparedStatement.executeUpdateInternal(ClientPreparedStatement.java:1101)
	at com.mysql.cj.jdbc.ClientPreparedStatement.executeLargeUpdate(ClientPreparedStatement.java:1448)
	at com.mysql.cj.jdbc.ClientPreparedStatement.executeUpdate(ClientPreparedStatement.java:1084)
	at EditTaskServlet.doPost(EditTaskServlet.java:244)
	at javax.servlet.http.HttpServlet.service(HttpServlet.java:555)
	at javax.servlet.http.HttpServlet.service(HttpServlet.java:623)
	at org.apache.catalina.core.ApplicationFilterChain.internalDoFilter(ApplicationFilterChain.java:197)
	at org.apache.catalina.core.ApplicationFilterChain.doFilter(ApplicationFilterChain.java:142)
	at org.apache.tomcat.websocket.server.WsFilter.doFilter(WsFilter.java:51)
	at org.apache.catalina.core.ApplicationFilterChain.internalDoFilter(ApplicationFilterChain.java:166)
	at org.apache.catalina.core.ApplicationFilterChain.doFilter(ApplicationFilterChain.java:142)
	at org.apache.catalina.core.StandardWrapperValve.invoke(StandardWrapperValve.java:166)
	at org.apache.catalina.core.StandardContextValve.invoke(StandardContextValve.java:88)
	at org.apache.catalina.authenticator.AuthenticatorBase.invoke(AuthenticatorBase.java:491)
	at org.apache.catalina.core.StandardHostValve.invoke(StandardHostValve.java:127)
	at org.apache.catalina.valves.ErrorReportValve.invoke(ErrorReportValve.java:83)
	at org.apache.catalina.valves.AbstractAccessLogValve.invoke(AbstractAccessLogValve.java:643)
	at org.apache.catalina.core.StandardEngineValve.invoke(StandardEngineValve.java:72)
	at org.apache.catalina.connector.CoyoteAdapter.service(CoyoteAdapter.java:344)
	at org.apache.coyote.http11.Http11Processor.service(Http11Processor.java:398)
	at org.apache.coyote.AbstractProcessorLight.process(AbstractProcessorLight.java:63)
	at org.apache.coyote.AbstractProtocol$ConnectionHandler.process(AbstractProtocol.java:939)
	at org.apache.tomcat.util.net.NioEndpoint$SocketProcessor.doRun(NioEndpoint.java:1832)
	at org.apache.tomcat.util.net.SocketProcessorBase.run(SocketProcessorBase.java:52)
	at org.apache.tomcat.util.threads.ThreadPoolExecutor.runWorker(ThreadPoolExecutor.java:973)
	at org.apache.tomcat.util.threads.ThreadPoolExecutor$Worker.run(ThreadPoolExecutor.java:491)
	at org.apache.tomcat.util.threads.TaskThread$WrappingRunnable.run(TaskThread.java:63)
	at java.base/java.lang.Thread.run(Thread.java:1474)
10-May-2026 17:56:34.181 INFO [main] org.apache.catalina.core.StandardServer.await A valid shutdown command was received via the shutdown port. Stopping the Server instance.
10-May-2026 17:56:34.182 INFO [main] org.apache.coyote.AbstractProtocol.pause Pausing ProtocolHandler ["http-nio-8080"]
10-May-2026 17:56:35.184 INFO [main] org.apache.catalina.core.StandardService.stopInternal Stopping service [Catalina]
10-May-2026 17:56:35.214 INFO [main] org.apache.coyote.AbstractProtocol.stop Stopping ProtocolHandler ["http-nio-8080"]
10-May-2026 17:56:35.816 WARNING [main] org.apache.tomcat.util.net.Acceptor.stopMillis The acceptor thread [http-nio-8080-Acceptor] did not stop cleanly
10-May-2026 17:56:35.824 INFO [main] org.apache.coyote.AbstractProtocol.destroy Destroying ProtocolHandler ["http-nio-8080"]
NOTE: Picked up JDK_JAVA_OPTIONS:  --add-opens=java.base/java.lang=ALL-UNNAMED --add-opens=java.base/java.lang.invoke=ALL-UNNAMED --add-opens=java.base/java.lang.reflect=ALL-UNNAMED --add-opens=java.base/java.io=ALL-UNNAMED --add-opens=java.base/java.util=ALL-UNNAMED --add-opens=java.base/java.util.concurrent=ALL-UNNAMED --add-opens=java.rmi/sun.rmi.transport=ALL-UNNAMED
10-May-2026 17:56:37.327 INFO [main] org.apache.catalina.startup.VersionLoggerListener.log Server version name:   Apache Tomcat/9.0.115
10-May-2026 17:56:37.328 INFO [main] org.apache.catalina.startup.VersionLoggerListener.log Server built:          Jan 21 2026 08:17:26 UTC
10-May-2026 17:56:37.328 INFO [main] org.apache.catalina.startup.VersionLoggerListener.log Server version number: 9.0.115.0
10-May-2026 17:56:37.328 INFO [main] org.apache.catalina.startup.VersionLoggerListener.log OS Name:               Mac OS X
10-May-2026 17:56:37.328 INFO [main] org.apache.catalina.startup.VersionLoggerListener.log OS Version:            26.4.1
10-May-2026 17:56:37.328 INFO [main] org.apache.catalina.startup.VersionLoggerListener.log Architecture:          aarch64
10-May-2026 17:56:37.328 INFO [main] org.apache.catalina.startup.VersionLoggerListener.log Java Home:             /Library/Java/JavaVirtualMachines/jdk-25.jdk/Contents/Home
10-May-2026 17:56:37.328 INFO [main] org.apache.catalina.startup.VersionLoggerListener.log JVM Version:           25.0.2+10-LTS-69
10-May-2026 17:56:37.328 INFO [main] org.apache.catalina.startup.VersionLoggerListener.log JVM Vendor:            Oracle Corporation
10-May-2026 17:56:37.328 INFO [main] org.apache.catalina.startup.VersionLoggerListener.log CATALINA_BASE:         /Users/erictran/Downloads/CS157A/CS157A-S1-14/apache-tomcat-9.0.115
10-May-2026 17:56:37.328 INFO [main] org.apache.catalina.startup.VersionLoggerListener.log CATALINA_HOME:         /Users/erictran/Downloads/CS157A/CS157A-S1-14/apache-tomcat-9.0.115
10-May-2026 17:56:37.337 INFO [main] org.apache.catalina.startup.VersionLoggerListener.log Command line argument: --add-opens=java.base/java.lang=ALL-UNNAMED
10-May-2026 17:56:37.337 INFO [main] org.apache.catalina.startup.VersionLoggerListener.log Command line argument: --add-opens=java.base/java.lang.invoke=ALL-UNNAMED
10-May-2026 17:56:37.337 INFO [main] org.apache.catalina.startup.VersionLoggerListener.log Command line argument: --add-opens=java.base/java.lang.reflect=ALL-UNNAMED
10-May-2026 17:56:37.337 INFO [main] org.apache.catalina.startup.VersionLoggerListener.log Command line argument: --add-opens=java.base/java.io=ALL-UNNAMED
10-May-2026 17:56:37.337 INFO [main] org.apache.catalina.startup.VersionLoggerListener.log Command line argument: --add-opens=java.base/java.util=ALL-UNNAMED
10-May-2026 17:56:37.337 INFO [main] org.apache.catalina.startup.VersionLoggerListener.log Command line argument: --add-opens=java.base/java.util.concurrent=ALL-UNNAMED
10-May-2026 17:56:37.337 INFO [main] org.apache.catalina.startup.VersionLoggerListener.log Command line argument: --add-opens=java.rmi/sun.rmi.transport=ALL-UNNAMED
10-May-2026 17:56:37.337 INFO [main] org.apache.catalina.startup.VersionLoggerListener.log Command line argument: -Djava.util.logging.config.file=/Users/erictran/Downloads/CS157A/CS157A-S1-14/apache-tomcat-9.0.115/conf/logging.properties
10-May-2026 17:56:37.337 INFO [main] org.apache.catalina.startup.VersionLoggerListener.log Command line argument: -Djava.util.logging.manager=org.apache.juli.ClassLoaderLogManager
10-May-2026 17:56:37.337 INFO [main] org.apache.catalina.startup.VersionLoggerListener.log Command line argument: -Djdk.tls.ephemeralDHKeySize=2048
10-May-2026 17:56:37.337 INFO [main] org.apache.catalina.startup.VersionLoggerListener.log Command line argument: -Djava.protocol.handler.pkgs=org.apache.catalina.webresources
10-May-2026 17:56:37.338 INFO [main] org.apache.catalina.startup.VersionLoggerListener.log Command line argument: -Dsun.io.useCanonCaches=false
10-May-2026 17:56:37.338 INFO [main] org.apache.catalina.startup.VersionLoggerListener.log Command line argument: -Dorg.apache.catalina.security.SecurityListener.UMASK=0027
10-May-2026 17:56:37.338 INFO [main] org.apache.catalina.startup.VersionLoggerListener.log Command line argument: -Dignore.endorsed.dirs=
10-May-2026 17:56:37.338 INFO [main] org.apache.catalina.startup.VersionLoggerListener.log Command line argument: -Dcatalina.base=/Users/erictran/Downloads/CS157A/CS157A-S1-14/apache-tomcat-9.0.115
10-May-2026 17:56:37.338 INFO [main] org.apache.catalina.startup.VersionLoggerListener.log Command line argument: -Dcatalina.home=/Users/erictran/Downloads/CS157A/CS157A-S1-14/apache-tomcat-9.0.115
10-May-2026 17:56:37.338 INFO [main] org.apache.catalina.startup.VersionLoggerListener.log Command line argument: -Djava.io.tmpdir=/Users/erictran/Downloads/CS157A/CS157A-S1-14/apache-tomcat-9.0.115/temp
WARNING: A restricted method in java.lang.System has been called
WARNING: java.lang.System::load has been called by org.apache.tomcat.jni.Library in an unnamed module (file:/Users/erictran/Downloads/CS157A/CS157A-S1-14/apache-tomcat-9.0.115/lib/tomcat-jni.jar)
WARNING: Use --enable-native-access=ALL-UNNAMED to avoid a warning for callers in this module
WARNING: Restricted methods will be blocked in a future release unless native access is enabled

10-May-2026 17:56:37.343 INFO [main] org.apache.catalina.core.AprLifecycleListener.lifecycleEvent The Apache Tomcat Native library which allows using OpenSSL was not found on the java.library.path: [/Users/erictran/Library/Java/Extensions:/Library/Java/Extensions:/Network/Library/Java/Extensions:/System/Library/Java/Extensions:/usr/lib/java:.]
10-May-2026 17:56:37.485 INFO [main] org.apache.coyote.AbstractProtocol.init Initializing ProtocolHandler ["http-nio-8080"]
10-May-2026 17:56:37.497 INFO [main] org.apache.catalina.startup.Catalina.load Server initialization in [250] milliseconds
10-May-2026 17:56:37.514 INFO [main] org.apache.catalina.core.StandardService.startInternal Starting service [Catalina]
10-May-2026 17:56:37.514 INFO [main] org.apache.catalina.core.StandardEngine.startInternal Starting Servlet engine: [Apache Tomcat/9.0.115]
10-May-2026 17:56:37.517 INFO [main] org.apache.catalina.startup.HostConfig.deployDirectory Deploying web application directory [/Users/erictran/Downloads/CS157A/CS157A-S1-14/apache-tomcat-9.0.115/webapps/docs]
10-May-2026 17:56:37.715 INFO [main] org.apache.jasper.servlet.TldScanner.scanJars At least one JAR was scanned for TLDs yet contained no TLDs. Enable debug logging for this logger for a complete list of JARs that were scanned but no TLDs were found in them. Skipping unneeded JARs during scanning can improve startup time and JSP compilation time.
10-May-2026 17:56:37.729 INFO [main] org.apache.catalina.startup.HostConfig.deployDirectory Deployment of web application directory [/Users/erictran/Downloads/CS157A/CS157A-S1-14/apache-tomcat-9.0.115/webapps/docs] has finished in [211] ms
10-May-2026 17:56:37.729 INFO [main] org.apache.catalina.startup.HostConfig.deployDirectory Deploying web application directory [/Users/erictran/Downloads/CS157A/CS157A-S1-14/apache-tomcat-9.0.115/webapps/TaskME]
10-May-2026 17:56:37.822 INFO [main] org.apache.jasper.servlet.TldScanner.scanJars At least one JAR was scanned for TLDs yet contained no TLDs. Enable debug logging for this logger for a complete list of JARs that were scanned but no TLDs were found in them. Skipping unneeded JARs during scanning can improve startup time and JSP compilation time.
10-May-2026 17:56:37.829 INFO [main] org.apache.catalina.startup.HostConfig.deployDirectory Deployment of web application directory [/Users/erictran/Downloads/CS157A/CS157A-S1-14/apache-tomcat-9.0.115/webapps/TaskME] has finished in [100] ms
10-May-2026 17:56:37.829 INFO [main] org.apache.catalina.startup.HostConfig.deployDirectory Deploying web application directory [/Users/erictran/Downloads/CS157A/CS157A-S1-14/apache-tomcat-9.0.115/webapps/manager]
10-May-2026 17:56:37.906 INFO [main] org.apache.jasper.servlet.TldScanner.scanJars At least one JAR was scanned for TLDs yet contained no TLDs. Enable debug logging for this logger for a complete list of JARs that were scanned but no TLDs were found in them. Skipping unneeded JARs during scanning can improve startup time and JSP compilation time.
10-May-2026 17:56:37.909 INFO [main] org.apache.catalina.startup.HostConfig.deployDirectory Deployment of web application directory [/Users/erictran/Downloads/CS157A/CS157A-S1-14/apache-tomcat-9.0.115/webapps/manager] has finished in [80] ms
10-May-2026 17:56:37.909 INFO [main] org.apache.catalina.startup.HostConfig.deployDirectory Deploying web application directory [/Users/erictran/Downloads/CS157A/CS157A-S1-14/apache-tomcat-9.0.115/webapps/examples]
10-May-2026 17:56:38.038 INFO [main] org.apache.jasper.servlet.TldScanner.scanJars At least one JAR was scanned for TLDs yet contained no TLDs. Enable debug logging for this logger for a complete list of JARs that were scanned but no TLDs were found in them. Skipping unneeded JARs during scanning can improve startup time and JSP compilation time.
10-May-2026 17:56:38.044 INFO [main] org.apache.catalina.startup.HostConfig.deployDirectory Deployment of web application directory [/Users/erictran/Downloads/CS157A/CS157A-S1-14/apache-tomcat-9.0.115/webapps/examples] has finished in [135] ms
10-May-2026 17:56:38.044 INFO [main] org.apache.catalina.startup.HostConfig.deployDirectory Deploying web application directory [/Users/erictran/Downloads/CS157A/CS157A-S1-14/apache-tomcat-9.0.115/webapps/ROOT]
10-May-2026 17:56:38.111 INFO [main] org.apache.jasper.servlet.TldScanner.scanJars At least one JAR was scanned for TLDs yet contained no TLDs. Enable debug logging for this logger for a complete list of JARs that were scanned but no TLDs were found in them. Skipping unneeded JARs during scanning can improve startup time and JSP compilation time.
10-May-2026 17:56:38.112 INFO [main] org.apache.catalina.startup.HostConfig.deployDirectory Deployment of web application directory [/Users/erictran/Downloads/CS157A/CS157A-S1-14/apache-tomcat-9.0.115/webapps/ROOT] has finished in [68] ms
10-May-2026 17:56:38.112 INFO [main] org.apache.catalina.startup.HostConfig.deployDirectory Deploying web application directory [/Users/erictran/Downloads/CS157A/CS157A-S1-14/apache-tomcat-9.0.115/webapps/host-manager]
10-May-2026 17:56:38.181 INFO [main] org.apache.jasper.servlet.TldScanner.scanJars At least one JAR was scanned for TLDs yet contained no TLDs. Enable debug logging for this logger for a complete list of JARs that were scanned but no TLDs were found in them. Skipping unneeded JARs during scanning can improve startup time and JSP compilation time.
10-May-2026 17:56:38.182 INFO [main] org.apache.catalina.startup.HostConfig.deployDirectory Deployment of web application directory [/Users/erictran/Downloads/CS157A/CS157A-S1-14/apache-tomcat-9.0.115/webapps/host-manager] has finished in [70] ms
10-May-2026 17:56:38.183 INFO [main] org.apache.coyote.AbstractProtocol.start Starting ProtocolHandler ["http-nio-8080"]
10-May-2026 17:56:38.188 INFO [main] org.apache.catalina.startup.Catalina.start Server startup in [691] milliseconds
10-May-2026 21:54:18.789 INFO [Thread-1] org.apache.coyote.AbstractProtocol.pause Pausing ProtocolHandler ["http-nio-8080"]
10-May-2026 21:54:18.801 INFO [Thread-1] org.apache.catalina.core.StandardService.stopInternal Stopping service [Catalina]
10-May-2026 21:54:18.878 INFO [Thread-1] org.apache.coyote.AbstractProtocol.stop Stopping ProtocolHandler ["http-nio-8080"]
10-May-2026 21:54:19.484 WARNING [Thread-1] org.apache.tomcat.util.net.Acceptor.stopMillis The acceptor thread [http-nio-8080-Acceptor] did not stop cleanly
10-May-2026 21:54:19.494 INFO [Thread-1] org.apache.coyote.AbstractProtocol.destroy Destroying ProtocolHandler ["http-nio-8080"]
NOTE: Picked up JDK_JAVA_OPTIONS:  --add-opens=java.base/java.lang=ALL-UNNAMED --add-opens=java.base/java.lang.invoke=ALL-UNNAMED --add-opens=java.base/java.lang.reflect=ALL-UNNAMED --add-opens=java.base/java.io=ALL-UNNAMED --add-opens=java.base/java.util=ALL-UNNAMED --add-opens=java.base/java.util.concurrent=ALL-UNNAMED --add-opens=java.rmi/sun.rmi.transport=ALL-UNNAMED
12-May-2026 14:51:29.119 INFO [main] org.apache.catalina.startup.VersionLoggerListener.log Server version name:   Apache Tomcat/9.0.115
12-May-2026 14:51:29.120 INFO [main] org.apache.catalina.startup.VersionLoggerListener.log Server built:          Jan 21 2026 08:17:26 UTC
12-May-2026 14:51:29.120 INFO [main] org.apache.catalina.startup.VersionLoggerListener.log Server version number: 9.0.115.0
12-May-2026 14:51:29.120 INFO [main] org.apache.catalina.startup.VersionLoggerListener.log OS Name:               Mac OS X
12-May-2026 14:51:29.120 INFO [main] org.apache.catalina.startup.VersionLoggerListener.log OS Version:            26.5
12-May-2026 14:51:29.120 INFO [main] org.apache.catalina.startup.VersionLoggerListener.log Architecture:          aarch64
12-May-2026 14:51:29.121 INFO [main] org.apache.catalina.startup.VersionLoggerListener.log Java Home:             /Library/Java/JavaVirtualMachines/jdk-25.jdk/Contents/Home
12-May-2026 14:51:29.121 INFO [main] org.apache.catalina.startup.VersionLoggerListener.log JVM Version:           25.0.2+10-LTS-69
12-May-2026 14:51:29.121 INFO [main] org.apache.catalina.startup.VersionLoggerListener.log JVM Vendor:            Oracle Corporation
12-May-2026 14:51:29.121 INFO [main] org.apache.catalina.startup.VersionLoggerListener.log CATALINA_BASE:         /Users/erictran/Downloads/CS157A/CS157A-S1-14/apache-tomcat-9.0.115
12-May-2026 14:51:29.121 INFO [main] org.apache.catalina.startup.VersionLoggerListener.log CATALINA_HOME:         /Users/erictran/Downloads/CS157A/CS157A-S1-14/apache-tomcat-9.0.115
12-May-2026 14:51:29.158 INFO [main] org.apache.catalina.startup.VersionLoggerListener.log Command line argument: --add-opens=java.base/java.lang=ALL-UNNAMED
12-May-2026 14:51:29.158 INFO [main] org.apache.catalina.startup.VersionLoggerListener.log Command line argument: --add-opens=java.base/java.lang.invoke=ALL-UNNAMED
12-May-2026 14:51:29.158 INFO [main] org.apache.catalina.startup.VersionLoggerListener.log Command line argument: --add-opens=java.base/java.lang.reflect=ALL-UNNAMED
12-May-2026 14:51:29.158 INFO [main] org.apache.catalina.startup.VersionLoggerListener.log Command line argument: --add-opens=java.base/java.io=ALL-UNNAMED
12-May-2026 14:51:29.158 INFO [main] org.apache.catalina.startup.VersionLoggerListener.log Command line argument: --add-opens=java.base/java.util=ALL-UNNAMED
12-May-2026 14:51:29.158 INFO [main] org.apache.catalina.startup.VersionLoggerListener.log Command line argument: --add-opens=java.base/java.util.concurrent=ALL-UNNAMED
12-May-2026 14:51:29.158 INFO [main] org.apache.catalina.startup.VersionLoggerListener.log Command line argument: --add-opens=java.rmi/sun.rmi.transport=ALL-UNNAMED
12-May-2026 14:51:29.158 INFO [main] org.apache.catalina.startup.VersionLoggerListener.log Command line argument: -Djava.util.logging.config.file=/Users/erictran/Downloads/CS157A/CS157A-S1-14/apache-tomcat-9.0.115/conf/logging.properties
12-May-2026 14:51:29.158 INFO [main] org.apache.catalina.startup.VersionLoggerListener.log Command line argument: -Djava.util.logging.manager=org.apache.juli.ClassLoaderLogManager
12-May-2026 14:51:29.158 INFO [main] org.apache.catalina.startup.VersionLoggerListener.log Command line argument: -Djdk.tls.ephemeralDHKeySize=2048
12-May-2026 14:51:29.158 INFO [main] org.apache.catalina.startup.VersionLoggerListener.log Command line argument: -Djava.protocol.handler.pkgs=org.apache.catalina.webresources
12-May-2026 14:51:29.158 INFO [main] org.apache.catalina.startup.VersionLoggerListener.log Command line argument: -Dsun.io.useCanonCaches=false
12-May-2026 14:51:29.158 INFO [main] org.apache.catalina.startup.VersionLoggerListener.log Command line argument: -Dorg.apache.catalina.security.SecurityListener.UMASK=0027
12-May-2026 14:51:29.159 INFO [main] org.apache.catalina.startup.VersionLoggerListener.log Command line argument: -Dignore.endorsed.dirs=
12-May-2026 14:51:29.159 INFO [main] org.apache.catalina.startup.VersionLoggerListener.log Command line argument: -Dcatalina.base=/Users/erictran/Downloads/CS157A/CS157A-S1-14/apache-tomcat-9.0.115
12-May-2026 14:51:29.159 INFO [main] org.apache.catalina.startup.VersionLoggerListener.log Command line argument: -Dcatalina.home=/Users/erictran/Downloads/CS157A/CS157A-S1-14/apache-tomcat-9.0.115
12-May-2026 14:51:29.159 INFO [main] org.apache.catalina.startup.VersionLoggerListener.log Command line argument: -Djava.io.tmpdir=/Users/erictran/Downloads/CS157A/CS157A-S1-14/apache-tomcat-9.0.115/temp
WARNING: A restricted method in java.lang.System has been called
WARNING: java.lang.System::load has been called by org.apache.tomcat.jni.Library in an unnamed module (file:/Users/erictran/Downloads/CS157A/CS157A-S1-14/apache-tomcat-9.0.115/lib/tomcat-jni.jar)
WARNING: Use --enable-native-access=ALL-UNNAMED to avoid a warning for callers in this module
WARNING: Restricted methods will be blocked in a future release unless native access is enabled

12-May-2026 14:51:29.164 INFO [main] org.apache.catalina.core.AprLifecycleListener.lifecycleEvent The Apache Tomcat Native library which allows using OpenSSL was not found on the java.library.path: [/Users/erictran/Library/Java/Extensions:/Library/Java/Extensions:/Network/Library/Java/Extensions:/System/Library/Java/Extensions:/usr/lib/java:.]
12-May-2026 14:51:29.304 INFO [main] org.apache.coyote.AbstractProtocol.init Initializing ProtocolHandler ["http-nio-8080"]
12-May-2026 14:51:29.332 INFO [main] org.apache.catalina.startup.Catalina.load Server initialization in [300] milliseconds
12-May-2026 14:51:29.348 INFO [main] org.apache.catalina.core.StandardService.startInternal Starting service [Catalina]
12-May-2026 14:51:29.348 INFO [main] org.apache.catalina.core.StandardEngine.startInternal Starting Servlet engine: [Apache Tomcat/9.0.115]
12-May-2026 14:51:29.351 INFO [main] org.apache.catalina.startup.HostConfig.deployDirectory Deploying web application directory [/Users/erictran/Downloads/CS157A/CS157A-S1-14/apache-tomcat-9.0.115/webapps/docs]
12-May-2026 14:51:29.560 INFO [main] org.apache.jasper.servlet.TldScanner.scanJars At least one JAR was scanned for TLDs yet contained no TLDs. Enable debug logging for this logger for a complete list of JARs that were scanned but no TLDs were found in them. Skipping unneeded JARs during scanning can improve startup time and JSP compilation time.
12-May-2026 14:51:29.575 INFO [main] org.apache.catalina.startup.HostConfig.deployDirectory Deployment of web application directory [/Users/erictran/Downloads/CS157A/CS157A-S1-14/apache-tomcat-9.0.115/webapps/docs] has finished in [223] ms
12-May-2026 14:51:29.576 INFO [main] org.apache.catalina.startup.HostConfig.deployDirectory Deploying web application directory [/Users/erictran/Downloads/CS157A/CS157A-S1-14/apache-tomcat-9.0.115/webapps/TaskME]
12-May-2026 14:51:29.672 INFO [main] org.apache.jasper.servlet.TldScanner.scanJars At least one JAR was scanned for TLDs yet contained no TLDs. Enable debug logging for this logger for a complete list of JARs that were scanned but no TLDs were found in them. Skipping unneeded JARs during scanning can improve startup time and JSP compilation time.
12-May-2026 14:51:29.676 INFO [main] org.apache.catalina.startup.HostConfig.deployDirectory Deployment of web application directory [/Users/erictran/Downloads/CS157A/CS157A-S1-14/apache-tomcat-9.0.115/webapps/TaskME] has finished in [100] ms
12-May-2026 14:51:29.676 INFO [main] org.apache.catalina.startup.HostConfig.deployDirectory Deploying web application directory [/Users/erictran/Downloads/CS157A/CS157A-S1-14/apache-tomcat-9.0.115/webapps/manager]
12-May-2026 14:51:29.756 INFO [main] org.apache.jasper.servlet.TldScanner.scanJars At least one JAR was scanned for TLDs yet contained no TLDs. Enable debug logging for this logger for a complete list of JARs that were scanned but no TLDs were found in them. Skipping unneeded JARs during scanning can improve startup time and JSP compilation time.
12-May-2026 14:51:29.759 INFO [main] org.apache.catalina.startup.HostConfig.deployDirectory Deployment of web application directory [/Users/erictran/Downloads/CS157A/CS157A-S1-14/apache-tomcat-9.0.115/webapps/manager] has finished in [83] ms
12-May-2026 14:51:29.759 INFO [main] org.apache.catalina.startup.HostConfig.deployDirectory Deploying web application directory [/Users/erictran/Downloads/CS157A/CS157A-S1-14/apache-tomcat-9.0.115/webapps/examples]
12-May-2026 14:51:29.898 INFO [main] org.apache.jasper.servlet.TldScanner.scanJars At least one JAR was scanned for TLDs yet contained no TLDs. Enable debug logging for this logger for a complete list of JARs that were scanned but no TLDs were found in them. Skipping unneeded JARs during scanning can improve startup time and JSP compilation time.
12-May-2026 14:51:29.904 INFO [main] org.apache.catalina.startup.HostConfig.deployDirectory Deployment of web application directory [/Users/erictran/Downloads/CS157A/CS157A-S1-14/apache-tomcat-9.0.115/webapps/examples] has finished in [145] ms
12-May-2026 14:51:29.905 INFO [main] org.apache.catalina.startup.HostConfig.deployDirectory Deploying web application directory [/Users/erictran/Downloads/CS157A/CS157A-S1-14/apache-tomcat-9.0.115/webapps/ROOT]
12-May-2026 14:51:29.973 INFO [main] org.apache.jasper.servlet.TldScanner.scanJars At least one JAR was scanned for TLDs yet contained no TLDs. Enable debug logging for this logger for a complete list of JARs that were scanned but no TLDs were found in them. Skipping unneeded JARs during scanning can improve startup time and JSP compilation time.
12-May-2026 14:51:29.974 INFO [main] org.apache.catalina.startup.HostConfig.deployDirectory Deployment of web application directory [/Users/erictran/Downloads/CS157A/CS157A-S1-14/apache-tomcat-9.0.115/webapps/ROOT] has finished in [70] ms
12-May-2026 14:51:29.974 INFO [main] org.apache.catalina.startup.HostConfig.deployDirectory Deploying web application directory [/Users/erictran/Downloads/CS157A/CS157A-S1-14/apache-tomcat-9.0.115/webapps/host-manager]
12-May-2026 14:51:30.044 INFO [main] org.apache.jasper.servlet.TldScanner.scanJars At least one JAR was scanned for TLDs yet contained no TLDs. Enable debug logging for this logger for a complete list of JARs that were scanned but no TLDs were found in them. Skipping unneeded JARs during scanning can improve startup time and JSP compilation time.
12-May-2026 14:51:30.045 INFO [main] org.apache.catalina.startup.HostConfig.deployDirectory Deployment of web application directory [/Users/erictran/Downloads/CS157A/CS157A-S1-14/apache-tomcat-9.0.115/webapps/host-manager] has finished in [71] ms
12-May-2026 14:51:30.046 INFO [main] org.apache.coyote.AbstractProtocol.start Starting ProtocolHandler ["http-nio-8080"]
12-May-2026 14:51:30.051 INFO [main] org.apache.catalina.startup.Catalina.start Server startup in [718] milliseconds
12-May-2026 19:10:11.081 INFO [main] org.apache.catalina.core.StandardServer.await A valid shutdown command was received via the shutdown port. Stopping the Server instance.
12-May-2026 19:10:11.083 INFO [main] org.apache.coyote.AbstractProtocol.pause Pausing ProtocolHandler ["http-nio-8080"]
12-May-2026 19:10:12.086 INFO [main] org.apache.catalina.core.StandardService.stopInternal Stopping service [Catalina]
12-May-2026 19:10:12.111 INFO [main] org.apache.coyote.AbstractProtocol.stop Stopping ProtocolHandler ["http-nio-8080"]
12-May-2026 19:10:12.713 WARNING [main] org.apache.tomcat.util.net.Acceptor.stopMillis The acceptor thread [http-nio-8080-Acceptor] did not stop cleanly
12-May-2026 19:10:12.725 INFO [main] org.apache.coyote.AbstractProtocol.destroy Destroying ProtocolHandler ["http-nio-8080"]
NOTE: Picked up JDK_JAVA_OPTIONS:  --add-opens=java.base/java.lang=ALL-UNNAMED --add-opens=java.base/java.lang.invoke=ALL-UNNAMED --add-opens=java.base/java.lang.reflect=ALL-UNNAMED --add-opens=java.base/java.io=ALL-UNNAMED --add-opens=java.base/java.util=ALL-UNNAMED --add-opens=java.base/java.util.concurrent=ALL-UNNAMED --add-opens=java.rmi/sun.rmi.transport=ALL-UNNAMED
15-May-2026 15:15:00.727 INFO [main] org.apache.catalina.startup.VersionLoggerListener.log Server version name:   Apache Tomcat/9.0.115
15-May-2026 15:15:00.728 INFO [main] org.apache.catalina.startup.VersionLoggerListener.log Server built:          Jan 21 2026 08:17:26 UTC
15-May-2026 15:15:00.728 INFO [main] org.apache.catalina.startup.VersionLoggerListener.log Server version number: 9.0.115.0
15-May-2026 15:15:00.728 INFO [main] org.apache.catalina.startup.VersionLoggerListener.log OS Name:               Mac OS X
15-May-2026 15:15:00.728 INFO [main] org.apache.catalina.startup.VersionLoggerListener.log OS Version:            26.5
15-May-2026 15:15:00.728 INFO [main] org.apache.catalina.startup.VersionLoggerListener.log Architecture:          aarch64
15-May-2026 15:15:00.728 INFO [main] org.apache.catalina.startup.VersionLoggerListener.log Java Home:             /Library/Java/JavaVirtualMachines/jdk-25.jdk/Contents/Home
15-May-2026 15:15:00.728 INFO [main] org.apache.catalina.startup.VersionLoggerListener.log JVM Version:           25.0.2+10-LTS-69
15-May-2026 15:15:00.728 INFO [main] org.apache.catalina.startup.VersionLoggerListener.log JVM Vendor:            Oracle Corporation
15-May-2026 15:15:00.728 INFO [main] org.apache.catalina.startup.VersionLoggerListener.log CATALINA_BASE:         /Users/erictran/Downloads/CS157A/CS157A-S1-14/apache-tomcat-9.0.115
15-May-2026 15:15:00.728 INFO [main] org.apache.catalina.startup.VersionLoggerListener.log CATALINA_HOME:         /Users/erictran/Downloads/CS157A/CS157A-S1-14/apache-tomcat-9.0.115
15-May-2026 15:15:00.733 INFO [main] org.apache.catalina.startup.VersionLoggerListener.log Command line argument: --add-opens=java.base/java.lang=ALL-UNNAMED
15-May-2026 15:15:00.733 INFO [main] org.apache.catalina.startup.VersionLoggerListener.log Command line argument: --add-opens=java.base/java.lang.invoke=ALL-UNNAMED
15-May-2026 15:15:00.733 INFO [main] org.apache.catalina.startup.VersionLoggerListener.log Command line argument: --add-opens=java.base/java.lang.reflect=ALL-UNNAMED
15-May-2026 15:15:00.733 INFO [main] org.apache.catalina.startup.VersionLoggerListener.log Command line argument: --add-opens=java.base/java.io=ALL-UNNAMED
15-May-2026 15:15:00.733 INFO [main] org.apache.catalina.startup.VersionLoggerListener.log Command line argument: --add-opens=java.base/java.util=ALL-UNNAMED
15-May-2026 15:15:00.733 INFO [main] org.apache.catalina.startup.VersionLoggerListener.log Command line argument: --add-opens=java.base/java.util.concurrent=ALL-UNNAMED
15-May-2026 15:15:00.733 INFO [main] org.apache.catalina.startup.VersionLoggerListener.log Command line argument: --add-opens=java.rmi/sun.rmi.transport=ALL-UNNAMED
15-May-2026 15:15:00.733 INFO [main] org.apache.catalina.startup.VersionLoggerListener.log Command line argument: -Djava.util.logging.config.file=/Users/erictran/Downloads/CS157A/CS157A-S1-14/apache-tomcat-9.0.115/conf/logging.properties
15-May-2026 15:15:00.734 INFO [main] org.apache.catalina.startup.VersionLoggerListener.log Command line argument: -Djava.util.logging.manager=org.apache.juli.ClassLoaderLogManager
15-May-2026 15:15:00.734 INFO [main] org.apache.catalina.startup.VersionLoggerListener.log Command line argument: -Djdk.tls.ephemeralDHKeySize=2048
15-May-2026 15:15:00.734 INFO [main] org.apache.catalina.startup.VersionLoggerListener.log Command line argument: -Djava.protocol.handler.pkgs=org.apache.catalina.webresources
15-May-2026 15:15:00.734 INFO [main] org.apache.catalina.startup.VersionLoggerListener.log Command line argument: -Dsun.io.useCanonCaches=false
15-May-2026 15:15:00.734 INFO [main] org.apache.catalina.startup.VersionLoggerListener.log Command line argument: -Dorg.apache.catalina.security.SecurityListener.UMASK=0027
15-May-2026 15:15:00.734 INFO [main] org.apache.catalina.startup.VersionLoggerListener.log Command line argument: -Dignore.endorsed.dirs=
15-May-2026 15:15:00.734 INFO [main] org.apache.catalina.startup.VersionLoggerListener.log Command line argument: -Dcatalina.base=/Users/erictran/Downloads/CS157A/CS157A-S1-14/apache-tomcat-9.0.115
15-May-2026 15:15:00.734 INFO [main] org.apache.catalina.startup.VersionLoggerListener.log Command line argument: -Dcatalina.home=/Users/erictran/Downloads/CS157A/CS157A-S1-14/apache-tomcat-9.0.115
15-May-2026 15:15:00.734 INFO [main] org.apache.catalina.startup.VersionLoggerListener.log Command line argument: -Djava.io.tmpdir=/Users/erictran/Downloads/CS157A/CS157A-S1-14/apache-tomcat-9.0.115/temp
WARNING: A restricted method in java.lang.System has been called
WARNING: java.lang.System::load has been called by org.apache.tomcat.jni.Library in an unnamed module (file:/Users/erictran/Downloads/CS157A/CS157A-S1-14/apache-tomcat-9.0.115/lib/tomcat-jni.jar)
WARNING: Use --enable-native-access=ALL-UNNAMED to avoid a warning for callers in this module
WARNING: Restricted methods will be blocked in a future release unless native access is enabled

15-May-2026 15:15:00.739 INFO [main] org.apache.catalina.core.AprLifecycleListener.lifecycleEvent The Apache Tomcat Native library which allows using OpenSSL was not found on the java.library.path: [/Users/erictran/Library/Java/Extensions:/Library/Java/Extensions:/Network/Library/Java/Extensions:/System/Library/Java/Extensions:/usr/lib/java:.]
15-May-2026 15:15:00.864 INFO [main] org.apache.coyote.AbstractProtocol.init Initializing ProtocolHandler ["http-nio-8080"]
15-May-2026 15:15:00.876 INFO [main] org.apache.catalina.startup.Catalina.load Server initialization in [223] milliseconds
15-May-2026 15:15:00.889 INFO [main] org.apache.catalina.core.StandardService.startInternal Starting service [Catalina]
15-May-2026 15:15:00.890 INFO [main] org.apache.catalina.core.StandardEngine.startInternal Starting Servlet engine: [Apache Tomcat/9.0.115]
15-May-2026 15:15:00.892 INFO [main] org.apache.catalina.startup.HostConfig.deployDirectory Deploying web application directory [/Users/erictran/Downloads/CS157A/CS157A-S1-14/apache-tomcat-9.0.115/webapps/docs]
15-May-2026 15:15:01.092 INFO [main] org.apache.jasper.servlet.TldScanner.scanJars At least one JAR was scanned for TLDs yet contained no TLDs. Enable debug logging for this logger for a complete list of JARs that were scanned but no TLDs were found in them. Skipping unneeded JARs during scanning can improve startup time and JSP compilation time.
15-May-2026 15:15:01.105 INFO [main] org.apache.catalina.startup.HostConfig.deployDirectory Deployment of web application directory [/Users/erictran/Downloads/CS157A/CS157A-S1-14/apache-tomcat-9.0.115/webapps/docs] has finished in [212] ms
15-May-2026 15:15:01.105 INFO [main] org.apache.catalina.startup.HostConfig.deployDirectory Deploying web application directory [/Users/erictran/Downloads/CS157A/CS157A-S1-14/apache-tomcat-9.0.115/webapps/TaskME]
15-May-2026 15:15:01.199 INFO [main] org.apache.jasper.servlet.TldScanner.scanJars At least one JAR was scanned for TLDs yet contained no TLDs. Enable debug logging for this logger for a complete list of JARs that were scanned but no TLDs were found in them. Skipping unneeded JARs during scanning can improve startup time and JSP compilation time.
15-May-2026 15:15:01.202 INFO [main] org.apache.catalina.startup.HostConfig.deployDirectory Deployment of web application directory [/Users/erictran/Downloads/CS157A/CS157A-S1-14/apache-tomcat-9.0.115/webapps/TaskME] has finished in [97] ms
15-May-2026 15:15:01.202 INFO [main] org.apache.catalina.startup.HostConfig.deployDirectory Deploying web application directory [/Users/erictran/Downloads/CS157A/CS157A-S1-14/apache-tomcat-9.0.115/webapps/manager]
15-May-2026 15:15:01.279 INFO [main] org.apache.jasper.servlet.TldScanner.scanJars At least one JAR was scanned for TLDs yet contained no TLDs. Enable debug logging for this logger for a complete list of JARs that were scanned but no TLDs were found in them. Skipping unneeded JARs during scanning can improve startup time and JSP compilation time.
15-May-2026 15:15:01.282 INFO [main] org.apache.catalina.startup.HostConfig.deployDirectory Deployment of web application directory [/Users/erictran/Downloads/CS157A/CS157A-S1-14/apache-tomcat-9.0.115/webapps/manager] has finished in [79] ms
15-May-2026 15:15:01.282 INFO [main] org.apache.catalina.startup.HostConfig.deployDirectory Deploying web application directory [/Users/erictran/Downloads/CS157A/CS157A-S1-14/apache-tomcat-9.0.115/webapps/examples]
15-May-2026 15:15:01.411 INFO [main] org.apache.jasper.servlet.TldScanner.scanJars At least one JAR was scanned for TLDs yet contained no TLDs. Enable debug logging for this logger for a complete list of JARs that were scanned but no TLDs were found in them. Skipping unneeded JARs during scanning can improve startup time and JSP compilation time.
15-May-2026 15:15:01.417 INFO [main] org.apache.catalina.startup.HostConfig.deployDirectory Deployment of web application directory [/Users/erictran/Downloads/CS157A/CS157A-S1-14/apache-tomcat-9.0.115/webapps/examples] has finished in [135] ms
15-May-2026 15:15:01.417 INFO [main] org.apache.catalina.startup.HostConfig.deployDirectory Deploying web application directory [/Users/erictran/Downloads/CS157A/CS157A-S1-14/apache-tomcat-9.0.115/webapps/ROOT]
15-May-2026 15:15:01.484 INFO [main] org.apache.jasper.servlet.TldScanner.scanJars At least one JAR was scanned for TLDs yet contained no TLDs. Enable debug logging for this logger for a complete list of JARs that were scanned but no TLDs were found in them. Skipping unneeded JARs during scanning can improve startup time and JSP compilation time.
15-May-2026 15:15:01.485 INFO [main] org.apache.catalina.startup.HostConfig.deployDirectory Deployment of web application directory [/Users/erictran/Downloads/CS157A/CS157A-S1-14/apache-tomcat-9.0.115/webapps/ROOT] has finished in [68] ms
15-May-2026 15:15:01.485 INFO [main] org.apache.catalina.startup.HostConfig.deployDirectory Deploying web application directory [/Users/erictran/Downloads/CS157A/CS157A-S1-14/apache-tomcat-9.0.115/webapps/host-manager]
15-May-2026 15:15:01.554 INFO [main] org.apache.jasper.servlet.TldScanner.scanJars At least one JAR was scanned for TLDs yet contained no TLDs. Enable debug logging for this logger for a complete list of JARs that were scanned but no TLDs were found in them. Skipping unneeded JARs during scanning can improve startup time and JSP compilation time.
15-May-2026 15:15:01.555 INFO [main] org.apache.catalina.startup.HostConfig.deployDirectory Deployment of web application directory [/Users/erictran/Downloads/CS157A/CS157A-S1-14/apache-tomcat-9.0.115/webapps/host-manager] has finished in [70] ms
15-May-2026 15:15:01.556 INFO [main] org.apache.coyote.AbstractProtocol.start Starting ProtocolHandler ["http-nio-8080"]
15-May-2026 15:15:01.560 INFO [main] org.apache.catalina.startup.Catalina.start Server startup in [682] milliseconds
15-May-2026 16:58:02.795 INFO [main] org.apache.catalina.core.StandardServer.await A valid shutdown command was received via the shutdown port. Stopping the Server instance.
15-May-2026 16:58:02.797 INFO [main] org.apache.coyote.AbstractProtocol.pause Pausing ProtocolHandler ["http-nio-8080"]
15-May-2026 16:58:03.800 INFO [main] org.apache.catalina.core.StandardService.stopInternal Stopping service [Catalina]
15-May-2026 16:58:03.842 INFO [main] org.apache.coyote.AbstractProtocol.stop Stopping ProtocolHandler ["http-nio-8080"]
15-May-2026 16:58:04.448 WARNING [main] org.apache.tomcat.util.net.Acceptor.stopMillis The acceptor thread [http-nio-8080-Acceptor] did not stop cleanly
15-May-2026 16:58:04.453 INFO [main] org.apache.coyote.AbstractProtocol.destroy Destroying ProtocolHandler ["http-nio-8080"]
NOTE: Picked up JDK_JAVA_OPTIONS:  --add-opens=java.base/java.lang=ALL-UNNAMED --add-opens=java.base/java.lang.invoke=ALL-UNNAMED --add-opens=java.base/java.lang.reflect=ALL-UNNAMED --add-opens=java.base/java.io=ALL-UNNAMED --add-opens=java.base/java.util=ALL-UNNAMED --add-opens=java.base/java.util.concurrent=ALL-UNNAMED --add-opens=java.rmi/sun.rmi.transport=ALL-UNNAMED
15-May-2026 16:58:06.853 INFO [main] org.apache.catalina.startup.VersionLoggerListener.log Server version name:   Apache Tomcat/9.0.115
15-May-2026 16:58:06.856 INFO [main] org.apache.catalina.startup.VersionLoggerListener.log Server built:          Jan 21 2026 08:17:26 UTC
15-May-2026 16:58:06.856 INFO [main] org.apache.catalina.startup.VersionLoggerListener.log Server version number: 9.0.115.0
15-May-2026 16:58:06.856 INFO [main] org.apache.catalina.startup.VersionLoggerListener.log OS Name:               Mac OS X
15-May-2026 16:58:06.856 INFO [main] org.apache.catalina.startup.VersionLoggerListener.log OS Version:            26.5
15-May-2026 16:58:06.856 INFO [main] org.apache.catalina.startup.VersionLoggerListener.log Architecture:          aarch64
15-May-2026 16:58:06.856 INFO [main] org.apache.catalina.startup.VersionLoggerListener.log Java Home:             /Library/Java/JavaVirtualMachines/jdk-25.jdk/Contents/Home
15-May-2026 16:58:06.856 INFO [main] org.apache.catalina.startup.VersionLoggerListener.log JVM Version:           25.0.2+10-LTS-69
15-May-2026 16:58:06.856 INFO [main] org.apache.catalina.startup.VersionLoggerListener.log JVM Vendor:            Oracle Corporation
15-May-2026 16:58:06.856 INFO [main] org.apache.catalina.startup.VersionLoggerListener.log CATALINA_BASE:         /Users/erictran/Downloads/CS157A/CS157A-S1-14/apache-tomcat-9.0.115
15-May-2026 16:58:06.856 INFO [main] org.apache.catalina.startup.VersionLoggerListener.log CATALINA_HOME:         /Users/erictran/Downloads/CS157A/CS157A-S1-14/apache-tomcat-9.0.115
15-May-2026 16:58:06.863 INFO [main] org.apache.catalina.startup.VersionLoggerListener.log Command line argument: --add-opens=java.base/java.lang=ALL-UNNAMED
15-May-2026 16:58:06.863 INFO [main] org.apache.catalina.startup.VersionLoggerListener.log Command line argument: --add-opens=java.base/java.lang.invoke=ALL-UNNAMED
15-May-2026 16:58:06.863 INFO [main] org.apache.catalina.startup.VersionLoggerListener.log Command line argument: --add-opens=java.base/java.lang.reflect=ALL-UNNAMED
15-May-2026 16:58:06.863 INFO [main] org.apache.catalina.startup.VersionLoggerListener.log Command line argument: --add-opens=java.base/java.io=ALL-UNNAMED
15-May-2026 16:58:06.863 INFO [main] org.apache.catalina.startup.VersionLoggerListener.log Command line argument: --add-opens=java.base/java.util=ALL-UNNAMED
15-May-2026 16:58:06.863 INFO [main] org.apache.catalina.startup.VersionLoggerListener.log Command line argument: --add-opens=java.base/java.util.concurrent=ALL-UNNAMED
15-May-2026 16:58:06.864 INFO [main] org.apache.catalina.startup.VersionLoggerListener.log Command line argument: --add-opens=java.rmi/sun.rmi.transport=ALL-UNNAMED
15-May-2026 16:58:06.864 INFO [main] org.apache.catalina.startup.VersionLoggerListener.log Command line argument: -Djava.util.logging.config.file=/Users/erictran/Downloads/CS157A/CS157A-S1-14/apache-tomcat-9.0.115/conf/logging.properties
15-May-2026 16:58:06.864 INFO [main] org.apache.catalina.startup.VersionLoggerListener.log Command line argument: -Djava.util.logging.manager=org.apache.juli.ClassLoaderLogManager
15-May-2026 16:58:06.864 INFO [main] org.apache.catalina.startup.VersionLoggerListener.log Command line argument: -Djdk.tls.ephemeralDHKeySize=2048
15-May-2026 16:58:06.864 INFO [main] org.apache.catalina.startup.VersionLoggerListener.log Command line argument: -Djava.protocol.handler.pkgs=org.apache.catalina.webresources
15-May-2026 16:58:06.864 INFO [main] org.apache.catalina.startup.VersionLoggerListener.log Command line argument: -Dsun.io.useCanonCaches=false
15-May-2026 16:58:06.864 INFO [main] org.apache.catalina.startup.VersionLoggerListener.log Command line argument: -Dorg.apache.catalina.security.SecurityListener.UMASK=0027
15-May-2026 16:58:06.864 INFO [main] org.apache.catalina.startup.VersionLoggerListener.log Command line argument: -Dignore.endorsed.dirs=
15-May-2026 16:58:06.864 INFO [main] org.apache.catalina.startup.VersionLoggerListener.log Command line argument: -Dcatalina.base=/Users/erictran/Downloads/CS157A/CS157A-S1-14/apache-tomcat-9.0.115
15-May-2026 16:58:06.864 INFO [main] org.apache.catalina.startup.VersionLoggerListener.log Command line argument: -Dcatalina.home=/Users/erictran/Downloads/CS157A/CS157A-S1-14/apache-tomcat-9.0.115
15-May-2026 16:58:06.864 INFO [main] org.apache.catalina.startup.VersionLoggerListener.log Command line argument: -Djava.io.tmpdir=/Users/erictran/Downloads/CS157A/CS157A-S1-14/apache-tomcat-9.0.115/temp
WARNING: A restricted method in java.lang.System has been called
WARNING: java.lang.System::load has been called by org.apache.tomcat.jni.Library in an unnamed module (file:/Users/erictran/Downloads/CS157A/CS157A-S1-14/apache-tomcat-9.0.115/lib/tomcat-jni.jar)
WARNING: Use --enable-native-access=ALL-UNNAMED to avoid a warning for callers in this module
WARNING: Restricted methods will be blocked in a future release unless native access is enabled

15-May-2026 16:58:06.870 INFO [main] org.apache.catalina.core.AprLifecycleListener.lifecycleEvent The Apache Tomcat Native library which allows using OpenSSL was not found on the java.library.path: [/Users/erictran/Library/Java/Extensions:/Library/Java/Extensions:/Network/Library/Java/Extensions:/System/Library/Java/Extensions:/usr/lib/java:.]
15-May-2026 16:58:07.005 INFO [main] org.apache.coyote.AbstractProtocol.init Initializing ProtocolHandler ["http-nio-8080"]
15-May-2026 16:58:07.017 INFO [main] org.apache.catalina.startup.Catalina.load Server initialization in [286] milliseconds
15-May-2026 16:58:07.032 INFO [main] org.apache.catalina.core.StandardService.startInternal Starting service [Catalina]
15-May-2026 16:58:07.032 INFO [main] org.apache.catalina.core.StandardEngine.startInternal Starting Servlet engine: [Apache Tomcat/9.0.115]
15-May-2026 16:58:07.035 INFO [main] org.apache.catalina.startup.HostConfig.deployDirectory Deploying web application directory [/Users/erictran/Downloads/CS157A/CS157A-S1-14/apache-tomcat-9.0.115/webapps/docs]
15-May-2026 16:58:07.231 INFO [main] org.apache.jasper.servlet.TldScanner.scanJars At least one JAR was scanned for TLDs yet contained no TLDs. Enable debug logging for this logger for a complete list of JARs that were scanned but no TLDs were found in them. Skipping unneeded JARs during scanning can improve startup time and JSP compilation time.
15-May-2026 16:58:07.245 INFO [main] org.apache.catalina.startup.HostConfig.deployDirectory Deployment of web application directory [/Users/erictran/Downloads/CS157A/CS157A-S1-14/apache-tomcat-9.0.115/webapps/docs] has finished in [209] ms
15-May-2026 16:58:07.245 INFO [main] org.apache.catalina.startup.HostConfig.deployDirectory Deploying web application directory [/Users/erictran/Downloads/CS157A/CS157A-S1-14/apache-tomcat-9.0.115/webapps/TaskME]
15-May-2026 16:58:07.339 INFO [main] org.apache.jasper.servlet.TldScanner.scanJars At least one JAR was scanned for TLDs yet contained no TLDs. Enable debug logging for this logger for a complete list of JARs that were scanned but no TLDs were found in them. Skipping unneeded JARs during scanning can improve startup time and JSP compilation time.
15-May-2026 16:58:07.346 INFO [main] org.apache.catalina.startup.HostConfig.deployDirectory Deployment of web application directory [/Users/erictran/Downloads/CS157A/CS157A-S1-14/apache-tomcat-9.0.115/webapps/TaskME] has finished in [101] ms
15-May-2026 16:58:07.346 INFO [main] org.apache.catalina.startup.HostConfig.deployDirectory Deploying web application directory [/Users/erictran/Downloads/CS157A/CS157A-S1-14/apache-tomcat-9.0.115/webapps/manager]
15-May-2026 16:58:07.427 INFO [main] org.apache.jasper.servlet.TldScanner.scanJars At least one JAR was scanned for TLDs yet contained no TLDs. Enable debug logging for this logger for a complete list of JARs that were scanned but no TLDs were found in them. Skipping unneeded JARs during scanning can improve startup time and JSP compilation time.
15-May-2026 16:58:07.430 INFO [main] org.apache.catalina.startup.HostConfig.deployDirectory Deployment of web application directory [/Users/erictran/Downloads/CS157A/CS157A-S1-14/apache-tomcat-9.0.115/webapps/manager] has finished in [84] ms
15-May-2026 16:58:07.430 INFO [main] org.apache.catalina.startup.HostConfig.deployDirectory Deploying web application directory [/Users/erictran/Downloads/CS157A/CS157A-S1-14/apache-tomcat-9.0.115/webapps/examples]
15-May-2026 16:58:07.562 INFO [main] org.apache.jasper.servlet.TldScanner.scanJars At least one JAR was scanned for TLDs yet contained no TLDs. Enable debug logging for this logger for a complete list of JARs that were scanned but no TLDs were found in them. Skipping unneeded JARs during scanning can improve startup time and JSP compilation time.
15-May-2026 16:58:07.568 INFO [main] org.apache.catalina.startup.HostConfig.deployDirectory Deployment of web application directory [/Users/erictran/Downloads/CS157A/CS157A-S1-14/apache-tomcat-9.0.115/webapps/examples] has finished in [138] ms
15-May-2026 16:58:07.569 INFO [main] org.apache.catalina.startup.HostConfig.deployDirectory Deploying web application directory [/Users/erictran/Downloads/CS157A/CS157A-S1-14/apache-tomcat-9.0.115/webapps/ROOT]
15-May-2026 16:58:07.636 INFO [main] org.apache.jasper.servlet.TldScanner.scanJars At least one JAR was scanned for TLDs yet contained no TLDs. Enable debug logging for this logger for a complete list of JARs that were scanned but no TLDs were found in them. Skipping unneeded JARs during scanning can improve startup time and JSP compilation time.
15-May-2026 16:58:07.637 INFO [main] org.apache.catalina.startup.HostConfig.deployDirectory Deployment of web application directory [/Users/erictran/Downloads/CS157A/CS157A-S1-14/apache-tomcat-9.0.115/webapps/ROOT] has finished in [68] ms
15-May-2026 16:58:07.637 INFO [main] org.apache.catalina.startup.HostConfig.deployDirectory Deploying web application directory [/Users/erictran/Downloads/CS157A/CS157A-S1-14/apache-tomcat-9.0.115/webapps/host-manager]
15-May-2026 16:58:07.706 INFO [main] org.apache.jasper.servlet.TldScanner.scanJars At least one JAR was scanned for TLDs yet contained no TLDs. Enable debug logging for this logger for a complete list of JARs that were scanned but no TLDs were found in them. Skipping unneeded JARs during scanning can improve startup time and JSP compilation time.
15-May-2026 16:58:07.707 INFO [main] org.apache.catalina.startup.HostConfig.deployDirectory Deployment of web application directory [/Users/erictran/Downloads/CS157A/CS157A-S1-14/apache-tomcat-9.0.115/webapps/host-manager] has finished in [70] ms
15-May-2026 16:58:07.709 INFO [main] org.apache.coyote.AbstractProtocol.start Starting ProtocolHandler ["http-nio-8080"]
15-May-2026 16:58:07.713 INFO [main] org.apache.catalina.startup.Catalina.start Server startup in [695] milliseconds
15-May-2026 17:02:33.748 INFO [main] org.apache.catalina.core.StandardServer.await A valid shutdown command was received via the shutdown port. Stopping the Server instance.
15-May-2026 17:02:33.749 INFO [main] org.apache.coyote.AbstractProtocol.pause Pausing ProtocolHandler ["http-nio-8080"]
15-May-2026 17:02:34.750 INFO [main] org.apache.catalina.core.StandardService.stopInternal Stopping service [Catalina]
15-May-2026 17:02:34.776 INFO [main] org.apache.coyote.AbstractProtocol.stop Stopping ProtocolHandler ["http-nio-8080"]
15-May-2026 17:02:35.377 WARNING [main] org.apache.tomcat.util.net.Acceptor.stopMillis The acceptor thread [http-nio-8080-Acceptor] did not stop cleanly
15-May-2026 17:02:35.381 INFO [main] org.apache.coyote.AbstractProtocol.destroy Destroying ProtocolHandler ["http-nio-8080"]
NOTE: Picked up JDK_JAVA_OPTIONS:  --add-opens=java.base/java.lang=ALL-UNNAMED --add-opens=java.base/java.lang.invoke=ALL-UNNAMED --add-opens=java.base/java.lang.reflect=ALL-UNNAMED --add-opens=java.base/java.io=ALL-UNNAMED --add-opens=java.base/java.util=ALL-UNNAMED --add-opens=java.base/java.util.concurrent=ALL-UNNAMED --add-opens=java.rmi/sun.rmi.transport=ALL-UNNAMED
15-May-2026 17:02:40.022 INFO [main] org.apache.catalina.startup.VersionLoggerListener.log Server version name:   Apache Tomcat/9.0.115
15-May-2026 17:02:40.023 INFO [main] org.apache.catalina.startup.VersionLoggerListener.log Server built:          Jan 21 2026 08:17:26 UTC
15-May-2026 17:02:40.023 INFO [main] org.apache.catalina.startup.VersionLoggerListener.log Server version number: 9.0.115.0
15-May-2026 17:02:40.023 INFO [main] org.apache.catalina.startup.VersionLoggerListener.log OS Name:               Mac OS X
15-May-2026 17:02:40.023 INFO [main] org.apache.catalina.startup.VersionLoggerListener.log OS Version:            26.5
15-May-2026 17:02:40.023 INFO [main] org.apache.catalina.startup.VersionLoggerListener.log Architecture:          aarch64
15-May-2026 17:02:40.023 INFO [main] org.apache.catalina.startup.VersionLoggerListener.log Java Home:             /Library/Java/JavaVirtualMachines/jdk-25.jdk/Contents/Home
15-May-2026 17:02:40.023 INFO [main] org.apache.catalina.startup.VersionLoggerListener.log JVM Version:           25.0.2+10-LTS-69
15-May-2026 17:02:40.023 INFO [main] org.apache.catalina.startup.VersionLoggerListener.log JVM Vendor:            Oracle Corporation
15-May-2026 17:02:40.023 INFO [main] org.apache.catalina.startup.VersionLoggerListener.log CATALINA_BASE:         /Users/erictran/Downloads/CS157A/CS157A-S1-14/apache-tomcat-9.0.115
15-May-2026 17:02:40.023 INFO [main] org.apache.catalina.startup.VersionLoggerListener.log CATALINA_HOME:         /Users/erictran/Downloads/CS157A/CS157A-S1-14/apache-tomcat-9.0.115
15-May-2026 17:02:40.027 INFO [main] org.apache.catalina.startup.VersionLoggerListener.log Command line argument: --add-opens=java.base/java.lang=ALL-UNNAMED
15-May-2026 17:02:40.028 INFO [main] org.apache.catalina.startup.VersionLoggerListener.log Command line argument: --add-opens=java.base/java.lang.invoke=ALL-UNNAMED
15-May-2026 17:02:40.028 INFO [main] org.apache.catalina.startup.VersionLoggerListener.log Command line argument: --add-opens=java.base/java.lang.reflect=ALL-UNNAMED
15-May-2026 17:02:40.028 INFO [main] org.apache.catalina.startup.VersionLoggerListener.log Command line argument: --add-opens=java.base/java.io=ALL-UNNAMED
15-May-2026 17:02:40.028 INFO [main] org.apache.catalina.startup.VersionLoggerListener.log Command line argument: --add-opens=java.base/java.util=ALL-UNNAMED
15-May-2026 17:02:40.028 INFO [main] org.apache.catalina.startup.VersionLoggerListener.log Command line argument: --add-opens=java.base/java.util.concurrent=ALL-UNNAMED
15-May-2026 17:02:40.028 INFO [main] org.apache.catalina.startup.VersionLoggerListener.log Command line argument: --add-opens=java.rmi/sun.rmi.transport=ALL-UNNAMED
15-May-2026 17:02:40.028 INFO [main] org.apache.catalina.startup.VersionLoggerListener.log Command line argument: -Djava.util.logging.config.file=/Users/erictran/Downloads/CS157A/CS157A-S1-14/apache-tomcat-9.0.115/conf/logging.properties
15-May-2026 17:02:40.028 INFO [main] org.apache.catalina.startup.VersionLoggerListener.log Command line argument: -Djava.util.logging.manager=org.apache.juli.ClassLoaderLogManager
15-May-2026 17:02:40.028 INFO [main] org.apache.catalina.startup.VersionLoggerListener.log Command line argument: -Djdk.tls.ephemeralDHKeySize=2048
15-May-2026 17:02:40.028 INFO [main] org.apache.catalina.startup.VersionLoggerListener.log Command line argument: -Djava.protocol.handler.pkgs=org.apache.catalina.webresources
15-May-2026 17:02:40.028 INFO [main] org.apache.catalina.startup.VersionLoggerListener.log Command line argument: -Dsun.io.useCanonCaches=false
15-May-2026 17:02:40.028 INFO [main] org.apache.catalina.startup.VersionLoggerListener.log Command line argument: -Dorg.apache.catalina.security.SecurityListener.UMASK=0027
15-May-2026 17:02:40.028 INFO [main] org.apache.catalina.startup.VersionLoggerListener.log Command line argument: -Dignore.endorsed.dirs=
15-May-2026 17:02:40.028 INFO [main] org.apache.catalina.startup.VersionLoggerListener.log Command line argument: -Dcatalina.base=/Users/erictran/Downloads/CS157A/CS157A-S1-14/apache-tomcat-9.0.115
15-May-2026 17:02:40.029 INFO [main] org.apache.catalina.startup.VersionLoggerListener.log Command line argument: -Dcatalina.home=/Users/erictran/Downloads/CS157A/CS157A-S1-14/apache-tomcat-9.0.115
15-May-2026 17:02:40.029 INFO [main] org.apache.catalina.startup.VersionLoggerListener.log Command line argument: -Djava.io.tmpdir=/Users/erictran/Downloads/CS157A/CS157A-S1-14/apache-tomcat-9.0.115/temp
WARNING: A restricted method in java.lang.System has been called
WARNING: java.lang.System::load has been called by org.apache.tomcat.jni.Library in an unnamed module (file:/Users/erictran/Downloads/CS157A/CS157A-S1-14/apache-tomcat-9.0.115/lib/tomcat-jni.jar)
WARNING: Use --enable-native-access=ALL-UNNAMED to avoid a warning for callers in this module
WARNING: Restricted methods will be blocked in a future release unless native access is enabled

15-May-2026 17:02:40.034 INFO [main] org.apache.catalina.core.AprLifecycleListener.lifecycleEvent The Apache Tomcat Native library which allows using OpenSSL was not found on the java.library.path: [/Users/erictran/Library/Java/Extensions:/Library/Java/Extensions:/Network/Library/Java/Extensions:/System/Library/Java/Extensions:/usr/lib/java:.]
15-May-2026 17:02:40.163 INFO [main] org.apache.coyote.AbstractProtocol.init Initializing ProtocolHandler ["http-nio-8080"]
15-May-2026 17:02:40.174 INFO [main] org.apache.catalina.startup.Catalina.load Server initialization in [225] milliseconds
15-May-2026 17:02:40.186 INFO [main] org.apache.catalina.core.StandardService.startInternal Starting service [Catalina]
15-May-2026 17:02:40.186 INFO [main] org.apache.catalina.core.StandardEngine.startInternal Starting Servlet engine: [Apache Tomcat/9.0.115]
15-May-2026 17:02:40.189 INFO [main] org.apache.catalina.startup.HostConfig.deployDirectory Deploying web application directory [/Users/erictran/Downloads/CS157A/CS157A-S1-14/apache-tomcat-9.0.115/webapps/docs]
15-May-2026 17:02:40.361 INFO [main] org.apache.jasper.servlet.TldScanner.scanJars At least one JAR was scanned for TLDs yet contained no TLDs. Enable debug logging for this logger for a complete list of JARs that were scanned but no TLDs were found in them. Skipping unneeded JARs during scanning can improve startup time and JSP compilation time.
15-May-2026 17:02:40.374 INFO [main] org.apache.catalina.startup.HostConfig.deployDirectory Deployment of web application directory [/Users/erictran/Downloads/CS157A/CS157A-S1-14/apache-tomcat-9.0.115/webapps/docs] has finished in [185] ms
15-May-2026 17:02:40.374 INFO [main] org.apache.catalina.startup.HostConfig.deployDirectory Deploying web application directory [/Users/erictran/Downloads/CS157A/CS157A-S1-14/apache-tomcat-9.0.115/webapps/TaskME]
15-May-2026 17:02:40.464 INFO [main] org.apache.jasper.servlet.TldScanner.scanJars At least one JAR was scanned for TLDs yet contained no TLDs. Enable debug logging for this logger for a complete list of JARs that were scanned but no TLDs were found in them. Skipping unneeded JARs during scanning can improve startup time and JSP compilation time.
15-May-2026 17:02:40.471 INFO [main] org.apache.catalina.startup.HostConfig.deployDirectory Deployment of web application directory [/Users/erictran/Downloads/CS157A/CS157A-S1-14/apache-tomcat-9.0.115/webapps/TaskME] has finished in [97] ms
15-May-2026 17:02:40.471 INFO [main] org.apache.catalina.startup.HostConfig.deployDirectory Deploying web application directory [/Users/erictran/Downloads/CS157A/CS157A-S1-14/apache-tomcat-9.0.115/webapps/manager]
15-May-2026 17:02:40.546 INFO [main] org.apache.jasper.servlet.TldScanner.scanJars At least one JAR was scanned for TLDs yet contained no TLDs. Enable debug logging for this logger for a complete list of JARs that were scanned but no TLDs were found in them. Skipping unneeded JARs during scanning can improve startup time and JSP compilation time.
15-May-2026 17:02:40.548 INFO [main] org.apache.catalina.startup.HostConfig.deployDirectory Deployment of web application directory [/Users/erictran/Downloads/CS157A/CS157A-S1-14/apache-tomcat-9.0.115/webapps/manager] has finished in [77] ms
15-May-2026 17:02:40.548 INFO [main] org.apache.catalina.startup.HostConfig.deployDirectory Deploying web application directory [/Users/erictran/Downloads/CS157A/CS157A-S1-14/apache-tomcat-9.0.115/webapps/examples]
15-May-2026 17:02:40.675 INFO [main] org.apache.jasper.servlet.TldScanner.scanJars At least one JAR was scanned for TLDs yet contained no TLDs. Enable debug logging for this logger for a complete list of JARs that were scanned but no TLDs were found in them. Skipping unneeded JARs during scanning can improve startup time and JSP compilation time.
15-May-2026 17:02:40.681 INFO [main] org.apache.catalina.startup.HostConfig.deployDirectory Deployment of web application directory [/Users/erictran/Downloads/CS157A/CS157A-S1-14/apache-tomcat-9.0.115/webapps/examples] has finished in [133] ms
15-May-2026 17:02:40.681 INFO [main] org.apache.catalina.startup.HostConfig.deployDirectory Deploying web application directory [/Users/erictran/Downloads/CS157A/CS157A-S1-14/apache-tomcat-9.0.115/webapps/ROOT]
15-May-2026 17:02:40.747 INFO [main] org.apache.jasper.servlet.TldScanner.scanJars At least one JAR was scanned for TLDs yet contained no TLDs. Enable debug logging for this logger for a complete list of JARs that were scanned but no TLDs were found in them. Skipping unneeded JARs during scanning can improve startup time and JSP compilation time.
15-May-2026 17:02:40.747 INFO [main] org.apache.catalina.startup.HostConfig.deployDirectory Deployment of web application directory [/Users/erictran/Downloads/CS157A/CS157A-S1-14/apache-tomcat-9.0.115/webapps/ROOT] has finished in [66] ms
15-May-2026 17:02:40.747 INFO [main] org.apache.catalina.startup.HostConfig.deployDirectory Deploying web application directory [/Users/erictran/Downloads/CS157A/CS157A-S1-14/apache-tomcat-9.0.115/webapps/host-manager]
15-May-2026 17:02:40.814 INFO [main] org.apache.jasper.servlet.TldScanner.scanJars At least one JAR was scanned for TLDs yet contained no TLDs. Enable debug logging for this logger for a complete list of JARs that were scanned but no TLDs were found in them. Skipping unneeded JARs during scanning can improve startup time and JSP compilation time.
15-May-2026 17:02:40.814 INFO [main] org.apache.catalina.startup.HostConfig.deployDirectory Deployment of web application directory [/Users/erictran/Downloads/CS157A/CS157A-S1-14/apache-tomcat-9.0.115/webapps/host-manager] has finished in [67] ms
15-May-2026 17:02:40.816 INFO [main] org.apache.coyote.AbstractProtocol.start Starting ProtocolHandler ["http-nio-8080"]
15-May-2026 17:02:40.820 INFO [main] org.apache.catalina.startup.Catalina.start Server startup in [645] milliseconds
15-May-2026 17:02:49.604 INFO [main] org.apache.catalina.core.StandardServer.await A valid shutdown command was received via the shutdown port. Stopping the Server instance.
15-May-2026 17:02:49.604 INFO [main] org.apache.coyote.AbstractProtocol.pause Pausing ProtocolHandler ["http-nio-8080"]
15-May-2026 17:02:50.607 INFO [main] org.apache.catalina.core.StandardService.stopInternal Stopping service [Catalina]
15-May-2026 17:02:50.631 INFO [main] org.apache.coyote.AbstractProtocol.stop Stopping ProtocolHandler ["http-nio-8080"]
15-May-2026 17:02:51.233 WARNING [main] org.apache.tomcat.util.net.Acceptor.stopMillis The acceptor thread [http-nio-8080-Acceptor] did not stop cleanly
15-May-2026 17:02:51.238 INFO [main] org.apache.coyote.AbstractProtocol.destroy Destroying ProtocolHandler ["http-nio-8080"]
NOTE: Picked up JDK_JAVA_OPTIONS:  --add-opens=java.base/java.lang=ALL-UNNAMED --add-opens=java.base/java.lang.invoke=ALL-UNNAMED --add-opens=java.base/java.lang.reflect=ALL-UNNAMED --add-opens=java.base/java.io=ALL-UNNAMED --add-opens=java.base/java.util=ALL-UNNAMED --add-opens=java.base/java.util.concurrent=ALL-UNNAMED --add-opens=java.rmi/sun.rmi.transport=ALL-UNNAMED
15-May-2026 17:04:36.655 INFO [main] org.apache.catalina.startup.VersionLoggerListener.log Server version name:   Apache Tomcat/9.0.115
15-May-2026 17:04:36.657 INFO [main] org.apache.catalina.startup.VersionLoggerListener.log Server built:          Jan 21 2026 08:17:26 UTC
15-May-2026 17:04:36.657 INFO [main] org.apache.catalina.startup.VersionLoggerListener.log Server version number: 9.0.115.0
15-May-2026 17:04:36.657 INFO [main] org.apache.catalina.startup.VersionLoggerListener.log OS Name:               Mac OS X
15-May-2026 17:04:36.657 INFO [main] org.apache.catalina.startup.VersionLoggerListener.log OS Version:            26.5
15-May-2026 17:04:36.657 INFO [main] org.apache.catalina.startup.VersionLoggerListener.log Architecture:          aarch64
15-May-2026 17:04:36.657 INFO [main] org.apache.catalina.startup.VersionLoggerListener.log Java Home:             /Library/Java/JavaVirtualMachines/jdk-25.jdk/Contents/Home
15-May-2026 17:04:36.657 INFO [main] org.apache.catalina.startup.VersionLoggerListener.log JVM Version:           25.0.2+10-LTS-69
15-May-2026 17:04:36.657 INFO [main] org.apache.catalina.startup.VersionLoggerListener.log JVM Vendor:            Oracle Corporation
15-May-2026 17:04:36.657 INFO [main] org.apache.catalina.startup.VersionLoggerListener.log CATALINA_BASE:         /Users/erictran/Downloads/CS157A/CS157A-S1-14/apache-tomcat-9.0.115
15-May-2026 17:04:36.657 INFO [main] org.apache.catalina.startup.VersionLoggerListener.log CATALINA_HOME:         /Users/erictran/Downloads/CS157A/CS157A-S1-14/apache-tomcat-9.0.115
15-May-2026 17:04:36.661 INFO [main] org.apache.catalina.startup.VersionLoggerListener.log Command line argument: --add-opens=java.base/java.lang=ALL-UNNAMED
15-May-2026 17:04:36.661 INFO [main] org.apache.catalina.startup.VersionLoggerListener.log Command line argument: --add-opens=java.base/java.lang.invoke=ALL-UNNAMED
15-May-2026 17:04:36.661 INFO [main] org.apache.catalina.startup.VersionLoggerListener.log Command line argument: --add-opens=java.base/java.lang.reflect=ALL-UNNAMED
15-May-2026 17:04:36.661 INFO [main] org.apache.catalina.startup.VersionLoggerListener.log Command line argument: --add-opens=java.base/java.io=ALL-UNNAMED
15-May-2026 17:04:36.661 INFO [main] org.apache.catalina.startup.VersionLoggerListener.log Command line argument: --add-opens=java.base/java.util=ALL-UNNAMED
15-May-2026 17:04:36.661 INFO [main] org.apache.catalina.startup.VersionLoggerListener.log Command line argument: --add-opens=java.base/java.util.concurrent=ALL-UNNAMED
15-May-2026 17:04:36.662 INFO [main] org.apache.catalina.startup.VersionLoggerListener.log Command line argument: --add-opens=java.rmi/sun.rmi.transport=ALL-UNNAMED
15-May-2026 17:04:36.662 INFO [main] org.apache.catalina.startup.VersionLoggerListener.log Command line argument: -Djava.util.logging.config.file=/Users/erictran/Downloads/CS157A/CS157A-S1-14/apache-tomcat-9.0.115/conf/logging.properties
15-May-2026 17:04:36.662 INFO [main] org.apache.catalina.startup.VersionLoggerListener.log Command line argument: -Djava.util.logging.manager=org.apache.juli.ClassLoaderLogManager
15-May-2026 17:04:36.662 INFO [main] org.apache.catalina.startup.VersionLoggerListener.log Command line argument: -Djdk.tls.ephemeralDHKeySize=2048
15-May-2026 17:04:36.662 INFO [main] org.apache.catalina.startup.VersionLoggerListener.log Command line argument: -Djava.protocol.handler.pkgs=org.apache.catalina.webresources
15-May-2026 17:04:36.662 INFO [main] org.apache.catalina.startup.VersionLoggerListener.log Command line argument: -Dsun.io.useCanonCaches=false
15-May-2026 17:04:36.662 INFO [main] org.apache.catalina.startup.VersionLoggerListener.log Command line argument: -Dorg.apache.catalina.security.SecurityListener.UMASK=0027
15-May-2026 17:04:36.662 INFO [main] org.apache.catalina.startup.VersionLoggerListener.log Command line argument: -Dignore.endorsed.dirs=
15-May-2026 17:04:36.662 INFO [main] org.apache.catalina.startup.VersionLoggerListener.log Command line argument: -Dcatalina.base=/Users/erictran/Downloads/CS157A/CS157A-S1-14/apache-tomcat-9.0.115
15-May-2026 17:04:36.662 INFO [main] org.apache.catalina.startup.VersionLoggerListener.log Command line argument: -Dcatalina.home=/Users/erictran/Downloads/CS157A/CS157A-S1-14/apache-tomcat-9.0.115
15-May-2026 17:04:36.662 INFO [main] org.apache.catalina.startup.VersionLoggerListener.log Command line argument: -Djava.io.tmpdir=/Users/erictran/Downloads/CS157A/CS157A-S1-14/apache-tomcat-9.0.115/temp
WARNING: A restricted method in java.lang.System has been called
WARNING: java.lang.System::load has been called by org.apache.tomcat.jni.Library in an unnamed module (file:/Users/erictran/Downloads/CS157A/CS157A-S1-14/apache-tomcat-9.0.115/lib/tomcat-jni.jar)
WARNING: Use --enable-native-access=ALL-UNNAMED to avoid a warning for callers in this module
WARNING: Restricted methods will be blocked in a future release unless native access is enabled

15-May-2026 17:04:36.667 INFO [main] org.apache.catalina.core.AprLifecycleListener.lifecycleEvent The Apache Tomcat Native library which allows using OpenSSL was not found on the java.library.path: [/Users/erictran/Library/Java/Extensions:/Library/Java/Extensions:/Network/Library/Java/Extensions:/System/Library/Java/Extensions:/usr/lib/java:.]
15-May-2026 17:04:36.789 INFO [main] org.apache.coyote.AbstractProtocol.init Initializing ProtocolHandler ["http-nio-8080"]
15-May-2026 17:04:36.798 INFO [main] org.apache.catalina.startup.Catalina.load Server initialization in [208] milliseconds
15-May-2026 17:04:36.811 INFO [main] org.apache.catalina.core.StandardService.startInternal Starting service [Catalina]
15-May-2026 17:04:36.811 INFO [main] org.apache.catalina.core.StandardEngine.startInternal Starting Servlet engine: [Apache Tomcat/9.0.115]
15-May-2026 17:04:36.814 INFO [main] org.apache.catalina.startup.HostConfig.deployDirectory Deploying web application directory [/Users/erictran/Downloads/CS157A/CS157A-S1-14/apache-tomcat-9.0.115/webapps/docs]
15-May-2026 17:04:36.982 INFO [main] org.apache.jasper.servlet.TldScanner.scanJars At least one JAR was scanned for TLDs yet contained no TLDs. Enable debug logging for this logger for a complete list of JARs that were scanned but no TLDs were found in them. Skipping unneeded JARs during scanning can improve startup time and JSP compilation time.
15-May-2026 17:04:36.994 INFO [main] org.apache.catalina.startup.HostConfig.deployDirectory Deployment of web application directory [/Users/erictran/Downloads/CS157A/CS157A-S1-14/apache-tomcat-9.0.115/webapps/docs] has finished in [178] ms
15-May-2026 17:04:36.994 INFO [main] org.apache.catalina.startup.HostConfig.deployDirectory Deploying web application directory [/Users/erictran/Downloads/CS157A/CS157A-S1-14/apache-tomcat-9.0.115/webapps/TaskME]
15-May-2026 17:04:37.081 INFO [main] org.apache.jasper.servlet.TldScanner.scanJars At least one JAR was scanned for TLDs yet contained no TLDs. Enable debug logging for this logger for a complete list of JARs that were scanned but no TLDs were found in them. Skipping unneeded JARs during scanning can improve startup time and JSP compilation time.
15-May-2026 17:04:37.084 INFO [main] org.apache.catalina.startup.HostConfig.deployDirectory Deployment of web application directory [/Users/erictran/Downloads/CS157A/CS157A-S1-14/apache-tomcat-9.0.115/webapps/TaskME] has finished in [90] ms
15-May-2026 17:04:37.084 INFO [main] org.apache.catalina.startup.HostConfig.deployDirectory Deploying web application directory [/Users/erictran/Downloads/CS157A/CS157A-S1-14/apache-tomcat-9.0.115/webapps/manager]
15-May-2026 17:04:37.159 INFO [main] org.apache.jasper.servlet.TldScanner.scanJars At least one JAR was scanned for TLDs yet contained no TLDs. Enable debug logging for this logger for a complete list of JARs that were scanned but no TLDs were found in them. Skipping unneeded JARs during scanning can improve startup time and JSP compilation time.
15-May-2026 17:04:37.161 INFO [main] org.apache.catalina.startup.HostConfig.deployDirectory Deployment of web application directory [/Users/erictran/Downloads/CS157A/CS157A-S1-14/apache-tomcat-9.0.115/webapps/manager] has finished in [77] ms
15-May-2026 17:04:37.161 INFO [main] org.apache.catalina.startup.HostConfig.deployDirectory Deploying web application directory [/Users/erictran/Downloads/CS157A/CS157A-S1-14/apache-tomcat-9.0.115/webapps/examples]
15-May-2026 17:04:37.283 INFO [main] org.apache.jasper.servlet.TldScanner.scanJars At least one JAR was scanned for TLDs yet contained no TLDs. Enable debug logging for this logger for a complete list of JARs that were scanned but no TLDs were found in them. Skipping unneeded JARs during scanning can improve startup time and JSP compilation time.
15-May-2026 17:04:37.288 INFO [main] org.apache.catalina.startup.HostConfig.deployDirectory Deployment of web application directory [/Users/erictran/Downloads/CS157A/CS157A-S1-14/apache-tomcat-9.0.115/webapps/examples] has finished in [127] ms
15-May-2026 17:04:37.288 INFO [main] org.apache.catalina.startup.HostConfig.deployDirectory Deploying web application directory [/Users/erictran/Downloads/CS157A/CS157A-S1-14/apache-tomcat-9.0.115/webapps/ROOT]
15-May-2026 17:04:37.353 INFO [main] org.apache.jasper.servlet.TldScanner.scanJars At least one JAR was scanned for TLDs yet contained no TLDs. Enable debug logging for this logger for a complete list of JARs that were scanned but no TLDs were found in them. Skipping unneeded JARs during scanning can improve startup time and JSP compilation time.
15-May-2026 17:04:37.354 INFO [main] org.apache.catalina.startup.HostConfig.deployDirectory Deployment of web application directory [/Users/erictran/Downloads/CS157A/CS157A-S1-14/apache-tomcat-9.0.115/webapps/ROOT] has finished in [66] ms
15-May-2026 17:04:37.354 INFO [main] org.apache.catalina.startup.HostConfig.deployDirectory Deploying web application directory [/Users/erictran/Downloads/CS157A/CS157A-S1-14/apache-tomcat-9.0.115/webapps/host-manager]
15-May-2026 17:04:37.420 INFO [main] org.apache.jasper.servlet.TldScanner.scanJars At least one JAR was scanned for TLDs yet contained no TLDs. Enable debug logging for this logger for a complete list of JARs that were scanned but no TLDs were found in them. Skipping unneeded JARs during scanning can improve startup time and JSP compilation time.
15-May-2026 17:04:37.421 INFO [main] org.apache.catalina.startup.HostConfig.deployDirectory Deployment of web application directory [/Users/erictran/Downloads/CS157A/CS157A-S1-14/apache-tomcat-9.0.115/webapps/host-manager] has finished in [66] ms
15-May-2026 17:04:37.422 INFO [main] org.apache.coyote.AbstractProtocol.start Starting ProtocolHandler ["http-nio-8080"]
15-May-2026 17:04:37.426 INFO [main] org.apache.catalina.startup.Catalina.start Server startup in [627] milliseconds
15-May-2026 17:05:06.652 INFO [Thread-1] org.apache.coyote.AbstractProtocol.pause Pausing ProtocolHandler ["http-nio-8080"]
15-May-2026 17:05:06.655 INFO [Thread-1] org.apache.catalina.core.StandardService.stopInternal Stopping service [Catalina]
15-May-2026 17:05:06.720 INFO [Thread-1] org.apache.coyote.AbstractProtocol.stop Stopping ProtocolHandler ["http-nio-8080"]
15-May-2026 17:05:07.326 WARNING [Thread-1] org.apache.tomcat.util.net.Acceptor.stopMillis The acceptor thread [http-nio-8080-Acceptor] did not stop cleanly
15-May-2026 17:05:07.332 INFO [Thread-1] org.apache.coyote.AbstractProtocol.destroy Destroying ProtocolHandler ["http-nio-8080"]
NOTE: Picked up JDK_JAVA_OPTIONS:  --add-opens=java.base/java.lang=ALL-UNNAMED --add-opens=java.base/java.lang.invoke=ALL-UNNAMED --add-opens=java.base/java.lang.reflect=ALL-UNNAMED --add-opens=java.base/java.io=ALL-UNNAMED --add-opens=java.base/java.util=ALL-UNNAMED --add-opens=java.base/java.util.concurrent=ALL-UNNAMED --add-opens=java.rmi/sun.rmi.transport=ALL-UNNAMED
15-May-2026 17:06:29.269 INFO [main] org.apache.catalina.startup.VersionLoggerListener.log Server version name:   Apache Tomcat/9.0.115
15-May-2026 17:06:29.270 INFO [main] org.apache.catalina.startup.VersionLoggerListener.log Server built:          Jan 21 2026 08:17:26 UTC
15-May-2026 17:06:29.270 INFO [main] org.apache.catalina.startup.VersionLoggerListener.log Server version number: 9.0.115.0
15-May-2026 17:06:29.270 INFO [main] org.apache.catalina.startup.VersionLoggerListener.log OS Name:               Mac OS X
15-May-2026 17:06:29.270 INFO [main] org.apache.catalina.startup.VersionLoggerListener.log OS Version:            26.5
15-May-2026 17:06:29.271 INFO [main] org.apache.catalina.startup.VersionLoggerListener.log Architecture:          aarch64
15-May-2026 17:06:29.271 INFO [main] org.apache.catalina.startup.VersionLoggerListener.log Java Home:             /Library/Java/JavaVirtualMachines/jdk-25.jdk/Contents/Home
15-May-2026 17:06:29.271 INFO [main] org.apache.catalina.startup.VersionLoggerListener.log JVM Version:           25.0.2+10-LTS-69
15-May-2026 17:06:29.271 INFO [main] org.apache.catalina.startup.VersionLoggerListener.log JVM Vendor:            Oracle Corporation
15-May-2026 17:06:29.271 INFO [main] org.apache.catalina.startup.VersionLoggerListener.log CATALINA_BASE:         /Users/erictran/Downloads/CS157A/CS157A-S1-14/apache-tomcat-9.0.115
15-May-2026 17:06:29.271 INFO [main] org.apache.catalina.startup.VersionLoggerListener.log CATALINA_HOME:         /Users/erictran/Downloads/CS157A/CS157A-S1-14/apache-tomcat-9.0.115
15-May-2026 17:06:29.318 INFO [main] org.apache.catalina.startup.VersionLoggerListener.log Command line argument: --add-opens=java.base/java.lang=ALL-UNNAMED
15-May-2026 17:06:29.318 INFO [main] org.apache.catalina.startup.VersionLoggerListener.log Command line argument: --add-opens=java.base/java.lang.invoke=ALL-UNNAMED
15-May-2026 17:06:29.318 INFO [main] org.apache.catalina.startup.VersionLoggerListener.log Command line argument: --add-opens=java.base/java.lang.reflect=ALL-UNNAMED
15-May-2026 17:06:29.318 INFO [main] org.apache.catalina.startup.VersionLoggerListener.log Command line argument: --add-opens=java.base/java.io=ALL-UNNAMED
15-May-2026 17:06:29.318 INFO [main] org.apache.catalina.startup.VersionLoggerListener.log Command line argument: --add-opens=java.base/java.util=ALL-UNNAMED
15-May-2026 17:06:29.318 INFO [main] org.apache.catalina.startup.VersionLoggerListener.log Command line argument: --add-opens=java.base/java.util.concurrent=ALL-UNNAMED
15-May-2026 17:06:29.318 INFO [main] org.apache.catalina.startup.VersionLoggerListener.log Command line argument: --add-opens=java.rmi/sun.rmi.transport=ALL-UNNAMED
15-May-2026 17:06:29.318 INFO [main] org.apache.catalina.startup.VersionLoggerListener.log Command line argument: -Djava.util.logging.config.file=/Users/erictran/Downloads/CS157A/CS157A-S1-14/apache-tomcat-9.0.115/conf/logging.properties
15-May-2026 17:06:29.318 INFO [main] org.apache.catalina.startup.VersionLoggerListener.log Command line argument: -Djava.util.logging.manager=org.apache.juli.ClassLoaderLogManager
15-May-2026 17:06:29.318 INFO [main] org.apache.catalina.startup.VersionLoggerListener.log Command line argument: -Djdk.tls.ephemeralDHKeySize=2048
15-May-2026 17:06:29.318 INFO [main] org.apache.catalina.startup.VersionLoggerListener.log Command line argument: -Djava.protocol.handler.pkgs=org.apache.catalina.webresources
15-May-2026 17:06:29.319 INFO [main] org.apache.catalina.startup.VersionLoggerListener.log Command line argument: -Dsun.io.useCanonCaches=false
15-May-2026 17:06:29.319 INFO [main] org.apache.catalina.startup.VersionLoggerListener.log Command line argument: -Dorg.apache.catalina.security.SecurityListener.UMASK=0027
15-May-2026 17:06:29.319 INFO [main] org.apache.catalina.startup.VersionLoggerListener.log Command line argument: -Dignore.endorsed.dirs=
15-May-2026 17:06:29.319 INFO [main] org.apache.catalina.startup.VersionLoggerListener.log Command line argument: -Dcatalina.base=/Users/erictran/Downloads/CS157A/CS157A-S1-14/apache-tomcat-9.0.115
15-May-2026 17:06:29.319 INFO [main] org.apache.catalina.startup.VersionLoggerListener.log Command line argument: -Dcatalina.home=/Users/erictran/Downloads/CS157A/CS157A-S1-14/apache-tomcat-9.0.115
15-May-2026 17:06:29.319 INFO [main] org.apache.catalina.startup.VersionLoggerListener.log Command line argument: -Djava.io.tmpdir=/Users/erictran/Downloads/CS157A/CS157A-S1-14/apache-tomcat-9.0.115/temp
WARNING: A restricted method in java.lang.System has been called
WARNING: java.lang.System::load has been called by org.apache.tomcat.jni.Library in an unnamed module (file:/Users/erictran/Downloads/CS157A/CS157A-S1-14/apache-tomcat-9.0.115/lib/tomcat-jni.jar)
WARNING: Use --enable-native-access=ALL-UNNAMED to avoid a warning for callers in this module
WARNING: Restricted methods will be blocked in a future release unless native access is enabled

15-May-2026 17:06:29.325 INFO [main] org.apache.catalina.core.AprLifecycleListener.lifecycleEvent The Apache Tomcat Native library which allows using OpenSSL was not found on the java.library.path: [/Users/erictran/Library/Java/Extensions:/Library/Java/Extensions:/Network/Library/Java/Extensions:/System/Library/Java/Extensions:/usr/lib/java:.]
15-May-2026 17:06:29.471 INFO [main] org.apache.coyote.AbstractProtocol.init Initializing ProtocolHandler ["http-nio-8080"]
15-May-2026 17:06:29.502 INFO [main] org.apache.catalina.startup.Catalina.load Server initialization in [321] milliseconds
15-May-2026 17:06:29.518 INFO [main] org.apache.catalina.core.StandardService.startInternal Starting service [Catalina]
15-May-2026 17:06:29.518 INFO [main] org.apache.catalina.core.StandardEngine.startInternal Starting Servlet engine: [Apache Tomcat/9.0.115]
15-May-2026 17:06:29.521 INFO [main] org.apache.catalina.startup.HostConfig.deployDirectory Deploying web application directory [/Users/erictran/Downloads/CS157A/CS157A-S1-14/apache-tomcat-9.0.115/webapps/docs]
15-May-2026 17:06:29.726 INFO [main] org.apache.jasper.servlet.TldScanner.scanJars At least one JAR was scanned for TLDs yet contained no TLDs. Enable debug logging for this logger for a complete list of JARs that were scanned but no TLDs were found in them. Skipping unneeded JARs during scanning can improve startup time and JSP compilation time.
15-May-2026 17:06:29.743 INFO [main] org.apache.catalina.startup.HostConfig.deployDirectory Deployment of web application directory [/Users/erictran/Downloads/CS157A/CS157A-S1-14/apache-tomcat-9.0.115/webapps/docs] has finished in [220] ms
15-May-2026 17:06:29.743 INFO [main] org.apache.catalina.startup.HostConfig.deployDirectory Deploying web application directory [/Users/erictran/Downloads/CS157A/CS157A-S1-14/apache-tomcat-9.0.115/webapps/TaskME]
15-May-2026 17:06:29.843 INFO [main] org.apache.jasper.servlet.TldScanner.scanJars At least one JAR was scanned for TLDs yet contained no TLDs. Enable debug logging for this logger for a complete list of JARs that were scanned but no TLDs were found in them. Skipping unneeded JARs during scanning can improve startup time and JSP compilation time.
15-May-2026 17:06:29.852 INFO [main] org.apache.catalina.startup.HostConfig.deployDirectory Deployment of web application directory [/Users/erictran/Downloads/CS157A/CS157A-S1-14/apache-tomcat-9.0.115/webapps/TaskME] has finished in [109] ms
15-May-2026 17:06:29.852 INFO [main] org.apache.catalina.startup.HostConfig.deployDirectory Deploying web application directory [/Users/erictran/Downloads/CS157A/CS157A-S1-14/apache-tomcat-9.0.115/webapps/manager]
15-May-2026 17:06:29.935 INFO [main] org.apache.jasper.servlet.TldScanner.scanJars At least one JAR was scanned for TLDs yet contained no TLDs. Enable debug logging for this logger for a complete list of JARs that were scanned but no TLDs were found in them. Skipping unneeded JARs during scanning can improve startup time and JSP compilation time.
15-May-2026 17:06:29.938 INFO [main] org.apache.catalina.startup.HostConfig.deployDirectory Deployment of web application directory [/Users/erictran/Downloads/CS157A/CS157A-S1-14/apache-tomcat-9.0.115/webapps/manager] has finished in [86] ms
15-May-2026 17:06:29.938 INFO [main] org.apache.catalina.startup.HostConfig.deployDirectory Deploying web application directory [/Users/erictran/Downloads/CS157A/CS157A-S1-14/apache-tomcat-9.0.115/webapps/examples]
15-May-2026 17:06:30.093 INFO [main] org.apache.jasper.servlet.TldScanner.scanJars At least one JAR was scanned for TLDs yet contained no TLDs. Enable debug logging for this logger for a complete list of JARs that were scanned but no TLDs were found in them. Skipping unneeded JARs during scanning can improve startup time and JSP compilation time.
15-May-2026 17:06:30.100 INFO [main] org.apache.catalina.startup.HostConfig.deployDirectory Deployment of web application directory [/Users/erictran/Downloads/CS157A/CS157A-S1-14/apache-tomcat-9.0.115/webapps/examples] has finished in [162] ms
15-May-2026 17:06:30.100 INFO [main] org.apache.catalina.startup.HostConfig.deployDirectory Deploying web application directory [/Users/erictran/Downloads/CS157A/CS157A-S1-14/apache-tomcat-9.0.115/webapps/ROOT]
15-May-2026 17:06:30.174 INFO [main] org.apache.jasper.servlet.TldScanner.scanJars At least one JAR was scanned for TLDs yet contained no TLDs. Enable debug logging for this logger for a complete list of JARs that were scanned but no TLDs were found in them. Skipping unneeded JARs during scanning can improve startup time and JSP compilation time.
15-May-2026 17:06:30.175 INFO [main] org.apache.catalina.startup.HostConfig.deployDirectory Deployment of web application directory [/Users/erictran/Downloads/CS157A/CS157A-S1-14/apache-tomcat-9.0.115/webapps/ROOT] has finished in [75] ms
15-May-2026 17:06:30.176 INFO [main] org.apache.catalina.startup.HostConfig.deployDirectory Deploying web application directory [/Users/erictran/Downloads/CS157A/CS157A-S1-14/apache-tomcat-9.0.115/webapps/host-manager]
15-May-2026 17:06:30.250 INFO [main] org.apache.jasper.servlet.TldScanner.scanJars At least one JAR was scanned for TLDs yet contained no TLDs. Enable debug logging for this logger for a complete list of JARs that were scanned but no TLDs were found in them. Skipping unneeded JARs during scanning can improve startup time and JSP compilation time.
15-May-2026 17:06:30.251 INFO [main] org.apache.catalina.startup.HostConfig.deployDirectory Deployment of web application directory [/Users/erictran/Downloads/CS157A/CS157A-S1-14/apache-tomcat-9.0.115/webapps/host-manager] has finished in [76] ms
15-May-2026 17:06:30.253 INFO [main] org.apache.coyote.AbstractProtocol.start Starting ProtocolHandler ["http-nio-8080"]
15-May-2026 17:06:30.258 INFO [main] org.apache.catalina.startup.Catalina.start Server startup in [755] milliseconds
15-May-2026 17:20:55.412 INFO [main] org.apache.catalina.core.StandardServer.await A valid shutdown command was received via the shutdown port. Stopping the Server instance.
15-May-2026 17:20:55.413 INFO [main] org.apache.coyote.AbstractProtocol.pause Pausing ProtocolHandler ["http-nio-8080"]
15-May-2026 17:20:56.415 INFO [main] org.apache.catalina.core.StandardService.stopInternal Stopping service [Catalina]
15-May-2026 17:20:56.443 INFO [main] org.apache.coyote.AbstractProtocol.stop Stopping ProtocolHandler ["http-nio-8080"]
15-May-2026 17:20:57.046 WARNING [main] org.apache.tomcat.util.net.Acceptor.stopMillis The acceptor thread [http-nio-8080-Acceptor] did not stop cleanly
15-May-2026 17:20:57.051 INFO [main] org.apache.coyote.AbstractProtocol.destroy Destroying ProtocolHandler ["http-nio-8080"]
NOTE: Picked up JDK_JAVA_OPTIONS:  --add-opens=java.base/java.lang=ALL-UNNAMED --add-opens=java.base/java.lang.invoke=ALL-UNNAMED --add-opens=java.base/java.lang.reflect=ALL-UNNAMED --add-opens=java.base/java.io=ALL-UNNAMED --add-opens=java.base/java.util=ALL-UNNAMED --add-opens=java.base/java.util.concurrent=ALL-UNNAMED --add-opens=java.rmi/sun.rmi.transport=ALL-UNNAMED
15-May-2026 17:20:58.641 INFO [main] org.apache.catalina.startup.VersionLoggerListener.log Server version name:   Apache Tomcat/9.0.115
15-May-2026 17:20:58.642 INFO [main] org.apache.catalina.startup.VersionLoggerListener.log Server built:          Jan 21 2026 08:17:26 UTC
15-May-2026 17:20:58.642 INFO [main] org.apache.catalina.startup.VersionLoggerListener.log Server version number: 9.0.115.0
15-May-2026 17:20:58.642 INFO [main] org.apache.catalina.startup.VersionLoggerListener.log OS Name:               Mac OS X
15-May-2026 17:20:58.642 INFO [main] org.apache.catalina.startup.VersionLoggerListener.log OS Version:            26.5
15-May-2026 17:20:58.642 INFO [main] org.apache.catalina.startup.VersionLoggerListener.log Architecture:          aarch64
15-May-2026 17:20:58.642 INFO [main] org.apache.catalina.startup.VersionLoggerListener.log Java Home:             /Library/Java/JavaVirtualMachines/jdk-25.jdk/Contents/Home
15-May-2026 17:20:58.642 INFO [main] org.apache.catalina.startup.VersionLoggerListener.log JVM Version:           25.0.2+10-LTS-69
15-May-2026 17:20:58.642 INFO [main] org.apache.catalina.startup.VersionLoggerListener.log JVM Vendor:            Oracle Corporation
15-May-2026 17:20:58.642 INFO [main] org.apache.catalina.startup.VersionLoggerListener.log CATALINA_BASE:         /Users/erictran/Downloads/CS157A/CS157A-S1-14/apache-tomcat-9.0.115
15-May-2026 17:20:58.642 INFO [main] org.apache.catalina.startup.VersionLoggerListener.log CATALINA_HOME:         /Users/erictran/Downloads/CS157A/CS157A-S1-14/apache-tomcat-9.0.115
15-May-2026 17:20:58.646 INFO [main] org.apache.catalina.startup.VersionLoggerListener.log Command line argument: --add-opens=java.base/java.lang=ALL-UNNAMED
15-May-2026 17:20:58.647 INFO [main] org.apache.catalina.startup.VersionLoggerListener.log Command line argument: --add-opens=java.base/java.lang.invoke=ALL-UNNAMED
15-May-2026 17:20:58.647 INFO [main] org.apache.catalina.startup.VersionLoggerListener.log Command line argument: --add-opens=java.base/java.lang.reflect=ALL-UNNAMED
15-May-2026 17:20:58.647 INFO [main] org.apache.catalina.startup.VersionLoggerListener.log Command line argument: --add-opens=java.base/java.io=ALL-UNNAMED
15-May-2026 17:20:58.647 INFO [main] org.apache.catalina.startup.VersionLoggerListener.log Command line argument: --add-opens=java.base/java.util=ALL-UNNAMED
15-May-2026 17:20:58.647 INFO [main] org.apache.catalina.startup.VersionLoggerListener.log Command line argument: --add-opens=java.base/java.util.concurrent=ALL-UNNAMED
15-May-2026 17:20:58.647 INFO [main] org.apache.catalina.startup.VersionLoggerListener.log Command line argument: --add-opens=java.rmi/sun.rmi.transport=ALL-UNNAMED
15-May-2026 17:20:58.647 INFO [main] org.apache.catalina.startup.VersionLoggerListener.log Command line argument: -Djava.util.logging.config.file=/Users/erictran/Downloads/CS157A/CS157A-S1-14/apache-tomcat-9.0.115/conf/logging.properties
15-May-2026 17:20:58.647 INFO [main] org.apache.catalina.startup.VersionLoggerListener.log Command line argument: -Djava.util.logging.manager=org.apache.juli.ClassLoaderLogManager
15-May-2026 17:20:58.647 INFO [main] org.apache.catalina.startup.VersionLoggerListener.log Command line argument: -Djdk.tls.ephemeralDHKeySize=2048
15-May-2026 17:20:58.647 INFO [main] org.apache.catalina.startup.VersionLoggerListener.log Command line argument: -Djava.protocol.handler.pkgs=org.apache.catalina.webresources
15-May-2026 17:20:58.647 INFO [main] org.apache.catalina.startup.VersionLoggerListener.log Command line argument: -Dsun.io.useCanonCaches=false
15-May-2026 17:20:58.647 INFO [main] org.apache.catalina.startup.VersionLoggerListener.log Command line argument: -Dorg.apache.catalina.security.SecurityListener.UMASK=0027
15-May-2026 17:20:58.647 INFO [main] org.apache.catalina.startup.VersionLoggerListener.log Command line argument: -Dignore.endorsed.dirs=
15-May-2026 17:20:58.647 INFO [main] org.apache.catalina.startup.VersionLoggerListener.log Command line argument: -Dcatalina.base=/Users/erictran/Downloads/CS157A/CS157A-S1-14/apache-tomcat-9.0.115
15-May-2026 17:20:58.647 INFO [main] org.apache.catalina.startup.VersionLoggerListener.log Command line argument: -Dcatalina.home=/Users/erictran/Downloads/CS157A/CS157A-S1-14/apache-tomcat-9.0.115
15-May-2026 17:20:58.647 INFO [main] org.apache.catalina.startup.VersionLoggerListener.log Command line argument: -Djava.io.tmpdir=/Users/erictran/Downloads/CS157A/CS157A-S1-14/apache-tomcat-9.0.115/temp
WARNING: A restricted method in java.lang.System has been called
WARNING: java.lang.System::load has been called by org.apache.tomcat.jni.Library in an unnamed module (file:/Users/erictran/Downloads/CS157A/CS157A-S1-14/apache-tomcat-9.0.115/lib/tomcat-jni.jar)
WARNING: Use --enable-native-access=ALL-UNNAMED to avoid a warning for callers in this module
WARNING: Restricted methods will be blocked in a future release unless native access is enabled

15-May-2026 17:20:58.653 INFO [main] org.apache.catalina.core.AprLifecycleListener.lifecycleEvent The Apache Tomcat Native library which allows using OpenSSL was not found on the java.library.path: [/Users/erictran/Library/Java/Extensions:/Library/Java/Extensions:/Network/Library/Java/Extensions:/System/Library/Java/Extensions:/usr/lib/java:.]
15-May-2026 17:20:58.774 INFO [main] org.apache.coyote.AbstractProtocol.init Initializing ProtocolHandler ["http-nio-8080"]
15-May-2026 17:20:58.784 INFO [main] org.apache.catalina.startup.Catalina.load Server initialization in [213] milliseconds
15-May-2026 17:20:58.796 INFO [main] org.apache.catalina.core.StandardService.startInternal Starting service [Catalina]
15-May-2026 17:20:58.796 INFO [main] org.apache.catalina.core.StandardEngine.startInternal Starting Servlet engine: [Apache Tomcat/9.0.115]
15-May-2026 17:20:58.799 INFO [main] org.apache.catalina.startup.HostConfig.deployDirectory Deploying web application directory [/Users/erictran/Downloads/CS157A/CS157A-S1-14/apache-tomcat-9.0.115/webapps/docs]
15-May-2026 17:20:58.988 INFO [main] org.apache.jasper.servlet.TldScanner.scanJars At least one JAR was scanned for TLDs yet contained no TLDs. Enable debug logging for this logger for a complete list of JARs that were scanned but no TLDs were found in them. Skipping unneeded JARs during scanning can improve startup time and JSP compilation time.
15-May-2026 17:20:59.001 INFO [main] org.apache.catalina.startup.HostConfig.deployDirectory Deployment of web application directory [/Users/erictran/Downloads/CS157A/CS157A-S1-14/apache-tomcat-9.0.115/webapps/docs] has finished in [200] ms
15-May-2026 17:20:59.001 INFO [main] org.apache.catalina.startup.HostConfig.deployDirectory Deploying web application directory [/Users/erictran/Downloads/CS157A/CS157A-S1-14/apache-tomcat-9.0.115/webapps/TaskME]
15-May-2026 17:20:59.090 INFO [main] org.apache.jasper.servlet.TldScanner.scanJars At least one JAR was scanned for TLDs yet contained no TLDs. Enable debug logging for this logger for a complete list of JARs that were scanned but no TLDs were found in them. Skipping unneeded JARs during scanning can improve startup time and JSP compilation time.
15-May-2026 17:20:59.096 INFO [main] org.apache.catalina.startup.HostConfig.deployDirectory Deployment of web application directory [/Users/erictran/Downloads/CS157A/CS157A-S1-14/apache-tomcat-9.0.115/webapps/TaskME] has finished in [95] ms
15-May-2026 17:20:59.096 INFO [main] org.apache.catalina.startup.HostConfig.deployDirectory Deploying web application directory [/Users/erictran/Downloads/CS157A/CS157A-S1-14/apache-tomcat-9.0.115/webapps/manager]
15-May-2026 17:20:59.170 INFO [main] org.apache.jasper.servlet.TldScanner.scanJars At least one JAR was scanned for TLDs yet contained no TLDs. Enable debug logging for this logger for a complete list of JARs that were scanned but no TLDs were found in them. Skipping unneeded JARs during scanning can improve startup time and JSP compilation time.
15-May-2026 17:20:59.172 INFO [main] org.apache.catalina.startup.HostConfig.deployDirectory Deployment of web application directory [/Users/erictran/Downloads/CS157A/CS157A-S1-14/apache-tomcat-9.0.115/webapps/manager] has finished in [76] ms
15-May-2026 17:20:59.172 INFO [main] org.apache.catalina.startup.HostConfig.deployDirectory Deploying web application directory [/Users/erictran/Downloads/CS157A/CS157A-S1-14/apache-tomcat-9.0.115/webapps/examples]
15-May-2026 17:20:59.297 INFO [main] org.apache.jasper.servlet.TldScanner.scanJars At least one JAR was scanned for TLDs yet contained no TLDs. Enable debug logging for this logger for a complete list of JARs that were scanned but no TLDs were found in them. Skipping unneeded JARs during scanning can improve startup time and JSP compilation time.
15-May-2026 17:20:59.304 INFO [main] org.apache.catalina.startup.HostConfig.deployDirectory Deployment of web application directory [/Users/erictran/Downloads/CS157A/CS157A-S1-14/apache-tomcat-9.0.115/webapps/examples] has finished in [132] ms
15-May-2026 17:20:59.304 INFO [main] org.apache.catalina.startup.HostConfig.deployDirectory Deploying web application directory [/Users/erictran/Downloads/CS157A/CS157A-S1-14/apache-tomcat-9.0.115/webapps/ROOT]
15-May-2026 17:20:59.369 INFO [main] org.apache.jasper.servlet.TldScanner.scanJars At least one JAR was scanned for TLDs yet contained no TLDs. Enable debug logging for this logger for a complete list of JARs that were scanned but no TLDs were found in them. Skipping unneeded JARs during scanning can improve startup time and JSP compilation time.
15-May-2026 17:20:59.370 INFO [main] org.apache.catalina.startup.HostConfig.deployDirectory Deployment of web application directory [/Users/erictran/Downloads/CS157A/CS157A-S1-14/apache-tomcat-9.0.115/webapps/ROOT] has finished in [66] ms
15-May-2026 17:20:59.370 INFO [main] org.apache.catalina.startup.HostConfig.deployDirectory Deploying web application directory [/Users/erictran/Downloads/CS157A/CS157A-S1-14/apache-tomcat-9.0.115/webapps/host-manager]
15-May-2026 17:20:59.437 INFO [main] org.apache.jasper.servlet.TldScanner.scanJars At least one JAR was scanned for TLDs yet contained no TLDs. Enable debug logging for this logger for a complete list of JARs that were scanned but no TLDs were found in them. Skipping unneeded JARs during scanning can improve startup time and JSP compilation time.
15-May-2026 17:20:59.438 INFO [main] org.apache.catalina.startup.HostConfig.deployDirectory Deployment of web application directory [/Users/erictran/Downloads/CS157A/CS157A-S1-14/apache-tomcat-9.0.115/webapps/host-manager] has finished in [68] ms
15-May-2026 17:20:59.439 INFO [main] org.apache.coyote.AbstractProtocol.start Starting ProtocolHandler ["http-nio-8080"]
15-May-2026 17:20:59.443 INFO [main] org.apache.catalina.startup.Catalina.start Server startup in [658] milliseconds
15-May-2026 17:24:51.696 INFO [main] org.apache.catalina.core.StandardServer.await A valid shutdown command was received via the shutdown port. Stopping the Server instance.
15-May-2026 17:24:51.697 INFO [main] org.apache.coyote.AbstractProtocol.pause Pausing ProtocolHandler ["http-nio-8080"]
15-May-2026 17:24:52.699 INFO [main] org.apache.catalina.core.StandardService.stopInternal Stopping service [Catalina]
15-May-2026 17:24:52.727 INFO [main] org.apache.coyote.AbstractProtocol.stop Stopping ProtocolHandler ["http-nio-8080"]
15-May-2026 17:24:53.331 WARNING [main] org.apache.tomcat.util.net.Acceptor.stopMillis The acceptor thread [http-nio-8080-Acceptor] did not stop cleanly
15-May-2026 17:24:53.338 INFO [main] org.apache.coyote.AbstractProtocol.destroy Destroying ProtocolHandler ["http-nio-8080"]
NOTE: Picked up JDK_JAVA_OPTIONS:  --add-opens=java.base/java.lang=ALL-UNNAMED --add-opens=java.base/java.lang.invoke=ALL-UNNAMED --add-opens=java.base/java.lang.reflect=ALL-UNNAMED --add-opens=java.base/java.io=ALL-UNNAMED --add-opens=java.base/java.util=ALL-UNNAMED --add-opens=java.base/java.util.concurrent=ALL-UNNAMED --add-opens=java.rmi/sun.rmi.transport=ALL-UNNAMED
15-May-2026 17:24:58.653 INFO [main] org.apache.catalina.startup.VersionLoggerListener.log Server version name:   Apache Tomcat/9.0.115
15-May-2026 17:24:58.654 INFO [main] org.apache.catalina.startup.VersionLoggerListener.log Server built:          Jan 21 2026 08:17:26 UTC
15-May-2026 17:24:58.654 INFO [main] org.apache.catalina.startup.VersionLoggerListener.log Server version number: 9.0.115.0
15-May-2026 17:24:58.654 INFO [main] org.apache.catalina.startup.VersionLoggerListener.log OS Name:               Mac OS X
15-May-2026 17:24:58.654 INFO [main] org.apache.catalina.startup.VersionLoggerListener.log OS Version:            26.5
15-May-2026 17:24:58.654 INFO [main] org.apache.catalina.startup.VersionLoggerListener.log Architecture:          aarch64
15-May-2026 17:24:58.654 INFO [main] org.apache.catalina.startup.VersionLoggerListener.log Java Home:             /Library/Java/JavaVirtualMachines/jdk-25.jdk/Contents/Home
15-May-2026 17:24:58.654 INFO [main] org.apache.catalina.startup.VersionLoggerListener.log JVM Version:           25.0.2+10-LTS-69
15-May-2026 17:24:58.654 INFO [main] org.apache.catalina.startup.VersionLoggerListener.log JVM Vendor:            Oracle Corporation
15-May-2026 17:24:58.654 INFO [main] org.apache.catalina.startup.VersionLoggerListener.log CATALINA_BASE:         /Users/erictran/Downloads/CS157A/CS157A-S1-14/apache-tomcat-9.0.115
15-May-2026 17:24:58.655 INFO [main] org.apache.catalina.startup.VersionLoggerListener.log CATALINA_HOME:         /Users/erictran/Downloads/CS157A/CS157A-S1-14/apache-tomcat-9.0.115
15-May-2026 17:24:58.658 INFO [main] org.apache.catalina.startup.VersionLoggerListener.log Command line argument: --add-opens=java.base/java.lang=ALL-UNNAMED
15-May-2026 17:24:58.658 INFO [main] org.apache.catalina.startup.VersionLoggerListener.log Command line argument: --add-opens=java.base/java.lang.invoke=ALL-UNNAMED
15-May-2026 17:24:58.658 INFO [main] org.apache.catalina.startup.VersionLoggerListener.log Command line argument: --add-opens=java.base/java.lang.reflect=ALL-UNNAMED
15-May-2026 17:24:58.658 INFO [main] org.apache.catalina.startup.VersionLoggerListener.log Command line argument: --add-opens=java.base/java.io=ALL-UNNAMED
15-May-2026 17:24:58.658 INFO [main] org.apache.catalina.startup.VersionLoggerListener.log Command line argument: --add-opens=java.base/java.util=ALL-UNNAMED
15-May-2026 17:24:58.658 INFO [main] org.apache.catalina.startup.VersionLoggerListener.log Command line argument: --add-opens=java.base/java.util.concurrent=ALL-UNNAMED
15-May-2026 17:24:58.658 INFO [main] org.apache.catalina.startup.VersionLoggerListener.log Command line argument: --add-opens=java.rmi/sun.rmi.transport=ALL-UNNAMED
15-May-2026 17:24:58.658 INFO [main] org.apache.catalina.startup.VersionLoggerListener.log Command line argument: -Djava.util.logging.config.file=/Users/erictran/Downloads/CS157A/CS157A-S1-14/apache-tomcat-9.0.115/conf/logging.properties
15-May-2026 17:24:58.659 INFO [main] org.apache.catalina.startup.VersionLoggerListener.log Command line argument: -Djava.util.logging.manager=org.apache.juli.ClassLoaderLogManager
15-May-2026 17:24:58.659 INFO [main] org.apache.catalina.startup.VersionLoggerListener.log Command line argument: -Djdk.tls.ephemeralDHKeySize=2048
15-May-2026 17:24:58.659 INFO [main] org.apache.catalina.startup.VersionLoggerListener.log Command line argument: -Djava.protocol.handler.pkgs=org.apache.catalina.webresources
15-May-2026 17:24:58.659 INFO [main] org.apache.catalina.startup.VersionLoggerListener.log Command line argument: -Dsun.io.useCanonCaches=false
15-May-2026 17:24:58.659 INFO [main] org.apache.catalina.startup.VersionLoggerListener.log Command line argument: -Dorg.apache.catalina.security.SecurityListener.UMASK=0027
15-May-2026 17:24:58.659 INFO [main] org.apache.catalina.startup.VersionLoggerListener.log Command line argument: -Dignore.endorsed.dirs=
15-May-2026 17:24:58.659 INFO [main] org.apache.catalina.startup.VersionLoggerListener.log Command line argument: -Dcatalina.base=/Users/erictran/Downloads/CS157A/CS157A-S1-14/apache-tomcat-9.0.115
15-May-2026 17:24:58.659 INFO [main] org.apache.catalina.startup.VersionLoggerListener.log Command line argument: -Dcatalina.home=/Users/erictran/Downloads/CS157A/CS157A-S1-14/apache-tomcat-9.0.115
15-May-2026 17:24:58.659 INFO [main] org.apache.catalina.startup.VersionLoggerListener.log Command line argument: -Djava.io.tmpdir=/Users/erictran/Downloads/CS157A/CS157A-S1-14/apache-tomcat-9.0.115/temp
WARNING: A restricted method in java.lang.System has been called
WARNING: java.lang.System::load has been called by org.apache.tomcat.jni.Library in an unnamed module (file:/Users/erictran/Downloads/CS157A/CS157A-S1-14/apache-tomcat-9.0.115/lib/tomcat-jni.jar)
WARNING: Use --enable-native-access=ALL-UNNAMED to avoid a warning for callers in this module
WARNING: Restricted methods will be blocked in a future release unless native access is enabled

15-May-2026 17:24:58.664 INFO [main] org.apache.catalina.core.AprLifecycleListener.lifecycleEvent The Apache Tomcat Native library which allows using OpenSSL was not found on the java.library.path: [/Users/erictran/Library/Java/Extensions:/Library/Java/Extensions:/Network/Library/Java/Extensions:/System/Library/Java/Extensions:/usr/lib/java:.]
15-May-2026 17:24:58.783 INFO [main] org.apache.coyote.AbstractProtocol.init Initializing ProtocolHandler ["http-nio-8080"]
15-May-2026 17:24:58.793 INFO [main] org.apache.catalina.startup.Catalina.load Server initialization in [208] milliseconds
15-May-2026 17:24:58.805 INFO [main] org.apache.catalina.core.StandardService.startInternal Starting service [Catalina]
15-May-2026 17:24:58.805 INFO [main] org.apache.catalina.core.StandardEngine.startInternal Starting Servlet engine: [Apache Tomcat/9.0.115]
15-May-2026 17:24:58.808 INFO [main] org.apache.catalina.startup.HostConfig.deployDirectory Deploying web application directory [/Users/erictran/Downloads/CS157A/CS157A-S1-14/apache-tomcat-9.0.115/webapps/docs]
15-May-2026 17:24:58.977 INFO [main] org.apache.jasper.servlet.TldScanner.scanJars At least one JAR was scanned for TLDs yet contained no TLDs. Enable debug logging for this logger for a complete list of JARs that were scanned but no TLDs were found in them. Skipping unneeded JARs during scanning can improve startup time and JSP compilation time.
15-May-2026 17:24:58.990 INFO [main] org.apache.catalina.startup.HostConfig.deployDirectory Deployment of web application directory [/Users/erictran/Downloads/CS157A/CS157A-S1-14/apache-tomcat-9.0.115/webapps/docs] has finished in [181] ms
15-May-2026 17:24:58.990 INFO [main] org.apache.catalina.startup.HostConfig.deployDirectory Deploying web application directory [/Users/erictran/Downloads/CS157A/CS157A-S1-14/apache-tomcat-9.0.115/webapps/TaskME]
15-May-2026 17:24:59.078 INFO [main] org.apache.jasper.servlet.TldScanner.scanJars At least one JAR was scanned for TLDs yet contained no TLDs. Enable debug logging for this logger for a complete list of JARs that were scanned but no TLDs were found in them. Skipping unneeded JARs during scanning can improve startup time and JSP compilation time.
15-May-2026 17:24:59.085 INFO [main] org.apache.catalina.startup.HostConfig.deployDirectory Deployment of web application directory [/Users/erictran/Downloads/CS157A/CS157A-S1-14/apache-tomcat-9.0.115/webapps/TaskME] has finished in [95] ms
15-May-2026 17:24:59.085 INFO [main] org.apache.catalina.startup.HostConfig.deployDirectory Deploying web application directory [/Users/erictran/Downloads/CS157A/CS157A-S1-14/apache-tomcat-9.0.115/webapps/manager]
15-May-2026 17:24:59.160 INFO [main] org.apache.jasper.servlet.TldScanner.scanJars At least one JAR was scanned for TLDs yet contained no TLDs. Enable debug logging for this logger for a complete list of JARs that were scanned but no TLDs were found in them. Skipping unneeded JARs during scanning can improve startup time and JSP compilation time.
15-May-2026 17:24:59.163 INFO [main] org.apache.catalina.startup.HostConfig.deployDirectory Deployment of web application directory [/Users/erictran/Downloads/CS157A/CS157A-S1-14/apache-tomcat-9.0.115/webapps/manager] has finished in [78] ms
15-May-2026 17:24:59.163 INFO [main] org.apache.catalina.startup.HostConfig.deployDirectory Deploying web application directory [/Users/erictran/Downloads/CS157A/CS157A-S1-14/apache-tomcat-9.0.115/webapps/examples]
15-May-2026 17:24:59.290 INFO [main] org.apache.jasper.servlet.TldScanner.scanJars At least one JAR was scanned for TLDs yet contained no TLDs. Enable debug logging for this logger for a complete list of JARs that were scanned but no TLDs were found in them. Skipping unneeded JARs during scanning can improve startup time and JSP compilation time.
15-May-2026 17:24:59.296 INFO [main] org.apache.catalina.startup.HostConfig.deployDirectory Deployment of web application directory [/Users/erictran/Downloads/CS157A/CS157A-S1-14/apache-tomcat-9.0.115/webapps/examples] has finished in [133] ms
15-May-2026 17:24:59.296 INFO [main] org.apache.catalina.startup.HostConfig.deployDirectory Deploying web application directory [/Users/erictran/Downloads/CS157A/CS157A-S1-14/apache-tomcat-9.0.115/webapps/ROOT]
15-May-2026 17:24:59.361 INFO [main] org.apache.jasper.servlet.TldScanner.scanJars At least one JAR was scanned for TLDs yet contained no TLDs. Enable debug logging for this logger for a complete list of JARs that were scanned but no TLDs were found in them. Skipping unneeded JARs during scanning can improve startup time and JSP compilation time.
15-May-2026 17:24:59.361 INFO [main] org.apache.catalina.startup.HostConfig.deployDirectory Deployment of web application directory [/Users/erictran/Downloads/CS157A/CS157A-S1-14/apache-tomcat-9.0.115/webapps/ROOT] has finished in [65] ms
15-May-2026 17:24:59.361 INFO [main] org.apache.catalina.startup.HostConfig.deployDirectory Deploying web application directory [/Users/erictran/Downloads/CS157A/CS157A-S1-14/apache-tomcat-9.0.115/webapps/host-manager]
15-May-2026 17:24:59.428 INFO [main] org.apache.jasper.servlet.TldScanner.scanJars At least one JAR was scanned for TLDs yet contained no TLDs. Enable debug logging for this logger for a complete list of JARs that were scanned but no TLDs were found in them. Skipping unneeded JARs during scanning can improve startup time and JSP compilation time.
15-May-2026 17:24:59.429 INFO [main] org.apache.catalina.startup.HostConfig.deployDirectory Deployment of web application directory [/Users/erictran/Downloads/CS157A/CS157A-S1-14/apache-tomcat-9.0.115/webapps/host-manager] has finished in [68] ms
15-May-2026 17:24:59.430 INFO [main] org.apache.coyote.AbstractProtocol.start Starting ProtocolHandler ["http-nio-8080"]
15-May-2026 17:24:59.434 INFO [main] org.apache.catalina.startup.Catalina.start Server startup in [640] milliseconds
15-May-2026 17:26:59.537 INFO [main] org.apache.catalina.core.StandardServer.await A valid shutdown command was received via the shutdown port. Stopping the Server instance.
15-May-2026 17:26:59.538 INFO [main] org.apache.coyote.AbstractProtocol.pause Pausing ProtocolHandler ["http-nio-8080"]
15-May-2026 17:27:00.541 INFO [main] org.apache.catalina.core.StandardService.stopInternal Stopping service [Catalina]
15-May-2026 17:27:00.567 INFO [main] org.apache.coyote.AbstractProtocol.stop Stopping ProtocolHandler ["http-nio-8080"]
15-May-2026 17:27:01.173 WARNING [main] org.apache.tomcat.util.net.Acceptor.stopMillis The acceptor thread [http-nio-8080-Acceptor] did not stop cleanly
15-May-2026 17:27:01.177 INFO [main] org.apache.coyote.AbstractProtocol.destroy Destroying ProtocolHandler ["http-nio-8080"]
NOTE: Picked up JDK_JAVA_OPTIONS:  --add-opens=java.base/java.lang=ALL-UNNAMED --add-opens=java.base/java.lang.invoke=ALL-UNNAMED --add-opens=java.base/java.lang.reflect=ALL-UNNAMED --add-opens=java.base/java.io=ALL-UNNAMED --add-opens=java.base/java.util=ALL-UNNAMED --add-opens=java.base/java.util.concurrent=ALL-UNNAMED --add-opens=java.rmi/sun.rmi.transport=ALL-UNNAMED
15-May-2026 17:27:25.223 INFO [main] org.apache.catalina.startup.VersionLoggerListener.log Server version name:   Apache Tomcat/9.0.115
15-May-2026 17:27:25.225 INFO [main] org.apache.catalina.startup.VersionLoggerListener.log Server built:          Jan 21 2026 08:17:26 UTC
15-May-2026 17:27:25.225 INFO [main] org.apache.catalina.startup.VersionLoggerListener.log Server version number: 9.0.115.0
15-May-2026 17:27:25.225 INFO [main] org.apache.catalina.startup.VersionLoggerListener.log OS Name:               Mac OS X
15-May-2026 17:27:25.225 INFO [main] org.apache.catalina.startup.VersionLoggerListener.log OS Version:            26.5
15-May-2026 17:27:25.225 INFO [main] org.apache.catalina.startup.VersionLoggerListener.log Architecture:          aarch64
15-May-2026 17:27:25.225 INFO [main] org.apache.catalina.startup.VersionLoggerListener.log Java Home:             /Library/Java/JavaVirtualMachines/jdk-25.jdk/Contents/Home
15-May-2026 17:27:25.225 INFO [main] org.apache.catalina.startup.VersionLoggerListener.log JVM Version:           25.0.2+10-LTS-69
15-May-2026 17:27:25.225 INFO [main] org.apache.catalina.startup.VersionLoggerListener.log JVM Vendor:            Oracle Corporation
15-May-2026 17:27:25.225 INFO [main] org.apache.catalina.startup.VersionLoggerListener.log CATALINA_BASE:         /Users/erictran/Downloads/CS157A/CS157A-S1-14/apache-tomcat-9.0.115
15-May-2026 17:27:25.225 INFO [main] org.apache.catalina.startup.VersionLoggerListener.log CATALINA_HOME:         /Users/erictran/Downloads/CS157A/CS157A-S1-14/apache-tomcat-9.0.115
15-May-2026 17:27:25.230 INFO [main] org.apache.catalina.startup.VersionLoggerListener.log Command line argument: --add-opens=java.base/java.lang=ALL-UNNAMED
15-May-2026 17:27:25.230 INFO [main] org.apache.catalina.startup.VersionLoggerListener.log Command line argument: --add-opens=java.base/java.lang.invoke=ALL-UNNAMED
15-May-2026 17:27:25.230 INFO [main] org.apache.catalina.startup.VersionLoggerListener.log Command line argument: --add-opens=java.base/java.lang.reflect=ALL-UNNAMED
15-May-2026 17:27:25.230 INFO [main] org.apache.catalina.startup.VersionLoggerListener.log Command line argument: --add-opens=java.base/java.io=ALL-UNNAMED
15-May-2026 17:27:25.230 INFO [main] org.apache.catalina.startup.VersionLoggerListener.log Command line argument: --add-opens=java.base/java.util=ALL-UNNAMED
15-May-2026 17:27:25.230 INFO [main] org.apache.catalina.startup.VersionLoggerListener.log Command line argument: --add-opens=java.base/java.util.concurrent=ALL-UNNAMED
15-May-2026 17:27:25.231 INFO [main] org.apache.catalina.startup.VersionLoggerListener.log Command line argument: --add-opens=java.rmi/sun.rmi.transport=ALL-UNNAMED
15-May-2026 17:27:25.231 INFO [main] org.apache.catalina.startup.VersionLoggerListener.log Command line argument: -Djava.util.logging.config.file=/Users/erictran/Downloads/CS157A/CS157A-S1-14/apache-tomcat-9.0.115/conf/logging.properties
15-May-2026 17:27:25.231 INFO [main] org.apache.catalina.startup.VersionLoggerListener.log Command line argument: -Djava.util.logging.manager=org.apache.juli.ClassLoaderLogManager
15-May-2026 17:27:25.231 INFO [main] org.apache.catalina.startup.VersionLoggerListener.log Command line argument: -Djdk.tls.ephemeralDHKeySize=2048
15-May-2026 17:27:25.231 INFO [main] org.apache.catalina.startup.VersionLoggerListener.log Command line argument: -Djava.protocol.handler.pkgs=org.apache.catalina.webresources
15-May-2026 17:27:25.231 INFO [main] org.apache.catalina.startup.VersionLoggerListener.log Command line argument: -Dsun.io.useCanonCaches=false
15-May-2026 17:27:25.231 INFO [main] org.apache.catalina.startup.VersionLoggerListener.log Command line argument: -Dorg.apache.catalina.security.SecurityListener.UMASK=0027
15-May-2026 17:27:25.231 INFO [main] org.apache.catalina.startup.VersionLoggerListener.log Command line argument: -Dignore.endorsed.dirs=
15-May-2026 17:27:25.231 INFO [main] org.apache.catalina.startup.VersionLoggerListener.log Command line argument: -Dcatalina.base=/Users/erictran/Downloads/CS157A/CS157A-S1-14/apache-tomcat-9.0.115
15-May-2026 17:27:25.231 INFO [main] org.apache.catalina.startup.VersionLoggerListener.log Command line argument: -Dcatalina.home=/Users/erictran/Downloads/CS157A/CS157A-S1-14/apache-tomcat-9.0.115
15-May-2026 17:27:25.231 INFO [main] org.apache.catalina.startup.VersionLoggerListener.log Command line argument: -Djava.io.tmpdir=/Users/erictran/Downloads/CS157A/CS157A-S1-14/apache-tomcat-9.0.115/temp
WARNING: A restricted method in java.lang.System has been called
WARNING: java.lang.System::load has been called by org.apache.tomcat.jni.Library in an unnamed module (file:/Users/erictran/Downloads/CS157A/CS157A-S1-14/apache-tomcat-9.0.115/lib/tomcat-jni.jar)
WARNING: Use --enable-native-access=ALL-UNNAMED to avoid a warning for callers in this module
WARNING: Restricted methods will be blocked in a future release unless native access is enabled

15-May-2026 17:27:25.237 INFO [main] org.apache.catalina.core.AprLifecycleListener.lifecycleEvent The Apache Tomcat Native library which allows using OpenSSL was not found on the java.library.path: [/Users/erictran/Library/Java/Extensions:/Library/Java/Extensions:/Network/Library/Java/Extensions:/System/Library/Java/Extensions:/usr/lib/java:.]
15-May-2026 17:27:25.363 INFO [main] org.apache.coyote.AbstractProtocol.init Initializing ProtocolHandler ["http-nio-8080"]
15-May-2026 17:27:25.376 INFO [main] org.apache.catalina.startup.Catalina.load Server initialization in [225] milliseconds
15-May-2026 17:27:25.389 INFO [main] org.apache.catalina.core.StandardService.startInternal Starting service [Catalina]
15-May-2026 17:27:25.389 INFO [main] org.apache.catalina.core.StandardEngine.startInternal Starting Servlet engine: [Apache Tomcat/9.0.115]
15-May-2026 17:27:25.392 INFO [main] org.apache.catalina.startup.HostConfig.deployDirectory Deploying web application directory [/Users/erictran/Downloads/CS157A/CS157A-S1-14/apache-tomcat-9.0.115/webapps/docs]
15-May-2026 17:27:25.587 INFO [main] org.apache.jasper.servlet.TldScanner.scanJars At least one JAR was scanned for TLDs yet contained no TLDs. Enable debug logging for this logger for a complete list of JARs that were scanned but no TLDs were found in them. Skipping unneeded JARs during scanning can improve startup time and JSP compilation time.
15-May-2026 17:27:25.599 INFO [main] org.apache.catalina.startup.HostConfig.deployDirectory Deployment of web application directory [/Users/erictran/Downloads/CS157A/CS157A-S1-14/apache-tomcat-9.0.115/webapps/docs] has finished in [206] ms
15-May-2026 17:27:25.599 INFO [main] org.apache.catalina.startup.HostConfig.deployDirectory Deploying web application directory [/Users/erictran/Downloads/CS157A/CS157A-S1-14/apache-tomcat-9.0.115/webapps/TaskME]
15-May-2026 17:27:25.692 INFO [main] org.apache.jasper.servlet.TldScanner.scanJars At least one JAR was scanned for TLDs yet contained no TLDs. Enable debug logging for this logger for a complete list of JARs that were scanned but no TLDs were found in them. Skipping unneeded JARs during scanning can improve startup time and JSP compilation time.
15-May-2026 17:27:25.699 INFO [main] org.apache.catalina.startup.HostConfig.deployDirectory Deployment of web application directory [/Users/erictran/Downloads/CS157A/CS157A-S1-14/apache-tomcat-9.0.115/webapps/TaskME] has finished in [100] ms
15-May-2026 17:27:25.699 INFO [main] org.apache.catalina.startup.HostConfig.deployDirectory Deploying web application directory [/Users/erictran/Downloads/CS157A/CS157A-S1-14/apache-tomcat-9.0.115/webapps/manager]
15-May-2026 17:27:25.775 INFO [main] org.apache.jasper.servlet.TldScanner.scanJars At least one JAR was scanned for TLDs yet contained no TLDs. Enable debug logging for this logger for a complete list of JARs that were scanned but no TLDs were found in them. Skipping unneeded JARs during scanning can improve startup time and JSP compilation time.
15-May-2026 17:27:25.778 INFO [main] org.apache.catalina.startup.HostConfig.deployDirectory Deployment of web application directory [/Users/erictran/Downloads/CS157A/CS157A-S1-14/apache-tomcat-9.0.115/webapps/manager] has finished in [79] ms
15-May-2026 17:27:25.778 INFO [main] org.apache.catalina.startup.HostConfig.deployDirectory Deploying web application directory [/Users/erictran/Downloads/CS157A/CS157A-S1-14/apache-tomcat-9.0.115/webapps/examples]
15-May-2026 17:27:25.907 INFO [main] org.apache.jasper.servlet.TldScanner.scanJars At least one JAR was scanned for TLDs yet contained no TLDs. Enable debug logging for this logger for a complete list of JARs that were scanned but no TLDs were found in them. Skipping unneeded JARs during scanning can improve startup time and JSP compilation time.
15-May-2026 17:27:25.913 INFO [main] org.apache.catalina.startup.HostConfig.deployDirectory Deployment of web application directory [/Users/erictran/Downloads/CS157A/CS157A-S1-14/apache-tomcat-9.0.115/webapps/examples] has finished in [135] ms
15-May-2026 17:27:25.914 INFO [main] org.apache.catalina.startup.HostConfig.deployDirectory Deploying web application directory [/Users/erictran/Downloads/CS157A/CS157A-S1-14/apache-tomcat-9.0.115/webapps/ROOT]
15-May-2026 17:27:25.988 INFO [main] org.apache.jasper.servlet.TldScanner.scanJars At least one JAR was scanned for TLDs yet contained no TLDs. Enable debug logging for this logger for a complete list of JARs that were scanned but no TLDs were found in them. Skipping unneeded JARs during scanning can improve startup time and JSP compilation time.
15-May-2026 17:27:25.989 INFO [main] org.apache.catalina.startup.HostConfig.deployDirectory Deployment of web application directory [/Users/erictran/Downloads/CS157A/CS157A-S1-14/apache-tomcat-9.0.115/webapps/ROOT] has finished in [75] ms
15-May-2026 17:27:25.989 INFO [main] org.apache.catalina.startup.HostConfig.deployDirectory Deploying web application directory [/Users/erictran/Downloads/CS157A/CS157A-S1-14/apache-tomcat-9.0.115/webapps/host-manager]
15-May-2026 17:27:26.061 INFO [main] org.apache.jasper.servlet.TldScanner.scanJars At least one JAR was scanned for TLDs yet contained no TLDs. Enable debug logging for this logger for a complete list of JARs that were scanned but no TLDs were found in them. Skipping unneeded JARs during scanning can improve startup time and JSP compilation time.
15-May-2026 17:27:26.061 INFO [main] org.apache.catalina.startup.HostConfig.deployDirectory Deployment of web application directory [/Users/erictran/Downloads/CS157A/CS157A-S1-14/apache-tomcat-9.0.115/webapps/host-manager] has finished in [72] ms
15-May-2026 17:27:26.063 INFO [main] org.apache.coyote.AbstractProtocol.start Starting ProtocolHandler ["http-nio-8080"]
15-May-2026 17:27:26.066 INFO [main] org.apache.catalina.startup.Catalina.start Server startup in [689] milliseconds
15-May-2026 17:32:06.245 INFO [Catalina-utility-1] org.apache.catalina.startup.HostConfig.reload Reloading context [/TaskME]
15-May-2026 17:32:06.247 INFO [Catalina-utility-1] org.apache.catalina.core.StandardContext.reload Reloading Context with name [/TaskME] has started
15-May-2026 17:32:06.379 INFO [Catalina-utility-1] org.apache.jasper.servlet.TldScanner.scanJars At least one JAR was scanned for TLDs yet contained no TLDs. Enable debug logging for this logger for a complete list of JARs that were scanned but no TLDs were found in them. Skipping unneeded JARs during scanning can improve startup time and JSP compilation time.
15-May-2026 17:32:06.380 INFO [Catalina-utility-1] org.apache.catalina.core.StandardContext.reload Reloading Context with name [/TaskME] is completed
15-May-2026 17:32:29.564 INFO [main] org.apache.catalina.core.StandardServer.await A valid shutdown command was received via the shutdown port. Stopping the Server instance.
15-May-2026 17:32:29.565 INFO [main] org.apache.coyote.AbstractProtocol.pause Pausing ProtocolHandler ["http-nio-8080"]
15-May-2026 17:32:30.567 INFO [main] org.apache.catalina.core.StandardService.stopInternal Stopping service [Catalina]
15-May-2026 17:32:30.603 INFO [main] org.apache.coyote.AbstractProtocol.stop Stopping ProtocolHandler ["http-nio-8080"]
15-May-2026 17:32:31.206 WARNING [main] org.apache.tomcat.util.net.Acceptor.stopMillis The acceptor thread [http-nio-8080-Acceptor] did not stop cleanly
15-May-2026 17:32:31.212 INFO [main] org.apache.coyote.AbstractProtocol.destroy Destroying ProtocolHandler ["http-nio-8080"]
NOTE: Picked up JDK_JAVA_OPTIONS:  --add-opens=java.base/java.lang=ALL-UNNAMED --add-opens=java.base/java.lang.invoke=ALL-UNNAMED --add-opens=java.base/java.lang.reflect=ALL-UNNAMED --add-opens=java.base/java.io=ALL-UNNAMED --add-opens=java.base/java.util=ALL-UNNAMED --add-opens=java.base/java.util.concurrent=ALL-UNNAMED --add-opens=java.rmi/sun.rmi.transport=ALL-UNNAMED
15-May-2026 17:32:32.771 INFO [main] org.apache.catalina.startup.VersionLoggerListener.log Server version name:   Apache Tomcat/9.0.115
15-May-2026 17:32:32.772 INFO [main] org.apache.catalina.startup.VersionLoggerListener.log Server built:          Jan 21 2026 08:17:26 UTC
15-May-2026 17:32:32.773 INFO [main] org.apache.catalina.startup.VersionLoggerListener.log Server version number: 9.0.115.0
15-May-2026 17:32:32.773 INFO [main] org.apache.catalina.startup.VersionLoggerListener.log OS Name:               Mac OS X
15-May-2026 17:32:32.773 INFO [main] org.apache.catalina.startup.VersionLoggerListener.log OS Version:            26.5
15-May-2026 17:32:32.773 INFO [main] org.apache.catalina.startup.VersionLoggerListener.log Architecture:          aarch64
15-May-2026 17:32:32.773 INFO [main] org.apache.catalina.startup.VersionLoggerListener.log Java Home:             /Library/Java/JavaVirtualMachines/jdk-25.jdk/Contents/Home
15-May-2026 17:32:32.773 INFO [main] org.apache.catalina.startup.VersionLoggerListener.log JVM Version:           25.0.2+10-LTS-69
15-May-2026 17:32:32.773 INFO [main] org.apache.catalina.startup.VersionLoggerListener.log JVM Vendor:            Oracle Corporation
15-May-2026 17:32:32.773 INFO [main] org.apache.catalina.startup.VersionLoggerListener.log CATALINA_BASE:         /Users/erictran/Downloads/CS157A/CS157A-S1-14/apache-tomcat-9.0.115
15-May-2026 17:32:32.773 INFO [main] org.apache.catalina.startup.VersionLoggerListener.log CATALINA_HOME:         /Users/erictran/Downloads/CS157A/CS157A-S1-14/apache-tomcat-9.0.115
15-May-2026 17:32:32.777 INFO [main] org.apache.catalina.startup.VersionLoggerListener.log Command line argument: --add-opens=java.base/java.lang=ALL-UNNAMED
15-May-2026 17:32:32.777 INFO [main] org.apache.catalina.startup.VersionLoggerListener.log Command line argument: --add-opens=java.base/java.lang.invoke=ALL-UNNAMED
15-May-2026 17:32:32.778 INFO [main] org.apache.catalina.startup.VersionLoggerListener.log Command line argument: --add-opens=java.base/java.lang.reflect=ALL-UNNAMED
15-May-2026 17:32:32.778 INFO [main] org.apache.catalina.startup.VersionLoggerListener.log Command line argument: --add-opens=java.base/java.io=ALL-UNNAMED
15-May-2026 17:32:32.778 INFO [main] org.apache.catalina.startup.VersionLoggerListener.log Command line argument: --add-opens=java.base/java.util=ALL-UNNAMED
15-May-2026 17:32:32.778 INFO [main] org.apache.catalina.startup.VersionLoggerListener.log Command line argument: --add-opens=java.base/java.util.concurrent=ALL-UNNAMED
15-May-2026 17:32:32.778 INFO [main] org.apache.catalina.startup.VersionLoggerListener.log Command line argument: --add-opens=java.rmi/sun.rmi.transport=ALL-UNNAMED
15-May-2026 17:32:32.778 INFO [main] org.apache.catalina.startup.VersionLoggerListener.log Command line argument: -Djava.util.logging.config.file=/Users/erictran/Downloads/CS157A/CS157A-S1-14/apache-tomcat-9.0.115/conf/logging.properties
15-May-2026 17:32:32.778 INFO [main] org.apache.catalina.startup.VersionLoggerListener.log Command line argument: -Djava.util.logging.manager=org.apache.juli.ClassLoaderLogManager
15-May-2026 17:32:32.778 INFO [main] org.apache.catalina.startup.VersionLoggerListener.log Command line argument: -Djdk.tls.ephemeralDHKeySize=2048
15-May-2026 17:32:32.778 INFO [main] org.apache.catalina.startup.VersionLoggerListener.log Command line argument: -Djava.protocol.handler.pkgs=org.apache.catalina.webresources
15-May-2026 17:32:32.778 INFO [main] org.apache.catalina.startup.VersionLoggerListener.log Command line argument: -Dsun.io.useCanonCaches=false
15-May-2026 17:32:32.778 INFO [main] org.apache.catalina.startup.VersionLoggerListener.log Command line argument: -Dorg.apache.catalina.security.SecurityListener.UMASK=0027
15-May-2026 17:32:32.778 INFO [main] org.apache.catalina.startup.VersionLoggerListener.log Command line argument: -Dignore.endorsed.dirs=
15-May-2026 17:32:32.778 INFO [main] org.apache.catalina.startup.VersionLoggerListener.log Command line argument: -Dcatalina.base=/Users/erictran/Downloads/CS157A/CS157A-S1-14/apache-tomcat-9.0.115
15-May-2026 17:32:32.778 INFO [main] org.apache.catalina.startup.VersionLoggerListener.log Command line argument: -Dcatalina.home=/Users/erictran/Downloads/CS157A/CS157A-S1-14/apache-tomcat-9.0.115
15-May-2026 17:32:32.778 INFO [main] org.apache.catalina.startup.VersionLoggerListener.log Command line argument: -Djava.io.tmpdir=/Users/erictran/Downloads/CS157A/CS157A-S1-14/apache-tomcat-9.0.115/temp
WARNING: A restricted method in java.lang.System has been called
WARNING: java.lang.System::load has been called by org.apache.tomcat.jni.Library in an unnamed module (file:/Users/erictran/Downloads/CS157A/CS157A-S1-14/apache-tomcat-9.0.115/lib/tomcat-jni.jar)
WARNING: Use --enable-native-access=ALL-UNNAMED to avoid a warning for callers in this module
WARNING: Restricted methods will be blocked in a future release unless native access is enabled

15-May-2026 17:32:32.783 INFO [main] org.apache.catalina.core.AprLifecycleListener.lifecycleEvent The Apache Tomcat Native library which allows using OpenSSL was not found on the java.library.path: [/Users/erictran/Library/Java/Extensions:/Library/Java/Extensions:/Network/Library/Java/Extensions:/System/Library/Java/Extensions:/usr/lib/java:.]
15-May-2026 17:32:32.913 INFO [main] org.apache.coyote.AbstractProtocol.init Initializing ProtocolHandler ["http-nio-8080"]
15-May-2026 17:32:32.925 INFO [main] org.apache.catalina.startup.Catalina.load Server initialization in [224] milliseconds
15-May-2026 17:32:32.939 INFO [main] org.apache.catalina.core.StandardService.startInternal Starting service [Catalina]
15-May-2026 17:32:32.939 INFO [main] org.apache.catalina.core.StandardEngine.startInternal Starting Servlet engine: [Apache Tomcat/9.0.115]
15-May-2026 17:32:32.942 INFO [main] org.apache.catalina.startup.HostConfig.deployDirectory Deploying web application directory [/Users/erictran/Downloads/CS157A/CS157A-S1-14/apache-tomcat-9.0.115/webapps/docs]
15-May-2026 17:32:33.126 INFO [main] org.apache.jasper.servlet.TldScanner.scanJars At least one JAR was scanned for TLDs yet contained no TLDs. Enable debug logging for this logger for a complete list of JARs that were scanned but no TLDs were found in them. Skipping unneeded JARs during scanning can improve startup time and JSP compilation time.
15-May-2026 17:32:33.139 INFO [main] org.apache.catalina.startup.HostConfig.deployDirectory Deployment of web application directory [/Users/erictran/Downloads/CS157A/CS157A-S1-14/apache-tomcat-9.0.115/webapps/docs] has finished in [196] ms
15-May-2026 17:32:33.139 INFO [main] org.apache.catalina.startup.HostConfig.deployDirectory Deploying web application directory [/Users/erictran/Downloads/CS157A/CS157A-S1-14/apache-tomcat-9.0.115/webapps/TaskME]
15-May-2026 17:32:33.229 INFO [main] org.apache.jasper.servlet.TldScanner.scanJars At least one JAR was scanned for TLDs yet contained no TLDs. Enable debug logging for this logger for a complete list of JARs that were scanned but no TLDs were found in them. Skipping unneeded JARs during scanning can improve startup time and JSP compilation time.
15-May-2026 17:32:33.235 INFO [main] org.apache.catalina.startup.HostConfig.deployDirectory Deployment of web application directory [/Users/erictran/Downloads/CS157A/CS157A-S1-14/apache-tomcat-9.0.115/webapps/TaskME] has finished in [96] ms
15-May-2026 17:32:33.235 INFO [main] org.apache.catalina.startup.HostConfig.deployDirectory Deploying web application directory [/Users/erictran/Downloads/CS157A/CS157A-S1-14/apache-tomcat-9.0.115/webapps/manager]
15-May-2026 17:32:33.311 INFO [main] org.apache.jasper.servlet.TldScanner.scanJars At least one JAR was scanned for TLDs yet contained no TLDs. Enable debug logging for this logger for a complete list of JARs that were scanned but no TLDs were found in them. Skipping unneeded JARs during scanning can improve startup time and JSP compilation time.
15-May-2026 17:32:33.313 INFO [main] org.apache.catalina.startup.HostConfig.deployDirectory Deployment of web application directory [/Users/erictran/Downloads/CS157A/CS157A-S1-14/apache-tomcat-9.0.115/webapps/manager] has finished in [78] ms
15-May-2026 17:32:33.314 INFO [main] org.apache.catalina.startup.HostConfig.deployDirectory Deploying web application directory [/Users/erictran/Downloads/CS157A/CS157A-S1-14/apache-tomcat-9.0.115/webapps/examples]
15-May-2026 17:32:33.441 INFO [main] org.apache.jasper.servlet.TldScanner.scanJars At least one JAR was scanned for TLDs yet contained no TLDs. Enable debug logging for this logger for a complete list of JARs that were scanned but no TLDs were found in them. Skipping unneeded JARs during scanning can improve startup time and JSP compilation time.
15-May-2026 17:32:33.448 INFO [main] org.apache.catalina.startup.HostConfig.deployDirectory Deployment of web application directory [/Users/erictran/Downloads/CS157A/CS157A-S1-14/apache-tomcat-9.0.115/webapps/examples] has finished in [135] ms
15-May-2026 17:32:33.448 INFO [main] org.apache.catalina.startup.HostConfig.deployDirectory Deploying web application directory [/Users/erictran/Downloads/CS157A/CS157A-S1-14/apache-tomcat-9.0.115/webapps/ROOT]
15-May-2026 17:32:33.513 INFO [main] org.apache.jasper.servlet.TldScanner.scanJars At least one JAR was scanned for TLDs yet contained no TLDs. Enable debug logging for this logger for a complete list of JARs that were scanned but no TLDs were found in them. Skipping unneeded JARs during scanning can improve startup time and JSP compilation time.
15-May-2026 17:32:33.514 INFO [main] org.apache.catalina.startup.HostConfig.deployDirectory Deployment of web application directory [/Users/erictran/Downloads/CS157A/CS157A-S1-14/apache-tomcat-9.0.115/webapps/ROOT] has finished in [66] ms
15-May-2026 17:32:33.514 INFO [main] org.apache.catalina.startup.HostConfig.deployDirectory Deploying web application directory [/Users/erictran/Downloads/CS157A/CS157A-S1-14/apache-tomcat-9.0.115/webapps/host-manager]
15-May-2026 17:32:33.582 INFO [main] org.apache.jasper.servlet.TldScanner.scanJars At least one JAR was scanned for TLDs yet contained no TLDs. Enable debug logging for this logger for a complete list of JARs that were scanned but no TLDs were found in them. Skipping unneeded JARs during scanning can improve startup time and JSP compilation time.
15-May-2026 17:32:33.583 INFO [main] org.apache.catalina.startup.HostConfig.deployDirectory Deployment of web application directory [/Users/erictran/Downloads/CS157A/CS157A-S1-14/apache-tomcat-9.0.115/webapps/host-manager] has finished in [69] ms
15-May-2026 17:32:33.585 INFO [main] org.apache.coyote.AbstractProtocol.start Starting ProtocolHandler ["http-nio-8080"]
15-May-2026 17:32:33.588 INFO [main] org.apache.catalina.startup.Catalina.start Server startup in [662] milliseconds
15-May-2026 17:33:01.814 INFO [main] org.apache.catalina.core.StandardServer.await A valid shutdown command was received via the shutdown port. Stopping the Server instance.
15-May-2026 17:33:01.814 INFO [main] org.apache.coyote.AbstractProtocol.pause Pausing ProtocolHandler ["http-nio-8080"]
15-May-2026 17:33:02.818 INFO [main] org.apache.catalina.core.StandardService.stopInternal Stopping service [Catalina]
15-May-2026 17:33:02.842 INFO [main] org.apache.coyote.AbstractProtocol.stop Stopping ProtocolHandler ["http-nio-8080"]
15-May-2026 17:33:03.447 WARNING [main] org.apache.tomcat.util.net.Acceptor.stopMillis The acceptor thread [http-nio-8080-Acceptor] did not stop cleanly
15-May-2026 17:33:03.449 INFO [main] org.apache.coyote.AbstractProtocol.destroy Destroying ProtocolHandler ["http-nio-8080"]
NOTE: Picked up JDK_JAVA_OPTIONS:  --add-opens=java.base/java.lang=ALL-UNNAMED --add-opens=java.base/java.lang.invoke=ALL-UNNAMED --add-opens=java.base/java.lang.reflect=ALL-UNNAMED --add-opens=java.base/java.io=ALL-UNNAMED --add-opens=java.base/java.util=ALL-UNNAMED --add-opens=java.base/java.util.concurrent=ALL-UNNAMED --add-opens=java.rmi/sun.rmi.transport=ALL-UNNAMED
15-May-2026 17:33:03.965 INFO [main] org.apache.catalina.startup.VersionLoggerListener.log Server version name:   Apache Tomcat/9.0.115
15-May-2026 17:33:03.966 INFO [main] org.apache.catalina.startup.VersionLoggerListener.log Server built:          Jan 21 2026 08:17:26 UTC
15-May-2026 17:33:03.966 INFO [main] org.apache.catalina.startup.VersionLoggerListener.log Server version number: 9.0.115.0
15-May-2026 17:33:03.966 INFO [main] org.apache.catalina.startup.VersionLoggerListener.log OS Name:               Mac OS X
15-May-2026 17:33:03.966 INFO [main] org.apache.catalina.startup.VersionLoggerListener.log OS Version:            26.5
15-May-2026 17:33:03.966 INFO [main] org.apache.catalina.startup.VersionLoggerListener.log Architecture:          aarch64
15-May-2026 17:33:03.966 INFO [main] org.apache.catalina.startup.VersionLoggerListener.log Java Home:             /Library/Java/JavaVirtualMachines/jdk-25.jdk/Contents/Home
15-May-2026 17:33:03.966 INFO [main] org.apache.catalina.startup.VersionLoggerListener.log JVM Version:           25.0.2+10-LTS-69
15-May-2026 17:33:03.966 INFO [main] org.apache.catalina.startup.VersionLoggerListener.log JVM Vendor:            Oracle Corporation
15-May-2026 17:33:03.966 INFO [main] org.apache.catalina.startup.VersionLoggerListener.log CATALINA_BASE:         /Users/erictran/Downloads/CS157A/CS157A-S1-14/apache-tomcat-9.0.115
15-May-2026 17:33:03.966 INFO [main] org.apache.catalina.startup.VersionLoggerListener.log CATALINA_HOME:         /Users/erictran/Downloads/CS157A/CS157A-S1-14/apache-tomcat-9.0.115
15-May-2026 17:33:03.971 INFO [main] org.apache.catalina.startup.VersionLoggerListener.log Command line argument: --add-opens=java.base/java.lang=ALL-UNNAMED
15-May-2026 17:33:03.971 INFO [main] org.apache.catalina.startup.VersionLoggerListener.log Command line argument: --add-opens=java.base/java.lang.invoke=ALL-UNNAMED
15-May-2026 17:33:03.971 INFO [main] org.apache.catalina.startup.VersionLoggerListener.log Command line argument: --add-opens=java.base/java.lang.reflect=ALL-UNNAMED
15-May-2026 17:33:03.971 INFO [main] org.apache.catalina.startup.VersionLoggerListener.log Command line argument: --add-opens=java.base/java.io=ALL-UNNAMED
15-May-2026 17:33:03.971 INFO [main] org.apache.catalina.startup.VersionLoggerListener.log Command line argument: --add-opens=java.base/java.util=ALL-UNNAMED
15-May-2026 17:33:03.971 INFO [main] org.apache.catalina.startup.VersionLoggerListener.log Command line argument: --add-opens=java.base/java.util.concurrent=ALL-UNNAMED
15-May-2026 17:33:03.971 INFO [main] org.apache.catalina.startup.VersionLoggerListener.log Command line argument: --add-opens=java.rmi/sun.rmi.transport=ALL-UNNAMED
15-May-2026 17:33:03.971 INFO [main] org.apache.catalina.startup.VersionLoggerListener.log Command line argument: -Djava.util.logging.config.file=/Users/erictran/Downloads/CS157A/CS157A-S1-14/apache-tomcat-9.0.115/conf/logging.properties
15-May-2026 17:33:03.971 INFO [main] org.apache.catalina.startup.VersionLoggerListener.log Command line argument: -Djava.util.logging.manager=org.apache.juli.ClassLoaderLogManager
15-May-2026 17:33:03.971 INFO [main] org.apache.catalina.startup.VersionLoggerListener.log Command line argument: -Djdk.tls.ephemeralDHKeySize=2048
15-May-2026 17:33:03.971 INFO [main] org.apache.catalina.startup.VersionLoggerListener.log Command line argument: -Djava.protocol.handler.pkgs=org.apache.catalina.webresources
15-May-2026 17:33:03.971 INFO [main] org.apache.catalina.startup.VersionLoggerListener.log Command line argument: -Dsun.io.useCanonCaches=false
15-May-2026 17:33:03.971 INFO [main] org.apache.catalina.startup.VersionLoggerListener.log Command line argument: -Dorg.apache.catalina.security.SecurityListener.UMASK=0027
15-May-2026 17:33:03.971 INFO [main] org.apache.catalina.startup.VersionLoggerListener.log Command line argument: -Dignore.endorsed.dirs=
15-May-2026 17:33:03.971 INFO [main] org.apache.catalina.startup.VersionLoggerListener.log Command line argument: -Dcatalina.base=/Users/erictran/Downloads/CS157A/CS157A-S1-14/apache-tomcat-9.0.115
15-May-2026 17:33:03.971 INFO [main] org.apache.catalina.startup.VersionLoggerListener.log Command line argument: -Dcatalina.home=/Users/erictran/Downloads/CS157A/CS157A-S1-14/apache-tomcat-9.0.115
15-May-2026 17:33:03.971 INFO [main] org.apache.catalina.startup.VersionLoggerListener.log Command line argument: -Djava.io.tmpdir=/Users/erictran/Downloads/CS157A/CS157A-S1-14/apache-tomcat-9.0.115/temp
WARNING: A restricted method in java.lang.System has been called
WARNING: java.lang.System::load has been called by org.apache.tomcat.jni.Library in an unnamed module (file:/Users/erictran/Downloads/CS157A/CS157A-S1-14/apache-tomcat-9.0.115/lib/tomcat-jni.jar)
WARNING: Use --enable-native-access=ALL-UNNAMED to avoid a warning for callers in this module
WARNING: Restricted methods will be blocked in a future release unless native access is enabled

15-May-2026 17:33:03.977 INFO [main] org.apache.catalina.core.AprLifecycleListener.lifecycleEvent The Apache Tomcat Native library which allows using OpenSSL was not found on the java.library.path: [/Users/erictran/Library/Java/Extensions:/Library/Java/Extensions:/Network/Library/Java/Extensions:/System/Library/Java/Extensions:/usr/lib/java:.]
15-May-2026 17:33:04.098 INFO [main] org.apache.coyote.AbstractProtocol.init Initializing ProtocolHandler ["http-nio-8080"]
15-May-2026 17:33:04.108 INFO [main] org.apache.catalina.startup.Catalina.load Server initialization in [209] milliseconds
15-May-2026 17:33:04.121 INFO [main] org.apache.catalina.core.StandardService.startInternal Starting service [Catalina]
15-May-2026 17:33:04.121 INFO [main] org.apache.catalina.core.StandardEngine.startInternal Starting Servlet engine: [Apache Tomcat/9.0.115]
15-May-2026 17:33:04.123 INFO [main] org.apache.catalina.startup.HostConfig.deployDirectory Deploying web application directory [/Users/erictran/Downloads/CS157A/CS157A-S1-14/apache-tomcat-9.0.115/webapps/docs]
15-May-2026 17:33:04.294 INFO [main] org.apache.jasper.servlet.TldScanner.scanJars At least one JAR was scanned for TLDs yet contained no TLDs. Enable debug logging for this logger for a complete list of JARs that were scanned but no TLDs were found in them. Skipping unneeded JARs during scanning can improve startup time and JSP compilation time.
15-May-2026 17:33:04.306 INFO [main] org.apache.catalina.startup.HostConfig.deployDirectory Deployment of web application directory [/Users/erictran/Downloads/CS157A/CS157A-S1-14/apache-tomcat-9.0.115/webapps/docs] has finished in [182] ms
15-May-2026 17:33:04.306 INFO [main] org.apache.catalina.startup.HostConfig.deployDirectory Deploying web application directory [/Users/erictran/Downloads/CS157A/CS157A-S1-14/apache-tomcat-9.0.115/webapps/TaskME]
15-May-2026 17:33:04.390 INFO [main] org.apache.jasper.servlet.TldScanner.scanJars At least one JAR was scanned for TLDs yet contained no TLDs. Enable debug logging for this logger for a complete list of JARs that were scanned but no TLDs were found in them. Skipping unneeded JARs during scanning can improve startup time and JSP compilation time.
15-May-2026 17:33:04.396 INFO [main] org.apache.catalina.startup.HostConfig.deployDirectory Deployment of web application directory [/Users/erictran/Downloads/CS157A/CS157A-S1-14/apache-tomcat-9.0.115/webapps/TaskME] has finished in [90] ms
15-May-2026 17:33:04.396 INFO [main] org.apache.catalina.startup.HostConfig.deployDirectory Deploying web application directory [/Users/erictran/Downloads/CS157A/CS157A-S1-14/apache-tomcat-9.0.115/webapps/manager]
15-May-2026 17:33:04.470 INFO [main] org.apache.jasper.servlet.TldScanner.scanJars At least one JAR was scanned for TLDs yet contained no TLDs. Enable debug logging for this logger for a complete list of JARs that were scanned but no TLDs were found in them. Skipping unneeded JARs during scanning can improve startup time and JSP compilation time.
15-May-2026 17:33:04.472 INFO [main] org.apache.catalina.startup.HostConfig.deployDirectory Deployment of web application directory [/Users/erictran/Downloads/CS157A/CS157A-S1-14/apache-tomcat-9.0.115/webapps/manager] has finished in [76] ms
15-May-2026 17:33:04.472 INFO [main] org.apache.catalina.startup.HostConfig.deployDirectory Deploying web application directory [/Users/erictran/Downloads/CS157A/CS157A-S1-14/apache-tomcat-9.0.115/webapps/examples]
15-May-2026 17:33:04.591 INFO [main] org.apache.jasper.servlet.TldScanner.scanJars At least one JAR was scanned for TLDs yet contained no TLDs. Enable debug logging for this logger for a complete list of JARs that were scanned but no TLDs were found in them. Skipping unneeded JARs during scanning can improve startup time and JSP compilation time.
15-May-2026 17:33:04.597 INFO [main] org.apache.catalina.startup.HostConfig.deployDirectory Deployment of web application directory [/Users/erictran/Downloads/CS157A/CS157A-S1-14/apache-tomcat-9.0.115/webapps/examples] has finished in [125] ms
15-May-2026 17:33:04.597 INFO [main] org.apache.catalina.startup.HostConfig.deployDirectory Deploying web application directory [/Users/erictran/Downloads/CS157A/CS157A-S1-14/apache-tomcat-9.0.115/webapps/ROOT]
15-May-2026 17:33:04.662 INFO [main] org.apache.jasper.servlet.TldScanner.scanJars At least one JAR was scanned for TLDs yet contained no TLDs. Enable debug logging for this logger for a complete list of JARs that were scanned but no TLDs were found in them. Skipping unneeded JARs during scanning can improve startup time and JSP compilation time.
15-May-2026 17:33:04.662 INFO [main] org.apache.catalina.startup.HostConfig.deployDirectory Deployment of web application directory [/Users/erictran/Downloads/CS157A/CS157A-S1-14/apache-tomcat-9.0.115/webapps/ROOT] has finished in [65] ms
15-May-2026 17:33:04.663 INFO [main] org.apache.catalina.startup.HostConfig.deployDirectory Deploying web application directory [/Users/erictran/Downloads/CS157A/CS157A-S1-14/apache-tomcat-9.0.115/webapps/host-manager]
15-May-2026 17:33:04.728 INFO [main] org.apache.jasper.servlet.TldScanner.scanJars At least one JAR was scanned for TLDs yet contained no TLDs. Enable debug logging for this logger for a complete list of JARs that were scanned but no TLDs were found in them. Skipping unneeded JARs during scanning can improve startup time and JSP compilation time.
15-May-2026 17:33:04.729 INFO [main] org.apache.catalina.startup.HostConfig.deployDirectory Deployment of web application directory [/Users/erictran/Downloads/CS157A/CS157A-S1-14/apache-tomcat-9.0.115/webapps/host-manager] has finished in [66] ms
15-May-2026 17:33:04.730 INFO [main] org.apache.coyote.AbstractProtocol.start Starting ProtocolHandler ["http-nio-8080"]
15-May-2026 17:33:04.734 INFO [main] org.apache.catalina.startup.Catalina.start Server startup in [625] milliseconds
15-May-2026 17:35:04.819 INFO [Catalina-utility-2] org.apache.catalina.startup.HostConfig.reload Reloading context [/TaskME]
15-May-2026 17:35:04.820 INFO [Catalina-utility-2] org.apache.catalina.core.StandardContext.reload Reloading Context with name [/TaskME] has started
15-May-2026 17:35:04.944 INFO [Catalina-utility-2] org.apache.jasper.servlet.TldScanner.scanJars At least one JAR was scanned for TLDs yet contained no TLDs. Enable debug logging for this logger for a complete list of JARs that were scanned but no TLDs were found in them. Skipping unneeded JARs during scanning can improve startup time and JSP compilation time.
15-May-2026 17:35:04.945 INFO [Catalina-utility-2] org.apache.catalina.core.StandardContext.reload Reloading Context with name [/TaskME] is completed
15-May-2026 17:44:10.438 INFO [main] org.apache.catalina.core.StandardServer.await A valid shutdown command was received via the shutdown port. Stopping the Server instance.
15-May-2026 17:44:10.439 INFO [main] org.apache.coyote.AbstractProtocol.pause Pausing ProtocolHandler ["http-nio-8080"]
15-May-2026 17:44:11.440 INFO [main] org.apache.catalina.core.StandardService.stopInternal Stopping service [Catalina]
15-May-2026 17:44:11.459 INFO [main] org.apache.coyote.AbstractProtocol.stop Stopping ProtocolHandler ["http-nio-8080"]
15-May-2026 17:44:12.063 WARNING [main] org.apache.tomcat.util.net.Acceptor.stopMillis The acceptor thread [http-nio-8080-Acceptor] did not stop cleanly
15-May-2026 17:44:12.070 INFO [main] org.apache.coyote.AbstractProtocol.destroy Destroying ProtocolHandler ["http-nio-8080"]
NOTE: Picked up JDK_JAVA_OPTIONS:  --add-opens=java.base/java.lang=ALL-UNNAMED --add-opens=java.base/java.lang.invoke=ALL-UNNAMED --add-opens=java.base/java.lang.reflect=ALL-UNNAMED --add-opens=java.base/java.io=ALL-UNNAMED --add-opens=java.base/java.util=ALL-UNNAMED --add-opens=java.base/java.util.concurrent=ALL-UNNAMED --add-opens=java.rmi/sun.rmi.transport=ALL-UNNAMED
15-May-2026 17:44:20.952 INFO [main] org.apache.catalina.startup.VersionLoggerListener.log Server version name:   Apache Tomcat/9.0.115
15-May-2026 17:44:20.953 INFO [main] org.apache.catalina.startup.VersionLoggerListener.log Server built:          Jan 21 2026 08:17:26 UTC
15-May-2026 17:44:20.953 INFO [main] org.apache.catalina.startup.VersionLoggerListener.log Server version number: 9.0.115.0
15-May-2026 17:44:20.954 INFO [main] org.apache.catalina.startup.VersionLoggerListener.log OS Name:               Mac OS X
15-May-2026 17:44:20.954 INFO [main] org.apache.catalina.startup.VersionLoggerListener.log OS Version:            26.5
15-May-2026 17:44:20.954 INFO [main] org.apache.catalina.startup.VersionLoggerListener.log Architecture:          aarch64
15-May-2026 17:44:20.954 INFO [main] org.apache.catalina.startup.VersionLoggerListener.log Java Home:             /Library/Java/JavaVirtualMachines/jdk-25.jdk/Contents/Home
15-May-2026 17:44:20.954 INFO [main] org.apache.catalina.startup.VersionLoggerListener.log JVM Version:           25.0.2+10-LTS-69
15-May-2026 17:44:20.954 INFO [main] org.apache.catalina.startup.VersionLoggerListener.log JVM Vendor:            Oracle Corporation
15-May-2026 17:44:20.954 INFO [main] org.apache.catalina.startup.VersionLoggerListener.log CATALINA_BASE:         /Users/erictran/Downloads/CS157A/CS157A-S1-14/apache-tomcat-9.0.115
15-May-2026 17:44:20.954 INFO [main] org.apache.catalina.startup.VersionLoggerListener.log CATALINA_HOME:         /Users/erictran/Downloads/CS157A/CS157A-S1-14/apache-tomcat-9.0.115
15-May-2026 17:44:20.958 INFO [main] org.apache.catalina.startup.VersionLoggerListener.log Command line argument: --add-opens=java.base/java.lang=ALL-UNNAMED
15-May-2026 17:44:20.958 INFO [main] org.apache.catalina.startup.VersionLoggerListener.log Command line argument: --add-opens=java.base/java.lang.invoke=ALL-UNNAMED
15-May-2026 17:44:20.958 INFO [main] org.apache.catalina.startup.VersionLoggerListener.log Command line argument: --add-opens=java.base/java.lang.reflect=ALL-UNNAMED
15-May-2026 17:44:20.958 INFO [main] org.apache.catalina.startup.VersionLoggerListener.log Command line argument: --add-opens=java.base/java.io=ALL-UNNAMED
15-May-2026 17:44:20.958 INFO [main] org.apache.catalina.startup.VersionLoggerListener.log Command line argument: --add-opens=java.base/java.util=ALL-UNNAMED
15-May-2026 17:44:20.958 INFO [main] org.apache.catalina.startup.VersionLoggerListener.log Command line argument: --add-opens=java.base/java.util.concurrent=ALL-UNNAMED
15-May-2026 17:44:20.959 INFO [main] org.apache.catalina.startup.VersionLoggerListener.log Command line argument: --add-opens=java.rmi/sun.rmi.transport=ALL-UNNAMED
15-May-2026 17:44:20.959 INFO [main] org.apache.catalina.startup.VersionLoggerListener.log Command line argument: -Djava.util.logging.config.file=/Users/erictran/Downloads/CS157A/CS157A-S1-14/apache-tomcat-9.0.115/conf/logging.properties
15-May-2026 17:44:20.959 INFO [main] org.apache.catalina.startup.VersionLoggerListener.log Command line argument: -Djava.util.logging.manager=org.apache.juli.ClassLoaderLogManager
15-May-2026 17:44:20.959 INFO [main] org.apache.catalina.startup.VersionLoggerListener.log Command line argument: -Djdk.tls.ephemeralDHKeySize=2048
15-May-2026 17:44:20.959 INFO [main] org.apache.catalina.startup.VersionLoggerListener.log Command line argument: -Djava.protocol.handler.pkgs=org.apache.catalina.webresources
15-May-2026 17:44:20.959 INFO [main] org.apache.catalina.startup.VersionLoggerListener.log Command line argument: -Dsun.io.useCanonCaches=false
15-May-2026 17:44:20.959 INFO [main] org.apache.catalina.startup.VersionLoggerListener.log Command line argument: -Dorg.apache.catalina.security.SecurityListener.UMASK=0027
15-May-2026 17:44:20.959 INFO [main] org.apache.catalina.startup.VersionLoggerListener.log Command line argument: -Dignore.endorsed.dirs=
15-May-2026 17:44:20.959 INFO [main] org.apache.catalina.startup.VersionLoggerListener.log Command line argument: -Dcatalina.base=/Users/erictran/Downloads/CS157A/CS157A-S1-14/apache-tomcat-9.0.115
15-May-2026 17:44:20.959 INFO [main] org.apache.catalina.startup.VersionLoggerListener.log Command line argument: -Dcatalina.home=/Users/erictran/Downloads/CS157A/CS157A-S1-14/apache-tomcat-9.0.115
15-May-2026 17:44:20.959 INFO [main] org.apache.catalina.startup.VersionLoggerListener.log Command line argument: -Djava.io.tmpdir=/Users/erictran/Downloads/CS157A/CS157A-S1-14/apache-tomcat-9.0.115/temp
WARNING: A restricted method in java.lang.System has been called
WARNING: java.lang.System::load has been called by org.apache.tomcat.jni.Library in an unnamed module (file:/Users/erictran/Downloads/CS157A/CS157A-S1-14/apache-tomcat-9.0.115/lib/tomcat-jni.jar)
WARNING: Use --enable-native-access=ALL-UNNAMED to avoid a warning for callers in this module
WARNING: Restricted methods will be blocked in a future release unless native access is enabled

15-May-2026 17:44:20.964 INFO [main] org.apache.catalina.core.AprLifecycleListener.lifecycleEvent The Apache Tomcat Native library which allows using OpenSSL was not found on the java.library.path: [/Users/erictran/Library/Java/Extensions:/Library/Java/Extensions:/Network/Library/Java/Extensions:/System/Library/Java/Extensions:/usr/lib/java:.]
15-May-2026 17:44:21.087 INFO [main] org.apache.coyote.AbstractProtocol.init Initializing ProtocolHandler ["http-nio-8080"]
15-May-2026 17:44:21.097 INFO [main] org.apache.catalina.startup.Catalina.load Server initialization in [212] milliseconds
15-May-2026 17:44:21.110 INFO [main] org.apache.catalina.core.StandardService.startInternal Starting service [Catalina]
15-May-2026 17:44:21.110 INFO [main] org.apache.catalina.core.StandardEngine.startInternal Starting Servlet engine: [Apache Tomcat/9.0.115]
15-May-2026 17:44:21.112 INFO [main] org.apache.catalina.startup.HostConfig.deployDirectory Deploying web application directory [/Users/erictran/Downloads/CS157A/CS157A-S1-14/apache-tomcat-9.0.115/webapps/docs]
15-May-2026 17:44:21.286 INFO [main] org.apache.jasper.servlet.TldScanner.scanJars At least one JAR was scanned for TLDs yet contained no TLDs. Enable debug logging for this logger for a complete list of JARs that were scanned but no TLDs were found in them. Skipping unneeded JARs during scanning can improve startup time and JSP compilation time.
15-May-2026 17:44:21.299 INFO [main] org.apache.catalina.startup.HostConfig.deployDirectory Deployment of web application directory [/Users/erictran/Downloads/CS157A/CS157A-S1-14/apache-tomcat-9.0.115/webapps/docs] has finished in [186] ms
15-May-2026 17:44:21.299 INFO [main] org.apache.catalina.startup.HostConfig.deployDirectory Deploying web application directory [/Users/erictran/Downloads/CS157A/CS157A-S1-14/apache-tomcat-9.0.115/webapps/TaskME]
15-May-2026 17:44:21.391 INFO [main] org.apache.jasper.servlet.TldScanner.scanJars At least one JAR was scanned for TLDs yet contained no TLDs. Enable debug logging for this logger for a complete list of JARs that were scanned but no TLDs were found in them. Skipping unneeded JARs during scanning can improve startup time and JSP compilation time.
15-May-2026 17:44:21.398 INFO [main] org.apache.catalina.startup.HostConfig.deployDirectory Deployment of web application directory [/Users/erictran/Downloads/CS157A/CS157A-S1-14/apache-tomcat-9.0.115/webapps/TaskME] has finished in [99] ms
15-May-2026 17:44:21.399 INFO [main] org.apache.catalina.startup.HostConfig.deployDirectory Deploying web application directory [/Users/erictran/Downloads/CS157A/CS157A-S1-14/apache-tomcat-9.0.115/webapps/manager]
15-May-2026 17:44:21.476 INFO [main] org.apache.jasper.servlet.TldScanner.scanJars At least one JAR was scanned for TLDs yet contained no TLDs. Enable debug logging for this logger for a complete list of JARs that were scanned but no TLDs were found in them. Skipping unneeded JARs during scanning can improve startup time and JSP compilation time.
15-May-2026 17:44:21.479 INFO [main] org.apache.catalina.startup.HostConfig.deployDirectory Deployment of web application directory [/Users/erictran/Downloads/CS157A/CS157A-S1-14/apache-tomcat-9.0.115/webapps/manager] has finished in [80] ms
15-May-2026 17:44:21.480 INFO [main] org.apache.catalina.startup.HostConfig.deployDirectory Deploying web application directory [/Users/erictran/Downloads/CS157A/CS157A-S1-14/apache-tomcat-9.0.115/webapps/examples]
15-May-2026 17:44:21.621 INFO [main] org.apache.jasper.servlet.TldScanner.scanJars At least one JAR was scanned for TLDs yet contained no TLDs. Enable debug logging for this logger for a complete list of JARs that were scanned but no TLDs were found in them. Skipping unneeded JARs during scanning can improve startup time and JSP compilation time.
15-May-2026 17:44:21.628 INFO [main] org.apache.catalina.startup.HostConfig.deployDirectory Deployment of web application directory [/Users/erictran/Downloads/CS157A/CS157A-S1-14/apache-tomcat-9.0.115/webapps/examples] has finished in [148] ms
15-May-2026 17:44:21.628 INFO [main] org.apache.catalina.startup.HostConfig.deployDirectory Deploying web application directory [/Users/erictran/Downloads/CS157A/CS157A-S1-14/apache-tomcat-9.0.115/webapps/ROOT]
15-May-2026 17:44:21.696 INFO [main] org.apache.jasper.servlet.TldScanner.scanJars At least one JAR was scanned for TLDs yet contained no TLDs. Enable debug logging for this logger for a complete list of JARs that were scanned but no TLDs were found in them. Skipping unneeded JARs during scanning can improve startup time and JSP compilation time.
15-May-2026 17:44:21.697 INFO [main] org.apache.catalina.startup.HostConfig.deployDirectory Deployment of web application directory [/Users/erictran/Downloads/CS157A/CS157A-S1-14/apache-tomcat-9.0.115/webapps/ROOT] has finished in [69] ms
15-May-2026 17:44:21.697 INFO [main] org.apache.catalina.startup.HostConfig.deployDirectory Deploying web application directory [/Users/erictran/Downloads/CS157A/CS157A-S1-14/apache-tomcat-9.0.115/webapps/host-manager]
15-May-2026 17:44:21.765 INFO [main] org.apache.jasper.servlet.TldScanner.scanJars At least one JAR was scanned for TLDs yet contained no TLDs. Enable debug logging for this logger for a complete list of JARs that were scanned but no TLDs were found in them. Skipping unneeded JARs during scanning can improve startup time and JSP compilation time.
15-May-2026 17:44:21.765 INFO [main] org.apache.catalina.startup.HostConfig.deployDirectory Deployment of web application directory [/Users/erictran/Downloads/CS157A/CS157A-S1-14/apache-tomcat-9.0.115/webapps/host-manager] has finished in [68] ms
15-May-2026 17:44:21.767 INFO [main] org.apache.coyote.AbstractProtocol.start Starting ProtocolHandler ["http-nio-8080"]
15-May-2026 17:44:21.771 INFO [main] org.apache.catalina.startup.Catalina.start Server startup in [673] milliseconds
15-May-2026 17:53:11.471 INFO [main] org.apache.catalina.core.StandardServer.await A valid shutdown command was received via the shutdown port. Stopping the Server instance.
15-May-2026 17:53:11.472 INFO [main] org.apache.coyote.AbstractProtocol.pause Pausing ProtocolHandler ["http-nio-8080"]
15-May-2026 17:53:12.474 INFO [main] org.apache.catalina.core.StandardService.stopInternal Stopping service [Catalina]
15-May-2026 17:53:12.504 INFO [main] org.apache.coyote.AbstractProtocol.stop Stopping ProtocolHandler ["http-nio-8080"]
NOTE: Picked up JDK_JAVA_OPTIONS:  --add-opens=java.base/java.lang=ALL-UNNAMED --add-opens=java.base/java.lang.invoke=ALL-UNNAMED --add-opens=java.base/java.lang.reflect=ALL-UNNAMED --add-opens=java.base/java.io=ALL-UNNAMED --add-opens=java.base/java.util=ALL-UNNAMED --add-opens=java.base/java.util.concurrent=ALL-UNNAMED --add-opens=java.rmi/sun.rmi.transport=ALL-UNNAMED
15-May-2026 17:53:12.844 INFO [main] org.apache.catalina.startup.VersionLoggerListener.log Server version name:   Apache Tomcat/9.0.115
15-May-2026 17:53:12.845 INFO [main] org.apache.catalina.startup.VersionLoggerListener.log Server built:          Jan 21 2026 08:17:26 UTC
15-May-2026 17:53:12.845 INFO [main] org.apache.catalina.startup.VersionLoggerListener.log Server version number: 9.0.115.0
15-May-2026 17:53:12.845 INFO [main] org.apache.catalina.startup.VersionLoggerListener.log OS Name:               Mac OS X
15-May-2026 17:53:12.845 INFO [main] org.apache.catalina.startup.VersionLoggerListener.log OS Version:            26.5
15-May-2026 17:53:12.846 INFO [main] org.apache.catalina.startup.VersionLoggerListener.log Architecture:          aarch64
15-May-2026 17:53:12.846 INFO [main] org.apache.catalina.startup.VersionLoggerListener.log Java Home:             /Library/Java/JavaVirtualMachines/jdk-25.jdk/Contents/Home
15-May-2026 17:53:12.846 INFO [main] org.apache.catalina.startup.VersionLoggerListener.log JVM Version:           25.0.2+10-LTS-69
15-May-2026 17:53:12.846 INFO [main] org.apache.catalina.startup.VersionLoggerListener.log JVM Vendor:            Oracle Corporation
15-May-2026 17:53:12.846 INFO [main] org.apache.catalina.startup.VersionLoggerListener.log CATALINA_BASE:         /Users/erictran/Downloads/CS157A/CS157A-S1-14/apache-tomcat-9.0.115
15-May-2026 17:53:12.846 INFO [main] org.apache.catalina.startup.VersionLoggerListener.log CATALINA_HOME:         /Users/erictran/Downloads/CS157A/CS157A-S1-14/apache-tomcat-9.0.115
15-May-2026 17:53:12.850 INFO [main] org.apache.catalina.startup.VersionLoggerListener.log Command line argument: --add-opens=java.base/java.lang=ALL-UNNAMED
15-May-2026 17:53:12.850 INFO [main] org.apache.catalina.startup.VersionLoggerListener.log Command line argument: --add-opens=java.base/java.lang.invoke=ALL-UNNAMED
15-May-2026 17:53:12.850 INFO [main] org.apache.catalina.startup.VersionLoggerListener.log Command line argument: --add-opens=java.base/java.lang.reflect=ALL-UNNAMED
15-May-2026 17:53:12.850 INFO [main] org.apache.catalina.startup.VersionLoggerListener.log Command line argument: --add-opens=java.base/java.io=ALL-UNNAMED
15-May-2026 17:53:12.850 INFO [main] org.apache.catalina.startup.VersionLoggerListener.log Command line argument: --add-opens=java.base/java.util=ALL-UNNAMED
15-May-2026 17:53:12.850 INFO [main] org.apache.catalina.startup.VersionLoggerListener.log Command line argument: --add-opens=java.base/java.util.concurrent=ALL-UNNAMED
15-May-2026 17:53:12.850 INFO [main] org.apache.catalina.startup.VersionLoggerListener.log Command line argument: --add-opens=java.rmi/sun.rmi.transport=ALL-UNNAMED
15-May-2026 17:53:12.850 INFO [main] org.apache.catalina.startup.VersionLoggerListener.log Command line argument: -Djava.util.logging.config.file=/Users/erictran/Downloads/CS157A/CS157A-S1-14/apache-tomcat-9.0.115/conf/logging.properties
15-May-2026 17:53:12.851 INFO [main] org.apache.catalina.startup.VersionLoggerListener.log Command line argument: -Djava.util.logging.manager=org.apache.juli.ClassLoaderLogManager
15-May-2026 17:53:12.851 INFO [main] org.apache.catalina.startup.VersionLoggerListener.log Command line argument: -Djdk.tls.ephemeralDHKeySize=2048
15-May-2026 17:53:12.851 INFO [main] org.apache.catalina.startup.VersionLoggerListener.log Command line argument: -Djava.protocol.handler.pkgs=org.apache.catalina.webresources
15-May-2026 17:53:12.851 INFO [main] org.apache.catalina.startup.VersionLoggerListener.log Command line argument: -Dsun.io.useCanonCaches=false
15-May-2026 17:53:12.851 INFO [main] org.apache.catalina.startup.VersionLoggerListener.log Command line argument: -Dorg.apache.catalina.security.SecurityListener.UMASK=0027
15-May-2026 17:53:12.851 INFO [main] org.apache.catalina.startup.VersionLoggerListener.log Command line argument: -Dignore.endorsed.dirs=
15-May-2026 17:53:12.851 INFO [main] org.apache.catalina.startup.VersionLoggerListener.log Command line argument: -Dcatalina.base=/Users/erictran/Downloads/CS157A/CS157A-S1-14/apache-tomcat-9.0.115
15-May-2026 17:53:12.851 INFO [main] org.apache.catalina.startup.VersionLoggerListener.log Command line argument: -Dcatalina.home=/Users/erictran/Downloads/CS157A/CS157A-S1-14/apache-tomcat-9.0.115
15-May-2026 17:53:12.851 INFO [main] org.apache.catalina.startup.VersionLoggerListener.log Command line argument: -Djava.io.tmpdir=/Users/erictran/Downloads/CS157A/CS157A-S1-14/apache-tomcat-9.0.115/temp
WARNING: A restricted method in java.lang.System has been called
WARNING: java.lang.System::load has been called by org.apache.tomcat.jni.Library in an unnamed module (file:/Users/erictran/Downloads/CS157A/CS157A-S1-14/apache-tomcat-9.0.115/lib/tomcat-jni.jar)
WARNING: Use --enable-native-access=ALL-UNNAMED to avoid a warning for callers in this module
WARNING: Restricted methods will be blocked in a future release unless native access is enabled

15-May-2026 17:53:12.856 INFO [main] org.apache.catalina.core.AprLifecycleListener.lifecycleEvent The Apache Tomcat Native library which allows using OpenSSL was not found on the java.library.path: [/Users/erictran/Library/Java/Extensions:/Library/Java/Extensions:/Network/Library/Java/Extensions:/System/Library/Java/Extensions:/usr/lib/java:.]
15-May-2026 17:53:12.983 INFO [main] org.apache.coyote.AbstractProtocol.init Initializing ProtocolHandler ["http-nio-8080"]
15-May-2026 17:53:12.990 SEVERE [main] org.apache.catalina.util.LifecycleBase.handleSubClassException Failed to initialize component [Connector["http-nio-8080"]]
	org.apache.catalina.LifecycleException: Protocol handler initialization failed
		at org.apache.catalina.connector.Connector.initInternal(Connector.java:1084)
		at org.apache.catalina.util.LifecycleBase.init(LifecycleBase.java:122)
		at org.apache.catalina.core.StandardService.initInternal(StandardService.java:520)
		at org.apache.catalina.util.LifecycleBase.init(LifecycleBase.java:122)
		at org.apache.catalina.core.StandardServer.initInternal(StandardServer.java:984)
		at org.apache.catalina.util.LifecycleBase.init(LifecycleBase.java:122)
		at org.apache.catalina.startup.Catalina.load(Catalina.java:687)
		at org.apache.catalina.startup.Catalina.load(Catalina.java:710)
		at java.base/jdk.internal.reflect.DirectMethodHandleAccessor.invoke(DirectMethodHandleAccessor.java:104)
		at java.base/java.lang.reflect.Method.invoke(Method.java:565)
		at org.apache.catalina.startup.Bootstrap.load(Bootstrap.java:299)
		at org.apache.catalina.startup.Bootstrap.main(Bootstrap.java:472)
	Caused by: java.net.BindException: Address already in use
		at java.base/sun.nio.ch.Net.bind0(Native Method)
		at java.base/sun.nio.ch.Net.bind(Net.java:522)
		at java.base/sun.nio.ch.ServerSocketChannelImpl.netBind(ServerSocketChannelImpl.java:335)
		at java.base/sun.nio.ch.ServerSocketChannelImpl.bind(ServerSocketChannelImpl.java:297)
		at org.apache.tomcat.util.net.NioEndpoint.initServerSocket(NioEndpoint.java:296)
		at org.apache.tomcat.util.net.NioEndpoint.bind(NioEndpoint.java:251)
		at org.apache.tomcat.util.net.AbstractEndpoint.bindWithCleanup(AbstractEndpoint.java:1497)
		at org.apache.tomcat.util.net.AbstractEndpoint.init(AbstractEndpoint.java:1510)
		at org.apache.coyote.AbstractProtocol.init(AbstractProtocol.java:667)
		at org.apache.coyote.http11.AbstractHttp11Protocol.init(AbstractHttp11Protocol.java:80)
		at org.apache.catalina.connector.Connector.initInternal(Connector.java:1082)
		... 11 more
15-May-2026 17:53:12.991 INFO [main] org.apache.catalina.startup.Catalina.load Server initialization in [216] milliseconds
15-May-2026 17:53:13.004 INFO [main] org.apache.catalina.core.StandardService.startInternal Starting service [Catalina]
15-May-2026 17:53:13.004 INFO [main] org.apache.catalina.core.StandardEngine.startInternal Starting Servlet engine: [Apache Tomcat/9.0.115]
15-May-2026 17:53:13.006 INFO [main] org.apache.catalina.startup.HostConfig.deployDirectory Deploying web application directory [/Users/erictran/Downloads/CS157A/CS157A-S1-14/apache-tomcat-9.0.115/webapps/docs]
15-May-2026 17:53:13.110 WARNING [main] org.apache.tomcat.util.net.Acceptor.stopMillis The acceptor thread [http-nio-8080-Acceptor] did not stop cleanly
15-May-2026 17:53:13.111 INFO [main] org.apache.coyote.AbstractProtocol.destroy Destroying ProtocolHandler ["http-nio-8080"]
15-May-2026 17:53:13.193 INFO [main] org.apache.jasper.servlet.TldScanner.scanJars At least one JAR was scanned for TLDs yet contained no TLDs. Enable debug logging for this logger for a complete list of JARs that were scanned but no TLDs were found in them. Skipping unneeded JARs during scanning can improve startup time and JSP compilation time.
15-May-2026 17:53:13.206 INFO [main] org.apache.catalina.startup.HostConfig.deployDirectory Deployment of web application directory [/Users/erictran/Downloads/CS157A/CS157A-S1-14/apache-tomcat-9.0.115/webapps/docs] has finished in [199] ms
15-May-2026 17:53:13.206 INFO [main] org.apache.catalina.startup.HostConfig.deployDirectory Deploying web application directory [/Users/erictran/Downloads/CS157A/CS157A-S1-14/apache-tomcat-9.0.115/webapps/TaskME]
15-May-2026 17:53:13.294 INFO [main] org.apache.jasper.servlet.TldScanner.scanJars At least one JAR was scanned for TLDs yet contained no TLDs. Enable debug logging for this logger for a complete list of JARs that were scanned but no TLDs were found in them. Skipping unneeded JARs during scanning can improve startup time and JSP compilation time.
15-May-2026 17:53:13.301 INFO [main] org.apache.catalina.startup.HostConfig.deployDirectory Deployment of web application directory [/Users/erictran/Downloads/CS157A/CS157A-S1-14/apache-tomcat-9.0.115/webapps/TaskME] has finished in [95] ms
15-May-2026 17:53:13.301 INFO [main] org.apache.catalina.startup.HostConfig.deployDirectory Deploying web application directory [/Users/erictran/Downloads/CS157A/CS157A-S1-14/apache-tomcat-9.0.115/webapps/manager]
15-May-2026 17:53:13.385 INFO [main] org.apache.jasper.servlet.TldScanner.scanJars At least one JAR was scanned for TLDs yet contained no TLDs. Enable debug logging for this logger for a complete list of JARs that were scanned but no TLDs were found in them. Skipping unneeded JARs during scanning can improve startup time and JSP compilation time.
15-May-2026 17:53:13.388 INFO [main] org.apache.catalina.startup.HostConfig.deployDirectory Deployment of web application directory [/Users/erictran/Downloads/CS157A/CS157A-S1-14/apache-tomcat-9.0.115/webapps/manager] has finished in [87] ms
15-May-2026 17:53:13.388 INFO [main] org.apache.catalina.startup.HostConfig.deployDirectory Deploying web application directory [/Users/erictran/Downloads/CS157A/CS157A-S1-14/apache-tomcat-9.0.115/webapps/examples]
15-May-2026 17:53:13.521 INFO [main] org.apache.jasper.servlet.TldScanner.scanJars At least one JAR was scanned for TLDs yet contained no TLDs. Enable debug logging for this logger for a complete list of JARs that were scanned but no TLDs were found in them. Skipping unneeded JARs during scanning can improve startup time and JSP compilation time.
15-May-2026 17:53:13.528 INFO [main] org.apache.catalina.startup.HostConfig.deployDirectory Deployment of web application directory [/Users/erictran/Downloads/CS157A/CS157A-S1-14/apache-tomcat-9.0.115/webapps/examples] has finished in [140] ms
15-May-2026 17:53:13.528 INFO [main] org.apache.catalina.startup.HostConfig.deployDirectory Deploying web application directory [/Users/erictran/Downloads/CS157A/CS157A-S1-14/apache-tomcat-9.0.115/webapps/ROOT]
15-May-2026 17:53:13.597 INFO [main] org.apache.jasper.servlet.TldScanner.scanJars At least one JAR was scanned for TLDs yet contained no TLDs. Enable debug logging for this logger for a complete list of JARs that were scanned but no TLDs were found in them. Skipping unneeded JARs during scanning can improve startup time and JSP compilation time.
15-May-2026 17:53:13.598 INFO [main] org.apache.catalina.startup.HostConfig.deployDirectory Deployment of web application directory [/Users/erictran/Downloads/CS157A/CS157A-S1-14/apache-tomcat-9.0.115/webapps/ROOT] has finished in [70] ms
15-May-2026 17:53:13.598 INFO [main] org.apache.catalina.startup.HostConfig.deployDirectory Deploying web application directory [/Users/erictran/Downloads/CS157A/CS157A-S1-14/apache-tomcat-9.0.115/webapps/host-manager]
15-May-2026 17:53:13.668 INFO [main] org.apache.jasper.servlet.TldScanner.scanJars At least one JAR was scanned for TLDs yet contained no TLDs. Enable debug logging for this logger for a complete list of JARs that were scanned but no TLDs were found in them. Skipping unneeded JARs during scanning can improve startup time and JSP compilation time.
15-May-2026 17:53:13.669 INFO [main] org.apache.catalina.startup.HostConfig.deployDirectory Deployment of web application directory [/Users/erictran/Downloads/CS157A/CS157A-S1-14/apache-tomcat-9.0.115/webapps/host-manager] has finished in [71] ms
15-May-2026 17:53:13.671 INFO [main] org.apache.catalina.startup.Catalina.start Server startup in [679] milliseconds
15-May-2026 17:53:37.867 INFO [main] org.apache.catalina.core.StandardServer.await A valid shutdown command was received via the shutdown port. Stopping the Server instance.
15-May-2026 17:53:37.867 INFO [main] org.apache.coyote.AbstractProtocol.pause Pausing ProtocolHandler ["http-nio-8080"]
15-May-2026 17:53:37.867 INFO [main] org.apache.catalina.core.StandardService.stopInternal Stopping service [Catalina]
15-May-2026 17:53:37.878 INFO [main] org.apache.coyote.AbstractProtocol.stop Stopping ProtocolHandler ["http-nio-8080"]
15-May-2026 17:53:37.878 INFO [main] org.apache.coyote.AbstractProtocol.destroy Destroying ProtocolHandler ["http-nio-8080"]
NOTE: Picked up JDK_JAVA_OPTIONS:  --add-opens=java.base/java.lang=ALL-UNNAMED --add-opens=java.base/java.lang.invoke=ALL-UNNAMED --add-opens=java.base/java.lang.reflect=ALL-UNNAMED --add-opens=java.base/java.io=ALL-UNNAMED --add-opens=java.base/java.util=ALL-UNNAMED --add-opens=java.base/java.util.concurrent=ALL-UNNAMED --add-opens=java.rmi/sun.rmi.transport=ALL-UNNAMED
15-May-2026 17:53:39.584 INFO [main] org.apache.catalina.startup.VersionLoggerListener.log Server version name:   Apache Tomcat/9.0.115
15-May-2026 17:53:39.585 INFO [main] org.apache.catalina.startup.VersionLoggerListener.log Server built:          Jan 21 2026 08:17:26 UTC
15-May-2026 17:53:39.585 INFO [main] org.apache.catalina.startup.VersionLoggerListener.log Server version number: 9.0.115.0
15-May-2026 17:53:39.585 INFO [main] org.apache.catalina.startup.VersionLoggerListener.log OS Name:               Mac OS X
15-May-2026 17:53:39.585 INFO [main] org.apache.catalina.startup.VersionLoggerListener.log OS Version:            26.5
15-May-2026 17:53:39.585 INFO [main] org.apache.catalina.startup.VersionLoggerListener.log Architecture:          aarch64
15-May-2026 17:53:39.585 INFO [main] org.apache.catalina.startup.VersionLoggerListener.log Java Home:             /Library/Java/JavaVirtualMachines/jdk-25.jdk/Contents/Home
15-May-2026 17:53:39.585 INFO [main] org.apache.catalina.startup.VersionLoggerListener.log JVM Version:           25.0.2+10-LTS-69
15-May-2026 17:53:39.585 INFO [main] org.apache.catalina.startup.VersionLoggerListener.log JVM Vendor:            Oracle Corporation
15-May-2026 17:53:39.585 INFO [main] org.apache.catalina.startup.VersionLoggerListener.log CATALINA_BASE:         /Users/erictran/Downloads/CS157A/CS157A-S1-14/apache-tomcat-9.0.115
15-May-2026 17:53:39.586 INFO [main] org.apache.catalina.startup.VersionLoggerListener.log CATALINA_HOME:         /Users/erictran/Downloads/CS157A/CS157A-S1-14/apache-tomcat-9.0.115
15-May-2026 17:53:39.590 INFO [main] org.apache.catalina.startup.VersionLoggerListener.log Command line argument: --add-opens=java.base/java.lang=ALL-UNNAMED
15-May-2026 17:53:39.590 INFO [main] org.apache.catalina.startup.VersionLoggerListener.log Command line argument: --add-opens=java.base/java.lang.invoke=ALL-UNNAMED
15-May-2026 17:53:39.590 INFO [main] org.apache.catalina.startup.VersionLoggerListener.log Command line argument: --add-opens=java.base/java.lang.reflect=ALL-UNNAMED
15-May-2026 17:53:39.591 INFO [main] org.apache.catalina.startup.VersionLoggerListener.log Command line argument: --add-opens=java.base/java.io=ALL-UNNAMED
15-May-2026 17:53:39.591 INFO [main] org.apache.catalina.startup.VersionLoggerListener.log Command line argument: --add-opens=java.base/java.util=ALL-UNNAMED
15-May-2026 17:53:39.591 INFO [main] org.apache.catalina.startup.VersionLoggerListener.log Command line argument: --add-opens=java.base/java.util.concurrent=ALL-UNNAMED
15-May-2026 17:53:39.591 INFO [main] org.apache.catalina.startup.VersionLoggerListener.log Command line argument: --add-opens=java.rmi/sun.rmi.transport=ALL-UNNAMED
15-May-2026 17:53:39.591 INFO [main] org.apache.catalina.startup.VersionLoggerListener.log Command line argument: -Djava.util.logging.config.file=/Users/erictran/Downloads/CS157A/CS157A-S1-14/apache-tomcat-9.0.115/conf/logging.properties
15-May-2026 17:53:39.591 INFO [main] org.apache.catalina.startup.VersionLoggerListener.log Command line argument: -Djava.util.logging.manager=org.apache.juli.ClassLoaderLogManager
15-May-2026 17:53:39.591 INFO [main] org.apache.catalina.startup.VersionLoggerListener.log Command line argument: -Djdk.tls.ephemeralDHKeySize=2048
15-May-2026 17:53:39.591 INFO [main] org.apache.catalina.startup.VersionLoggerListener.log Command line argument: -Djava.protocol.handler.pkgs=org.apache.catalina.webresources
15-May-2026 17:53:39.591 INFO [main] org.apache.catalina.startup.VersionLoggerListener.log Command line argument: -Dsun.io.useCanonCaches=false
15-May-2026 17:53:39.591 INFO [main] org.apache.catalina.startup.VersionLoggerListener.log Command line argument: -Dorg.apache.catalina.security.SecurityListener.UMASK=0027
15-May-2026 17:53:39.591 INFO [main] org.apache.catalina.startup.VersionLoggerListener.log Command line argument: -Dignore.endorsed.dirs=
15-May-2026 17:53:39.591 INFO [main] org.apache.catalina.startup.VersionLoggerListener.log Command line argument: -Dcatalina.base=/Users/erictran/Downloads/CS157A/CS157A-S1-14/apache-tomcat-9.0.115
15-May-2026 17:53:39.591 INFO [main] org.apache.catalina.startup.VersionLoggerListener.log Command line argument: -Dcatalina.home=/Users/erictran/Downloads/CS157A/CS157A-S1-14/apache-tomcat-9.0.115
15-May-2026 17:53:39.591 INFO [main] org.apache.catalina.startup.VersionLoggerListener.log Command line argument: -Djava.io.tmpdir=/Users/erictran/Downloads/CS157A/CS157A-S1-14/apache-tomcat-9.0.115/temp
WARNING: A restricted method in java.lang.System has been called
WARNING: java.lang.System::load has been called by org.apache.tomcat.jni.Library in an unnamed module (file:/Users/erictran/Downloads/CS157A/CS157A-S1-14/apache-tomcat-9.0.115/lib/tomcat-jni.jar)
WARNING: Use --enable-native-access=ALL-UNNAMED to avoid a warning for callers in this module
WARNING: Restricted methods will be blocked in a future release unless native access is enabled

15-May-2026 17:53:39.597 INFO [main] org.apache.catalina.core.AprLifecycleListener.lifecycleEvent The Apache Tomcat Native library which allows using OpenSSL was not found on the java.library.path: [/Users/erictran/Library/Java/Extensions:/Library/Java/Extensions:/Network/Library/Java/Extensions:/System/Library/Java/Extensions:/usr/lib/java:.]
15-May-2026 17:53:39.722 INFO [main] org.apache.coyote.AbstractProtocol.init Initializing ProtocolHandler ["http-nio-8080"]
15-May-2026 17:53:39.733 INFO [main] org.apache.catalina.startup.Catalina.load Server initialization in [214] milliseconds
15-May-2026 17:53:39.746 INFO [main] org.apache.catalina.core.StandardService.startInternal Starting service [Catalina]
15-May-2026 17:53:39.746 INFO [main] org.apache.catalina.core.StandardEngine.startInternal Starting Servlet engine: [Apache Tomcat/9.0.115]
15-May-2026 17:53:39.748 INFO [main] org.apache.catalina.startup.HostConfig.deployDirectory Deploying web application directory [/Users/erictran/Downloads/CS157A/CS157A-S1-14/apache-tomcat-9.0.115/webapps/docs]
15-May-2026 17:53:39.935 INFO [main] org.apache.jasper.servlet.TldScanner.scanJars At least one JAR was scanned for TLDs yet contained no TLDs. Enable debug logging for this logger for a complete list of JARs that were scanned but no TLDs were found in them. Skipping unneeded JARs during scanning can improve startup time and JSP compilation time.
15-May-2026 17:53:39.949 INFO [main] org.apache.catalina.startup.HostConfig.deployDirectory Deployment of web application directory [/Users/erictran/Downloads/CS157A/CS157A-S1-14/apache-tomcat-9.0.115/webapps/docs] has finished in [200] ms
15-May-2026 17:53:39.950 INFO [main] org.apache.catalina.startup.HostConfig.deployDirectory Deploying web application directory [/Users/erictran/Downloads/CS157A/CS157A-S1-14/apache-tomcat-9.0.115/webapps/TaskME]
15-May-2026 17:53:40.045 INFO [main] org.apache.jasper.servlet.TldScanner.scanJars At least one JAR was scanned for TLDs yet contained no TLDs. Enable debug logging for this logger for a complete list of JARs that were scanned but no TLDs were found in them. Skipping unneeded JARs during scanning can improve startup time and JSP compilation time.
15-May-2026 17:53:40.053 INFO [main] org.apache.catalina.startup.HostConfig.deployDirectory Deployment of web application directory [/Users/erictran/Downloads/CS157A/CS157A-S1-14/apache-tomcat-9.0.115/webapps/TaskME] has finished in [103] ms
15-May-2026 17:53:40.053 INFO [main] org.apache.catalina.startup.HostConfig.deployDirectory Deploying web application directory [/Users/erictran/Downloads/CS157A/CS157A-S1-14/apache-tomcat-9.0.115/webapps/manager]
15-May-2026 17:53:40.135 INFO [main] org.apache.jasper.servlet.TldScanner.scanJars At least one JAR was scanned for TLDs yet contained no TLDs. Enable debug logging for this logger for a complete list of JARs that were scanned but no TLDs were found in them. Skipping unneeded JARs during scanning can improve startup time and JSP compilation time.
15-May-2026 17:53:40.137 INFO [main] org.apache.catalina.startup.HostConfig.deployDirectory Deployment of web application directory [/Users/erictran/Downloads/CS157A/CS157A-S1-14/apache-tomcat-9.0.115/webapps/manager] has finished in [84] ms
15-May-2026 17:53:40.137 INFO [main] org.apache.catalina.startup.HostConfig.deployDirectory Deploying web application directory [/Users/erictran/Downloads/CS157A/CS157A-S1-14/apache-tomcat-9.0.115/webapps/examples]
15-May-2026 17:53:40.268 INFO [main] org.apache.jasper.servlet.TldScanner.scanJars At least one JAR was scanned for TLDs yet contained no TLDs. Enable debug logging for this logger for a complete list of JARs that were scanned but no TLDs were found in them. Skipping unneeded JARs during scanning can improve startup time and JSP compilation time.
15-May-2026 17:53:40.275 INFO [main] org.apache.catalina.startup.HostConfig.deployDirectory Deployment of web application directory [/Users/erictran/Downloads/CS157A/CS157A-S1-14/apache-tomcat-9.0.115/webapps/examples] has finished in [138] ms
15-May-2026 17:53:40.275 INFO [main] org.apache.catalina.startup.HostConfig.deployDirectory Deploying web application directory [/Users/erictran/Downloads/CS157A/CS157A-S1-14/apache-tomcat-9.0.115/webapps/ROOT]
15-May-2026 17:53:40.343 INFO [main] org.apache.jasper.servlet.TldScanner.scanJars At least one JAR was scanned for TLDs yet contained no TLDs. Enable debug logging for this logger for a complete list of JARs that were scanned but no TLDs were found in them. Skipping unneeded JARs during scanning can improve startup time and JSP compilation time.
15-May-2026 17:53:40.344 INFO [main] org.apache.catalina.startup.HostConfig.deployDirectory Deployment of web application directory [/Users/erictran/Downloads/CS157A/CS157A-S1-14/apache-tomcat-9.0.115/webapps/ROOT] has finished in [68] ms
15-May-2026 17:53:40.344 INFO [main] org.apache.catalina.startup.HostConfig.deployDirectory Deploying web application directory [/Users/erictran/Downloads/CS157A/CS157A-S1-14/apache-tomcat-9.0.115/webapps/host-manager]
15-May-2026 17:53:40.413 INFO [main] org.apache.jasper.servlet.TldScanner.scanJars At least one JAR was scanned for TLDs yet contained no TLDs. Enable debug logging for this logger for a complete list of JARs that were scanned but no TLDs were found in them. Skipping unneeded JARs during scanning can improve startup time and JSP compilation time.
15-May-2026 17:53:40.413 INFO [main] org.apache.catalina.startup.HostConfig.deployDirectory Deployment of web application directory [/Users/erictran/Downloads/CS157A/CS157A-S1-14/apache-tomcat-9.0.115/webapps/host-manager] has finished in [69] ms
15-May-2026 17:53:40.415 INFO [main] org.apache.coyote.AbstractProtocol.start Starting ProtocolHandler ["http-nio-8080"]
15-May-2026 17:53:40.419 INFO [main] org.apache.catalina.startup.Catalina.start Server startup in [685] milliseconds
15-May-2026 17:56:40.542 INFO [Catalina-utility-1] org.apache.catalina.startup.HostConfig.reload Reloading context [/TaskME]
15-May-2026 17:56:40.543 INFO [Catalina-utility-1] org.apache.catalina.core.StandardContext.reload Reloading Context with name [/TaskME] has started
15-May-2026 17:56:40.667 INFO [Catalina-utility-1] org.apache.jasper.servlet.TldScanner.scanJars At least one JAR was scanned for TLDs yet contained no TLDs. Enable debug logging for this logger for a complete list of JARs that were scanned but no TLDs were found in them. Skipping unneeded JARs during scanning can improve startup time and JSP compilation time.
15-May-2026 17:56:40.668 INFO [Catalina-utility-1] org.apache.catalina.core.StandardContext.reload Reloading Context with name [/TaskME] is completed
15-May-2026 17:56:47.664 INFO [main] org.apache.catalina.core.StandardServer.await A valid shutdown command was received via the shutdown port. Stopping the Server instance.
15-May-2026 17:56:47.665 INFO [main] org.apache.coyote.AbstractProtocol.pause Pausing ProtocolHandler ["http-nio-8080"]
15-May-2026 17:56:48.666 INFO [main] org.apache.catalina.core.StandardService.stopInternal Stopping service [Catalina]
15-May-2026 17:56:48.688 INFO [main] org.apache.coyote.AbstractProtocol.stop Stopping ProtocolHandler ["http-nio-8080"]
15-May-2026 17:56:49.290 WARNING [main] org.apache.tomcat.util.net.Acceptor.stopMillis The acceptor thread [http-nio-8080-Acceptor] did not stop cleanly
15-May-2026 17:56:49.294 INFO [main] org.apache.coyote.AbstractProtocol.destroy Destroying ProtocolHandler ["http-nio-8080"]
NOTE: Picked up JDK_JAVA_OPTIONS:  --add-opens=java.base/java.lang=ALL-UNNAMED --add-opens=java.base/java.lang.invoke=ALL-UNNAMED --add-opens=java.base/java.lang.reflect=ALL-UNNAMED --add-opens=java.base/java.io=ALL-UNNAMED --add-opens=java.base/java.util=ALL-UNNAMED --add-opens=java.base/java.util.concurrent=ALL-UNNAMED --add-opens=java.rmi/sun.rmi.transport=ALL-UNNAMED
15-May-2026 17:56:58.571 INFO [main] org.apache.catalina.startup.VersionLoggerListener.log Server version name:   Apache Tomcat/9.0.115
15-May-2026 17:56:58.572 INFO [main] org.apache.catalina.startup.VersionLoggerListener.log Server built:          Jan 21 2026 08:17:26 UTC
15-May-2026 17:56:58.572 INFO [main] org.apache.catalina.startup.VersionLoggerListener.log Server version number: 9.0.115.0
15-May-2026 17:56:58.572 INFO [main] org.apache.catalina.startup.VersionLoggerListener.log OS Name:               Mac OS X
15-May-2026 17:56:58.572 INFO [main] org.apache.catalina.startup.VersionLoggerListener.log OS Version:            26.5
15-May-2026 17:56:58.572 INFO [main] org.apache.catalina.startup.VersionLoggerListener.log Architecture:          aarch64
15-May-2026 17:56:58.572 INFO [main] org.apache.catalina.startup.VersionLoggerListener.log Java Home:             /Library/Java/JavaVirtualMachines/jdk-25.jdk/Contents/Home
15-May-2026 17:56:58.572 INFO [main] org.apache.catalina.startup.VersionLoggerListener.log JVM Version:           25.0.2+10-LTS-69
15-May-2026 17:56:58.572 INFO [main] org.apache.catalina.startup.VersionLoggerListener.log JVM Vendor:            Oracle Corporation
15-May-2026 17:56:58.572 INFO [main] org.apache.catalina.startup.VersionLoggerListener.log CATALINA_BASE:         /Users/erictran/Downloads/CS157A/CS157A-S1-14/apache-tomcat-9.0.115
15-May-2026 17:56:58.572 INFO [main] org.apache.catalina.startup.VersionLoggerListener.log CATALINA_HOME:         /Users/erictran/Downloads/CS157A/CS157A-S1-14/apache-tomcat-9.0.115
15-May-2026 17:56:58.577 INFO [main] org.apache.catalina.startup.VersionLoggerListener.log Command line argument: --add-opens=java.base/java.lang=ALL-UNNAMED
15-May-2026 17:56:58.577 INFO [main] org.apache.catalina.startup.VersionLoggerListener.log Command line argument: --add-opens=java.base/java.lang.invoke=ALL-UNNAMED
15-May-2026 17:56:58.577 INFO [main] org.apache.catalina.startup.VersionLoggerListener.log Command line argument: --add-opens=java.base/java.lang.reflect=ALL-UNNAMED
15-May-2026 17:56:58.577 INFO [main] org.apache.catalina.startup.VersionLoggerListener.log Command line argument: --add-opens=java.base/java.io=ALL-UNNAMED
15-May-2026 17:56:58.577 INFO [main] org.apache.catalina.startup.VersionLoggerListener.log Command line argument: --add-opens=java.base/java.util=ALL-UNNAMED
15-May-2026 17:56:58.577 INFO [main] org.apache.catalina.startup.VersionLoggerListener.log Command line argument: --add-opens=java.base/java.util.concurrent=ALL-UNNAMED
15-May-2026 17:56:58.577 INFO [main] org.apache.catalina.startup.VersionLoggerListener.log Command line argument: --add-opens=java.rmi/sun.rmi.transport=ALL-UNNAMED
15-May-2026 17:56:58.577 INFO [main] org.apache.catalina.startup.VersionLoggerListener.log Command line argument: -Djava.util.logging.config.file=/Users/erictran/Downloads/CS157A/CS157A-S1-14/apache-tomcat-9.0.115/conf/logging.properties
15-May-2026 17:56:58.577 INFO [main] org.apache.catalina.startup.VersionLoggerListener.log Command line argument: -Djava.util.logging.manager=org.apache.juli.ClassLoaderLogManager
15-May-2026 17:56:58.577 INFO [main] org.apache.catalina.startup.VersionLoggerListener.log Command line argument: -Djdk.tls.ephemeralDHKeySize=2048
15-May-2026 17:56:58.577 INFO [main] org.apache.catalina.startup.VersionLoggerListener.log Command line argument: -Djava.protocol.handler.pkgs=org.apache.catalina.webresources
15-May-2026 17:56:58.577 INFO [main] org.apache.catalina.startup.VersionLoggerListener.log Command line argument: -Dsun.io.useCanonCaches=false
15-May-2026 17:56:58.577 INFO [main] org.apache.catalina.startup.VersionLoggerListener.log Command line argument: -Dorg.apache.catalina.security.SecurityListener.UMASK=0027
15-May-2026 17:56:58.577 INFO [main] org.apache.catalina.startup.VersionLoggerListener.log Command line argument: -Dignore.endorsed.dirs=
15-May-2026 17:56:58.577 INFO [main] org.apache.catalina.startup.VersionLoggerListener.log Command line argument: -Dcatalina.base=/Users/erictran/Downloads/CS157A/CS157A-S1-14/apache-tomcat-9.0.115
15-May-2026 17:56:58.577 INFO [main] org.apache.catalina.startup.VersionLoggerListener.log Command line argument: -Dcatalina.home=/Users/erictran/Downloads/CS157A/CS157A-S1-14/apache-tomcat-9.0.115
15-May-2026 17:56:58.577 INFO [main] org.apache.catalina.startup.VersionLoggerListener.log Command line argument: -Djava.io.tmpdir=/Users/erictran/Downloads/CS157A/CS157A-S1-14/apache-tomcat-9.0.115/temp
WARNING: A restricted method in java.lang.System has been called
WARNING: java.lang.System::load has been called by org.apache.tomcat.jni.Library in an unnamed module (file:/Users/erictran/Downloads/CS157A/CS157A-S1-14/apache-tomcat-9.0.115/lib/tomcat-jni.jar)
WARNING: Use --enable-native-access=ALL-UNNAMED to avoid a warning for callers in this module
WARNING: Restricted methods will be blocked in a future release unless native access is enabled

15-May-2026 17:56:58.583 INFO [main] org.apache.catalina.core.AprLifecycleListener.lifecycleEvent The Apache Tomcat Native library which allows using OpenSSL was not found on the java.library.path: [/Users/erictran/Library/Java/Extensions:/Library/Java/Extensions:/Network/Library/Java/Extensions:/System/Library/Java/Extensions:/usr/lib/java:.]
15-May-2026 17:56:58.704 INFO [main] org.apache.coyote.AbstractProtocol.init Initializing ProtocolHandler ["http-nio-8080"]
15-May-2026 17:56:58.715 INFO [main] org.apache.catalina.startup.Catalina.load Server initialization in [211] milliseconds
15-May-2026 17:56:58.728 INFO [main] org.apache.catalina.core.StandardService.startInternal Starting service [Catalina]
15-May-2026 17:56:58.728 INFO [main] org.apache.catalina.core.StandardEngine.startInternal Starting Servlet engine: [Apache Tomcat/9.0.115]
15-May-2026 17:56:58.730 INFO [main] org.apache.catalina.startup.HostConfig.deployDirectory Deploying web application directory [/Users/erictran/Downloads/CS157A/CS157A-S1-14/apache-tomcat-9.0.115/webapps/docs]
15-May-2026 17:56:58.921 INFO [main] org.apache.jasper.servlet.TldScanner.scanJars At least one JAR was scanned for TLDs yet contained no TLDs. Enable debug logging for this logger for a complete list of JARs that were scanned but no TLDs were found in them. Skipping unneeded JARs during scanning can improve startup time and JSP compilation time.
15-May-2026 17:56:58.933 INFO [main] org.apache.catalina.startup.HostConfig.deployDirectory Deployment of web application directory [/Users/erictran/Downloads/CS157A/CS157A-S1-14/apache-tomcat-9.0.115/webapps/docs] has finished in [202] ms
15-May-2026 17:56:58.934 INFO [main] org.apache.catalina.startup.HostConfig.deployDirectory Deploying web application directory [/Users/erictran/Downloads/CS157A/CS157A-S1-14/apache-tomcat-9.0.115/webapps/TaskME]
15-May-2026 17:56:59.023 INFO [main] org.apache.jasper.servlet.TldScanner.scanJars At least one JAR was scanned for TLDs yet contained no TLDs. Enable debug logging for this logger for a complete list of JARs that were scanned but no TLDs were found in them. Skipping unneeded JARs during scanning can improve startup time and JSP compilation time.
15-May-2026 17:56:59.029 INFO [main] org.apache.catalina.startup.HostConfig.deployDirectory Deployment of web application directory [/Users/erictran/Downloads/CS157A/CS157A-S1-14/apache-tomcat-9.0.115/webapps/TaskME] has finished in [96] ms
15-May-2026 17:56:59.029 INFO [main] org.apache.catalina.startup.HostConfig.deployDirectory Deploying web application directory [/Users/erictran/Downloads/CS157A/CS157A-S1-14/apache-tomcat-9.0.115/webapps/manager]
15-May-2026 17:56:59.105 INFO [main] org.apache.jasper.servlet.TldScanner.scanJars At least one JAR was scanned for TLDs yet contained no TLDs. Enable debug logging for this logger for a complete list of JARs that were scanned but no TLDs were found in them. Skipping unneeded JARs during scanning can improve startup time and JSP compilation time.
15-May-2026 17:56:59.107 INFO [main] org.apache.catalina.startup.HostConfig.deployDirectory Deployment of web application directory [/Users/erictran/Downloads/CS157A/CS157A-S1-14/apache-tomcat-9.0.115/webapps/manager] has finished in [78] ms
15-May-2026 17:56:59.108 INFO [main] org.apache.catalina.startup.HostConfig.deployDirectory Deploying web application directory [/Users/erictran/Downloads/CS157A/CS157A-S1-14/apache-tomcat-9.0.115/webapps/examples]
15-May-2026 17:56:59.235 INFO [main] org.apache.jasper.servlet.TldScanner.scanJars At least one JAR was scanned for TLDs yet contained no TLDs. Enable debug logging for this logger for a complete list of JARs that were scanned but no TLDs were found in them. Skipping unneeded JARs during scanning can improve startup time and JSP compilation time.
15-May-2026 17:56:59.241 INFO [main] org.apache.catalina.startup.HostConfig.deployDirectory Deployment of web application directory [/Users/erictran/Downloads/CS157A/CS157A-S1-14/apache-tomcat-9.0.115/webapps/examples] has finished in [134] ms
15-May-2026 17:56:59.241 INFO [main] org.apache.catalina.startup.HostConfig.deployDirectory Deploying web application directory [/Users/erictran/Downloads/CS157A/CS157A-S1-14/apache-tomcat-9.0.115/webapps/ROOT]
15-May-2026 17:56:59.306 INFO [main] org.apache.jasper.servlet.TldScanner.scanJars At least one JAR was scanned for TLDs yet contained no TLDs. Enable debug logging for this logger for a complete list of JARs that were scanned but no TLDs were found in them. Skipping unneeded JARs during scanning can improve startup time and JSP compilation time.
15-May-2026 17:56:59.307 INFO [main] org.apache.catalina.startup.HostConfig.deployDirectory Deployment of web application directory [/Users/erictran/Downloads/CS157A/CS157A-S1-14/apache-tomcat-9.0.115/webapps/ROOT] has finished in [66] ms
15-May-2026 17:56:59.307 INFO [main] org.apache.catalina.startup.HostConfig.deployDirectory Deploying web application directory [/Users/erictran/Downloads/CS157A/CS157A-S1-14/apache-tomcat-9.0.115/webapps/host-manager]
15-May-2026 17:56:59.384 INFO [main] org.apache.jasper.servlet.TldScanner.scanJars At least one JAR was scanned for TLDs yet contained no TLDs. Enable debug logging for this logger for a complete list of JARs that were scanned but no TLDs were found in them. Skipping unneeded JARs during scanning can improve startup time and JSP compilation time.
15-May-2026 17:56:59.385 INFO [main] org.apache.catalina.startup.HostConfig.deployDirectory Deployment of web application directory [/Users/erictran/Downloads/CS157A/CS157A-S1-14/apache-tomcat-9.0.115/webapps/host-manager] has finished in [78] ms
15-May-2026 17:56:59.386 INFO [main] org.apache.coyote.AbstractProtocol.start Starting ProtocolHandler ["http-nio-8080"]
15-May-2026 17:56:59.390 INFO [main] org.apache.catalina.startup.Catalina.start Server startup in [674] milliseconds
15-May-2026 17:57:56.611 INFO [main] org.apache.catalina.core.StandardServer.await A valid shutdown command was received via the shutdown port. Stopping the Server instance.
15-May-2026 17:57:56.612 INFO [main] org.apache.coyote.AbstractProtocol.pause Pausing ProtocolHandler ["http-nio-8080"]
15-May-2026 17:57:57.613 INFO [main] org.apache.catalina.core.StandardService.stopInternal Stopping service [Catalina]
15-May-2026 17:57:57.635 INFO [main] org.apache.coyote.AbstractProtocol.stop Stopping ProtocolHandler ["http-nio-8080"]
15-May-2026 17:57:58.200 INFO [main] org.apache.coyote.AbstractProtocol.destroy Destroying ProtocolHandler ["http-nio-8080"]
NOTE: Picked up JDK_JAVA_OPTIONS:  --add-opens=java.base/java.lang=ALL-UNNAMED --add-opens=java.base/java.lang.invoke=ALL-UNNAMED --add-opens=java.base/java.lang.reflect=ALL-UNNAMED --add-opens=java.base/java.io=ALL-UNNAMED --add-opens=java.base/java.util=ALL-UNNAMED --add-opens=java.base/java.util.concurrent=ALL-UNNAMED --add-opens=java.rmi/sun.rmi.transport=ALL-UNNAMED
15-May-2026 18:03:01.094 INFO [main] org.apache.catalina.startup.VersionLoggerListener.log Server version name:   Apache Tomcat/9.0.115
15-May-2026 18:03:01.095 INFO [main] org.apache.catalina.startup.VersionLoggerListener.log Server built:          Jan 21 2026 08:17:26 UTC
15-May-2026 18:03:01.095 INFO [main] org.apache.catalina.startup.VersionLoggerListener.log Server version number: 9.0.115.0
15-May-2026 18:03:01.095 INFO [main] org.apache.catalina.startup.VersionLoggerListener.log OS Name:               Mac OS X
15-May-2026 18:03:01.095 INFO [main] org.apache.catalina.startup.VersionLoggerListener.log OS Version:            26.5
15-May-2026 18:03:01.095 INFO [main] org.apache.catalina.startup.VersionLoggerListener.log Architecture:          aarch64
15-May-2026 18:03:01.095 INFO [main] org.apache.catalina.startup.VersionLoggerListener.log Java Home:             /Library/Java/JavaVirtualMachines/jdk-25.jdk/Contents/Home
15-May-2026 18:03:01.095 INFO [main] org.apache.catalina.startup.VersionLoggerListener.log JVM Version:           25.0.2+10-LTS-69
15-May-2026 18:03:01.095 INFO [main] org.apache.catalina.startup.VersionLoggerListener.log JVM Vendor:            Oracle Corporation
15-May-2026 18:03:01.095 INFO [main] org.apache.catalina.startup.VersionLoggerListener.log CATALINA_BASE:         /Users/erictran/Downloads/CS157A/CS157A-S1-14/apache-tomcat-9.0.115
15-May-2026 18:03:01.096 INFO [main] org.apache.catalina.startup.VersionLoggerListener.log CATALINA_HOME:         /Users/erictran/Downloads/CS157A/CS157A-S1-14/apache-tomcat-9.0.115
15-May-2026 18:03:01.101 INFO [main] org.apache.catalina.startup.VersionLoggerListener.log Command line argument: --add-opens=java.base/java.lang=ALL-UNNAMED
15-May-2026 18:03:01.101 INFO [main] org.apache.catalina.startup.VersionLoggerListener.log Command line argument: --add-opens=java.base/java.lang.invoke=ALL-UNNAMED
15-May-2026 18:03:01.101 INFO [main] org.apache.catalina.startup.VersionLoggerListener.log Command line argument: --add-opens=java.base/java.lang.reflect=ALL-UNNAMED
15-May-2026 18:03:01.101 INFO [main] org.apache.catalina.startup.VersionLoggerListener.log Command line argument: --add-opens=java.base/java.io=ALL-UNNAMED
15-May-2026 18:03:01.101 INFO [main] org.apache.catalina.startup.VersionLoggerListener.log Command line argument: --add-opens=java.base/java.util=ALL-UNNAMED
15-May-2026 18:03:01.101 INFO [main] org.apache.catalina.startup.VersionLoggerListener.log Command line argument: --add-opens=java.base/java.util.concurrent=ALL-UNNAMED
15-May-2026 18:03:01.101 INFO [main] org.apache.catalina.startup.VersionLoggerListener.log Command line argument: --add-opens=java.rmi/sun.rmi.transport=ALL-UNNAMED
15-May-2026 18:03:01.101 INFO [main] org.apache.catalina.startup.VersionLoggerListener.log Command line argument: -Djava.util.logging.config.file=/Users/erictran/Downloads/CS157A/CS157A-S1-14/apache-tomcat-9.0.115/conf/logging.properties
15-May-2026 18:03:01.101 INFO [main] org.apache.catalina.startup.VersionLoggerListener.log Command line argument: -Djava.util.logging.manager=org.apache.juli.ClassLoaderLogManager
15-May-2026 18:03:01.101 INFO [main] org.apache.catalina.startup.VersionLoggerListener.log Command line argument: -Djdk.tls.ephemeralDHKeySize=2048
15-May-2026 18:03:01.101 INFO [main] org.apache.catalina.startup.VersionLoggerListener.log Command line argument: -Djava.protocol.handler.pkgs=org.apache.catalina.webresources
15-May-2026 18:03:01.101 INFO [main] org.apache.catalina.startup.VersionLoggerListener.log Command line argument: -Dsun.io.useCanonCaches=false
15-May-2026 18:03:01.101 INFO [main] org.apache.catalina.startup.VersionLoggerListener.log Command line argument: -Dorg.apache.catalina.security.SecurityListener.UMASK=0027
15-May-2026 18:03:01.102 INFO [main] org.apache.catalina.startup.VersionLoggerListener.log Command line argument: -Dignore.endorsed.dirs=
15-May-2026 18:03:01.102 INFO [main] org.apache.catalina.startup.VersionLoggerListener.log Command line argument: -Dcatalina.base=/Users/erictran/Downloads/CS157A/CS157A-S1-14/apache-tomcat-9.0.115
15-May-2026 18:03:01.102 INFO [main] org.apache.catalina.startup.VersionLoggerListener.log Command line argument: -Dcatalina.home=/Users/erictran/Downloads/CS157A/CS157A-S1-14/apache-tomcat-9.0.115
15-May-2026 18:03:01.102 INFO [main] org.apache.catalina.startup.VersionLoggerListener.log Command line argument: -Djava.io.tmpdir=/Users/erictran/Downloads/CS157A/CS157A-S1-14/apache-tomcat-9.0.115/temp
WARNING: A restricted method in java.lang.System has been called
WARNING: java.lang.System::load has been called by org.apache.tomcat.jni.Library in an unnamed module (file:/Users/erictran/Downloads/CS157A/CS157A-S1-14/apache-tomcat-9.0.115/lib/tomcat-jni.jar)
WARNING: Use --enable-native-access=ALL-UNNAMED to avoid a warning for callers in this module
WARNING: Restricted methods will be blocked in a future release unless native access is enabled

15-May-2026 18:03:01.107 INFO [main] org.apache.catalina.core.AprLifecycleListener.lifecycleEvent The Apache Tomcat Native library which allows using OpenSSL was not found on the java.library.path: [/Users/erictran/Library/Java/Extensions:/Library/Java/Extensions:/Network/Library/Java/Extensions:/System/Library/Java/Extensions:/usr/lib/java:.]
15-May-2026 18:03:01.231 INFO [main] org.apache.coyote.AbstractProtocol.init Initializing ProtocolHandler ["http-nio-8080"]
15-May-2026 18:03:01.244 INFO [main] org.apache.catalina.startup.Catalina.load Server initialization in [223] milliseconds
15-May-2026 18:03:01.257 INFO [main] org.apache.catalina.core.StandardService.startInternal Starting service [Catalina]
15-May-2026 18:03:01.257 INFO [main] org.apache.catalina.core.StandardEngine.startInternal Starting Servlet engine: [Apache Tomcat/9.0.115]
15-May-2026 18:03:01.260 INFO [main] org.apache.catalina.startup.HostConfig.deployDirectory Deploying web application directory [/Users/erictran/Downloads/CS157A/CS157A-S1-14/apache-tomcat-9.0.115/webapps/docs]
15-May-2026 18:03:01.458 INFO [main] org.apache.jasper.servlet.TldScanner.scanJars At least one JAR was scanned for TLDs yet contained no TLDs. Enable debug logging for this logger for a complete list of JARs that were scanned but no TLDs were found in them. Skipping unneeded JARs during scanning can improve startup time and JSP compilation time.
15-May-2026 18:03:01.471 INFO [main] org.apache.catalina.startup.HostConfig.deployDirectory Deployment of web application directory [/Users/erictran/Downloads/CS157A/CS157A-S1-14/apache-tomcat-9.0.115/webapps/docs] has finished in [210] ms
15-May-2026 18:03:01.471 INFO [main] org.apache.catalina.startup.HostConfig.deployDirectory Deploying web application directory [/Users/erictran/Downloads/CS157A/CS157A-S1-14/apache-tomcat-9.0.115/webapps/TaskME]
15-May-2026 18:03:01.566 INFO [main] org.apache.jasper.servlet.TldScanner.scanJars At least one JAR was scanned for TLDs yet contained no TLDs. Enable debug logging for this logger for a complete list of JARs that were scanned but no TLDs were found in them. Skipping unneeded JARs during scanning can improve startup time and JSP compilation time.
15-May-2026 18:03:01.572 INFO [main] org.apache.catalina.startup.HostConfig.deployDirectory Deployment of web application directory [/Users/erictran/Downloads/CS157A/CS157A-S1-14/apache-tomcat-9.0.115/webapps/TaskME] has finished in [101] ms
15-May-2026 18:03:01.573 INFO [main] org.apache.catalina.startup.HostConfig.deployDirectory Deploying web application directory [/Users/erictran/Downloads/CS157A/CS157A-S1-14/apache-tomcat-9.0.115/webapps/manager]
15-May-2026 18:03:01.649 INFO [main] org.apache.jasper.servlet.TldScanner.scanJars At least one JAR was scanned for TLDs yet contained no TLDs. Enable debug logging for this logger for a complete list of JARs that were scanned but no TLDs were found in them. Skipping unneeded JARs during scanning can improve startup time and JSP compilation time.
15-May-2026 18:03:01.651 INFO [main] org.apache.catalina.startup.HostConfig.deployDirectory Deployment of web application directory [/Users/erictran/Downloads/CS157A/CS157A-S1-14/apache-tomcat-9.0.115/webapps/manager] has finished in [78] ms
15-May-2026 18:03:01.651 INFO [main] org.apache.catalina.startup.HostConfig.deployDirectory Deploying web application directory [/Users/erictran/Downloads/CS157A/CS157A-S1-14/apache-tomcat-9.0.115/webapps/examples]
15-May-2026 18:03:01.786 INFO [main] org.apache.jasper.servlet.TldScanner.scanJars At least one JAR was scanned for TLDs yet contained no TLDs. Enable debug logging for this logger for a complete list of JARs that were scanned but no TLDs were found in them. Skipping unneeded JARs during scanning can improve startup time and JSP compilation time.
15-May-2026 18:03:01.793 INFO [main] org.apache.catalina.startup.HostConfig.deployDirectory Deployment of web application directory [/Users/erictran/Downloads/CS157A/CS157A-S1-14/apache-tomcat-9.0.115/webapps/examples] has finished in [142] ms
15-May-2026 18:03:01.793 INFO [main] org.apache.catalina.startup.HostConfig.deployDirectory Deploying web application directory [/Users/erictran/Downloads/CS157A/CS157A-S1-14/apache-tomcat-9.0.115/webapps/ROOT]
15-May-2026 18:03:01.862 INFO [main] org.apache.jasper.servlet.TldScanner.scanJars At least one JAR was scanned for TLDs yet contained no TLDs. Enable debug logging for this logger for a complete list of JARs that were scanned but no TLDs were found in them. Skipping unneeded JARs during scanning can improve startup time and JSP compilation time.
15-May-2026 18:03:01.863 INFO [main] org.apache.catalina.startup.HostConfig.deployDirectory Deployment of web application directory [/Users/erictran/Downloads/CS157A/CS157A-S1-14/apache-tomcat-9.0.115/webapps/ROOT] has finished in [70] ms
15-May-2026 18:03:01.863 INFO [main] org.apache.catalina.startup.HostConfig.deployDirectory Deploying web application directory [/Users/erictran/Downloads/CS157A/CS157A-S1-14/apache-tomcat-9.0.115/webapps/host-manager]
15-May-2026 18:03:01.933 INFO [main] org.apache.jasper.servlet.TldScanner.scanJars At least one JAR was scanned for TLDs yet contained no TLDs. Enable debug logging for this logger for a complete list of JARs that were scanned but no TLDs were found in them. Skipping unneeded JARs during scanning can improve startup time and JSP compilation time.
15-May-2026 18:03:01.934 INFO [main] org.apache.catalina.startup.HostConfig.deployDirectory Deployment of web application directory [/Users/erictran/Downloads/CS157A/CS157A-S1-14/apache-tomcat-9.0.115/webapps/host-manager] has finished in [71] ms
15-May-2026 18:03:01.935 INFO [main] org.apache.coyote.AbstractProtocol.start Starting ProtocolHandler ["http-nio-8080"]
15-May-2026 18:03:01.940 INFO [main] org.apache.catalina.startup.Catalina.start Server startup in [695] milliseconds
NOTE: Picked up JDK_JAVA_OPTIONS:  --add-opens=java.base/java.lang=ALL-UNNAMED --add-opens=java.base/java.lang.invoke=ALL-UNNAMED --add-opens=java.base/java.lang.reflect=ALL-UNNAMED --add-opens=java.base/java.io=ALL-UNNAMED --add-opens=java.base/java.util=ALL-UNNAMED --add-opens=java.base/java.util.concurrent=ALL-UNNAMED --add-opens=java.rmi/sun.rmi.transport=ALL-UNNAMED
15-May-2026 18:07:27.306 INFO [main] org.apache.catalina.startup.VersionLoggerListener.log Server version name:   Apache Tomcat/9.0.115
15-May-2026 18:07:27.308 INFO [main] org.apache.catalina.startup.VersionLoggerListener.log Server built:          Jan 21 2026 08:17:26 UTC
15-May-2026 18:07:27.308 INFO [main] org.apache.catalina.startup.VersionLoggerListener.log Server version number: 9.0.115.0
15-May-2026 18:07:27.308 INFO [main] org.apache.catalina.startup.VersionLoggerListener.log OS Name:               Mac OS X
15-May-2026 18:07:27.308 INFO [main] org.apache.catalina.startup.VersionLoggerListener.log OS Version:            26.5
15-May-2026 18:07:27.308 INFO [main] org.apache.catalina.startup.VersionLoggerListener.log Architecture:          aarch64
15-May-2026 18:07:27.308 INFO [main] org.apache.catalina.startup.VersionLoggerListener.log Java Home:             /Library/Java/JavaVirtualMachines/jdk-25.jdk/Contents/Home
15-May-2026 18:07:27.308 INFO [main] org.apache.catalina.startup.VersionLoggerListener.log JVM Version:           25.0.2+10-LTS-69
15-May-2026 18:07:27.308 INFO [main] org.apache.catalina.startup.VersionLoggerListener.log JVM Vendor:            Oracle Corporation
15-May-2026 18:07:27.308 INFO [main] org.apache.catalina.startup.VersionLoggerListener.log CATALINA_BASE:         /Users/erictran/Downloads/CS157A/CS157A-S1-14/apache-tomcat-9.0.115
15-May-2026 18:07:27.308 INFO [main] org.apache.catalina.startup.VersionLoggerListener.log CATALINA_HOME:         /Users/erictran/Downloads/CS157A/CS157A-S1-14/apache-tomcat-9.0.115
15-May-2026 18:07:27.312 INFO [main] org.apache.catalina.startup.VersionLoggerListener.log Command line argument: --add-opens=java.base/java.lang=ALL-UNNAMED
15-May-2026 18:07:27.312 INFO [main] org.apache.catalina.startup.VersionLoggerListener.log Command line argument: --add-opens=java.base/java.lang.invoke=ALL-UNNAMED
15-May-2026 18:07:27.312 INFO [main] org.apache.catalina.startup.VersionLoggerListener.log Command line argument: --add-opens=java.base/java.lang.reflect=ALL-UNNAMED
15-May-2026 18:07:27.312 INFO [main] org.apache.catalina.startup.VersionLoggerListener.log Command line argument: --add-opens=java.base/java.io=ALL-UNNAMED
15-May-2026 18:07:27.312 INFO [main] org.apache.catalina.startup.VersionLoggerListener.log Command line argument: --add-opens=java.base/java.util=ALL-UNNAMED
15-May-2026 18:07:27.312 INFO [main] org.apache.catalina.startup.VersionLoggerListener.log Command line argument: --add-opens=java.base/java.util.concurrent=ALL-UNNAMED
15-May-2026 18:07:27.312 INFO [main] org.apache.catalina.startup.VersionLoggerListener.log Command line argument: --add-opens=java.rmi/sun.rmi.transport=ALL-UNNAMED
15-May-2026 18:07:27.312 INFO [main] org.apache.catalina.startup.VersionLoggerListener.log Command line argument: -Djava.util.logging.config.file=/Users/erictran/Downloads/CS157A/CS157A-S1-14/apache-tomcat-9.0.115/conf/logging.properties
15-May-2026 18:07:27.312 INFO [main] org.apache.catalina.startup.VersionLoggerListener.log Command line argument: -Djava.util.logging.manager=org.apache.juli.ClassLoaderLogManager
15-May-2026 18:07:27.312 INFO [main] org.apache.catalina.startup.VersionLoggerListener.log Command line argument: -Djdk.tls.ephemeralDHKeySize=2048
15-May-2026 18:07:27.312 INFO [main] org.apache.catalina.startup.VersionLoggerListener.log Command line argument: -Djava.protocol.handler.pkgs=org.apache.catalina.webresources
15-May-2026 18:07:27.312 INFO [main] org.apache.catalina.startup.VersionLoggerListener.log Command line argument: -Dsun.io.useCanonCaches=false
15-May-2026 18:07:27.313 INFO [main] org.apache.catalina.startup.VersionLoggerListener.log Command line argument: -Dorg.apache.catalina.security.SecurityListener.UMASK=0027
15-May-2026 18:07:27.313 INFO [main] org.apache.catalina.startup.VersionLoggerListener.log Command line argument: -Dignore.endorsed.dirs=
15-May-2026 18:07:27.313 INFO [main] org.apache.catalina.startup.VersionLoggerListener.log Command line argument: -Dcatalina.base=/Users/erictran/Downloads/CS157A/CS157A-S1-14/apache-tomcat-9.0.115
15-May-2026 18:07:27.313 INFO [main] org.apache.catalina.startup.VersionLoggerListener.log Command line argument: -Dcatalina.home=/Users/erictran/Downloads/CS157A/CS157A-S1-14/apache-tomcat-9.0.115
15-May-2026 18:07:27.313 INFO [main] org.apache.catalina.startup.VersionLoggerListener.log Command line argument: -Djava.io.tmpdir=/Users/erictran/Downloads/CS157A/CS157A-S1-14/apache-tomcat-9.0.115/temp
WARNING: A restricted method in java.lang.System has been called
WARNING: java.lang.System::load has been called by org.apache.tomcat.jni.Library in an unnamed module (file:/Users/erictran/Downloads/CS157A/CS157A-S1-14/apache-tomcat-9.0.115/lib/tomcat-jni.jar)
WARNING: Use --enable-native-access=ALL-UNNAMED to avoid a warning for callers in this module
WARNING: Restricted methods will be blocked in a future release unless native access is enabled

15-May-2026 18:07:27.318 INFO [main] org.apache.catalina.core.AprLifecycleListener.lifecycleEvent The Apache Tomcat Native library which allows using OpenSSL was not found on the java.library.path: [/Users/erictran/Library/Java/Extensions:/Library/Java/Extensions:/Network/Library/Java/Extensions:/System/Library/Java/Extensions:/usr/lib/java:.]
15-May-2026 18:07:27.439 INFO [main] org.apache.coyote.AbstractProtocol.init Initializing ProtocolHandler ["http-nio-8080"]
15-May-2026 18:07:27.447 SEVERE [main] org.apache.catalina.util.LifecycleBase.handleSubClassException Failed to initialize component [Connector["http-nio-8080"]]
	org.apache.catalina.LifecycleException: Protocol handler initialization failed
		at org.apache.catalina.connector.Connector.initInternal(Connector.java:1084)
		at org.apache.catalina.util.LifecycleBase.init(LifecycleBase.java:122)
		at org.apache.catalina.core.StandardService.initInternal(StandardService.java:520)
		at org.apache.catalina.util.LifecycleBase.init(LifecycleBase.java:122)
		at org.apache.catalina.core.StandardServer.initInternal(StandardServer.java:984)
		at org.apache.catalina.util.LifecycleBase.init(LifecycleBase.java:122)
		at org.apache.catalina.startup.Catalina.load(Catalina.java:687)
		at org.apache.catalina.startup.Catalina.load(Catalina.java:710)
		at java.base/jdk.internal.reflect.DirectMethodHandleAccessor.invoke(DirectMethodHandleAccessor.java:104)
		at java.base/java.lang.reflect.Method.invoke(Method.java:565)
		at org.apache.catalina.startup.Bootstrap.load(Bootstrap.java:299)
		at org.apache.catalina.startup.Bootstrap.main(Bootstrap.java:472)
	Caused by: java.net.BindException: Address already in use
		at java.base/sun.nio.ch.Net.bind0(Native Method)
		at java.base/sun.nio.ch.Net.bind(Net.java:522)
		at java.base/sun.nio.ch.ServerSocketChannelImpl.netBind(ServerSocketChannelImpl.java:335)
		at java.base/sun.nio.ch.ServerSocketChannelImpl.bind(ServerSocketChannelImpl.java:297)
		at org.apache.tomcat.util.net.NioEndpoint.initServerSocket(NioEndpoint.java:296)
		at org.apache.tomcat.util.net.NioEndpoint.bind(NioEndpoint.java:251)
		at org.apache.tomcat.util.net.AbstractEndpoint.bindWithCleanup(AbstractEndpoint.java:1497)
		at org.apache.tomcat.util.net.AbstractEndpoint.init(AbstractEndpoint.java:1510)
		at org.apache.coyote.AbstractProtocol.init(AbstractProtocol.java:667)
		at org.apache.coyote.http11.AbstractHttp11Protocol.init(AbstractHttp11Protocol.java:80)
		at org.apache.catalina.connector.Connector.initInternal(Connector.java:1082)
		... 11 more
15-May-2026 18:07:27.447 INFO [main] org.apache.catalina.startup.Catalina.load Server initialization in [209] milliseconds
15-May-2026 18:07:27.459 INFO [main] org.apache.catalina.core.StandardService.startInternal Starting service [Catalina]
15-May-2026 18:07:27.460 INFO [main] org.apache.catalina.core.StandardEngine.startInternal Starting Servlet engine: [Apache Tomcat/9.0.115]
15-May-2026 18:07:27.462 INFO [main] org.apache.catalina.startup.HostConfig.deployDirectory Deploying web application directory [/Users/erictran/Downloads/CS157A/CS157A-S1-14/apache-tomcat-9.0.115/webapps/docs]
15-May-2026 18:07:27.653 INFO [main] org.apache.jasper.servlet.TldScanner.scanJars At least one JAR was scanned for TLDs yet contained no TLDs. Enable debug logging for this logger for a complete list of JARs that were scanned but no TLDs were found in them. Skipping unneeded JARs during scanning can improve startup time and JSP compilation time.
15-May-2026 18:07:27.666 INFO [main] org.apache.catalina.startup.HostConfig.deployDirectory Deployment of web application directory [/Users/erictran/Downloads/CS157A/CS157A-S1-14/apache-tomcat-9.0.115/webapps/docs] has finished in [203] ms
15-May-2026 18:07:27.666 INFO [main] org.apache.catalina.startup.HostConfig.deployDirectory Deploying web application directory [/Users/erictran/Downloads/CS157A/CS157A-S1-14/apache-tomcat-9.0.115/webapps/TaskME]
15-May-2026 18:07:27.757 INFO [main] org.apache.jasper.servlet.TldScanner.scanJars At least one JAR was scanned for TLDs yet contained no TLDs. Enable debug logging for this logger for a complete list of JARs that were scanned but no TLDs were found in them. Skipping unneeded JARs during scanning can improve startup time and JSP compilation time.
15-May-2026 18:07:27.760 INFO [main] org.apache.catalina.startup.HostConfig.deployDirectory Deployment of web application directory [/Users/erictran/Downloads/CS157A/CS157A-S1-14/apache-tomcat-9.0.115/webapps/TaskME] has finished in [93] ms
15-May-2026 18:07:27.760 INFO [main] org.apache.catalina.startup.HostConfig.deployDirectory Deploying web application directory [/Users/erictran/Downloads/CS157A/CS157A-S1-14/apache-tomcat-9.0.115/webapps/manager]
15-May-2026 18:07:27.839 INFO [main] org.apache.jasper.servlet.TldScanner.scanJars At least one JAR was scanned for TLDs yet contained no TLDs. Enable debug logging for this logger for a complete list of JARs that were scanned but no TLDs were found in them. Skipping unneeded JARs during scanning can improve startup time and JSP compilation time.
15-May-2026 18:07:27.841 INFO [main] org.apache.catalina.startup.HostConfig.deployDirectory Deployment of web application directory [/Users/erictran/Downloads/CS157A/CS157A-S1-14/apache-tomcat-9.0.115/webapps/manager] has finished in [81] ms
15-May-2026 18:07:27.841 INFO [main] org.apache.catalina.startup.HostConfig.deployDirectory Deploying web application directory [/Users/erictran/Downloads/CS157A/CS157A-S1-14/apache-tomcat-9.0.115/webapps/examples]
15-May-2026 18:07:27.970 INFO [main] org.apache.jasper.servlet.TldScanner.scanJars At least one JAR was scanned for TLDs yet contained no TLDs. Enable debug logging for this logger for a complete list of JARs that were scanned but no TLDs were found in them. Skipping unneeded JARs during scanning can improve startup time and JSP compilation time.
15-May-2026 18:07:27.976 INFO [main] org.apache.catalina.startup.HostConfig.deployDirectory Deployment of web application directory [/Users/erictran/Downloads/CS157A/CS157A-S1-14/apache-tomcat-9.0.115/webapps/examples] has finished in [135] ms
15-May-2026 18:07:27.976 INFO [main] org.apache.catalina.startup.HostConfig.deployDirectory Deploying web application directory [/Users/erictran/Downloads/CS157A/CS157A-S1-14/apache-tomcat-9.0.115/webapps/ROOT]
15-May-2026 18:07:28.045 INFO [main] org.apache.jasper.servlet.TldScanner.scanJars At least one JAR was scanned for TLDs yet contained no TLDs. Enable debug logging for this logger for a complete list of JARs that were scanned but no TLDs were found in them. Skipping unneeded JARs during scanning can improve startup time and JSP compilation time.
15-May-2026 18:07:28.046 INFO [main] org.apache.catalina.startup.HostConfig.deployDirectory Deployment of web application directory [/Users/erictran/Downloads/CS157A/CS157A-S1-14/apache-tomcat-9.0.115/webapps/ROOT] has finished in [70] ms
15-May-2026 18:07:28.046 INFO [main] org.apache.catalina.startup.HostConfig.deployDirectory Deploying web application directory [/Users/erictran/Downloads/CS157A/CS157A-S1-14/apache-tomcat-9.0.115/webapps/host-manager]
15-May-2026 18:07:28.117 INFO [main] org.apache.jasper.servlet.TldScanner.scanJars At least one JAR was scanned for TLDs yet contained no TLDs. Enable debug logging for this logger for a complete list of JARs that were scanned but no TLDs were found in them. Skipping unneeded JARs during scanning can improve startup time and JSP compilation time.
15-May-2026 18:07:28.118 INFO [main] org.apache.catalina.startup.HostConfig.deployDirectory Deployment of web application directory [/Users/erictran/Downloads/CS157A/CS157A-S1-14/apache-tomcat-9.0.115/webapps/host-manager] has finished in [72] ms
15-May-2026 18:07:28.120 INFO [main] org.apache.catalina.startup.Catalina.start Server startup in [671] milliseconds
15-May-2026 18:07:28.122 SEVERE [main] org.apache.catalina.core.StandardServer.await Failed to create server shutdown socket on address [localhost] and port [8005] (base port [8005] and offset [0])
	java.net.BindException: Address already in use
		at java.base/sun.nio.ch.Net.bind0(Native Method)
		at java.base/sun.nio.ch.Net.bind(Net.java:522)
		at java.base/sun.nio.ch.Net.bind(Net.java:511)
		at java.base/sun.nio.ch.NioSocketImpl.bind(NioSocketImpl.java:641)
		at java.base/java.net.ServerSocket.bind(ServerSocket.java:326)
		at java.base/java.net.ServerSocket.<init>(ServerSocket.java:222)
		at org.apache.catalina.core.StandardServer.await(StandardServer.java:535)
		at org.apache.catalina.startup.Catalina.await(Catalina.java:826)
		at org.apache.catalina.startup.Catalina.start(Catalina.java:774)
		at java.base/jdk.internal.reflect.DirectMethodHandleAccessor.invoke(DirectMethodHandleAccessor.java:104)
		at java.base/java.lang.reflect.Method.invoke(Method.java:565)
		at org.apache.catalina.startup.Bootstrap.start(Bootstrap.java:342)
		at org.apache.catalina.startup.Bootstrap.main(Bootstrap.java:473)
15-May-2026 18:07:28.122 INFO [main] org.apache.coyote.AbstractProtocol.pause Pausing ProtocolHandler ["http-nio-8080"]
15-May-2026 18:07:28.122 INFO [main] org.apache.catalina.core.StandardService.stopInternal Stopping service [Catalina]
15-May-2026 18:07:28.131 INFO [main] org.apache.coyote.AbstractProtocol.stop Stopping ProtocolHandler ["http-nio-8080"]
15-May-2026 18:07:28.132 INFO [main] org.apache.coyote.AbstractProtocol.destroy Destroying ProtocolHandler ["http-nio-8080"]
15-May-2026 18:07:35.452 INFO [main] org.apache.catalina.core.StandardServer.await A valid shutdown command was received via the shutdown port. Stopping the Server instance.
15-May-2026 18:07:35.453 INFO [main] org.apache.coyote.AbstractProtocol.pause Pausing ProtocolHandler ["http-nio-8080"]
15-May-2026 18:07:36.455 INFO [main] org.apache.catalina.core.StandardService.stopInternal Stopping service [Catalina]
15-May-2026 18:07:36.478 INFO [main] org.apache.coyote.AbstractProtocol.stop Stopping ProtocolHandler ["http-nio-8080"]
15-May-2026 18:07:37.083 WARNING [main] org.apache.tomcat.util.net.Acceptor.stopMillis The acceptor thread [http-nio-8080-Acceptor] did not stop cleanly
15-May-2026 18:07:37.091 INFO [main] org.apache.coyote.AbstractProtocol.destroy Destroying ProtocolHandler ["http-nio-8080"]
NOTE: Picked up JDK_JAVA_OPTIONS:  --add-opens=java.base/java.lang=ALL-UNNAMED --add-opens=java.base/java.lang.invoke=ALL-UNNAMED --add-opens=java.base/java.lang.reflect=ALL-UNNAMED --add-opens=java.base/java.io=ALL-UNNAMED --add-opens=java.base/java.util=ALL-UNNAMED --add-opens=java.base/java.util.concurrent=ALL-UNNAMED --add-opens=java.rmi/sun.rmi.transport=ALL-UNNAMED
15-May-2026 18:07:37.740 INFO [main] org.apache.catalina.startup.VersionLoggerListener.log Server version name:   Apache Tomcat/9.0.115
15-May-2026 18:07:37.741 INFO [main] org.apache.catalina.startup.VersionLoggerListener.log Server built:          Jan 21 2026 08:17:26 UTC
15-May-2026 18:07:37.741 INFO [main] org.apache.catalina.startup.VersionLoggerListener.log Server version number: 9.0.115.0
15-May-2026 18:07:37.741 INFO [main] org.apache.catalina.startup.VersionLoggerListener.log OS Name:               Mac OS X
15-May-2026 18:07:37.741 INFO [main] org.apache.catalina.startup.VersionLoggerListener.log OS Version:            26.5
15-May-2026 18:07:37.742 INFO [main] org.apache.catalina.startup.VersionLoggerListener.log Architecture:          aarch64
15-May-2026 18:07:37.742 INFO [main] org.apache.catalina.startup.VersionLoggerListener.log Java Home:             /Library/Java/JavaVirtualMachines/jdk-25.jdk/Contents/Home
15-May-2026 18:07:37.742 INFO [main] org.apache.catalina.startup.VersionLoggerListener.log JVM Version:           25.0.2+10-LTS-69
15-May-2026 18:07:37.742 INFO [main] org.apache.catalina.startup.VersionLoggerListener.log JVM Vendor:            Oracle Corporation
15-May-2026 18:07:37.742 INFO [main] org.apache.catalina.startup.VersionLoggerListener.log CATALINA_BASE:         /Users/erictran/Downloads/CS157A/CS157A-S1-14/apache-tomcat-9.0.115
15-May-2026 18:07:37.742 INFO [main] org.apache.catalina.startup.VersionLoggerListener.log CATALINA_HOME:         /Users/erictran/Downloads/CS157A/CS157A-S1-14/apache-tomcat-9.0.115
15-May-2026 18:07:37.746 INFO [main] org.apache.catalina.startup.VersionLoggerListener.log Command line argument: --add-opens=java.base/java.lang=ALL-UNNAMED
15-May-2026 18:07:37.746 INFO [main] org.apache.catalina.startup.VersionLoggerListener.log Command line argument: --add-opens=java.base/java.lang.invoke=ALL-UNNAMED
15-May-2026 18:07:37.746 INFO [main] org.apache.catalina.startup.VersionLoggerListener.log Command line argument: --add-opens=java.base/java.lang.reflect=ALL-UNNAMED
15-May-2026 18:07:37.746 INFO [main] org.apache.catalina.startup.VersionLoggerListener.log Command line argument: --add-opens=java.base/java.io=ALL-UNNAMED
15-May-2026 18:07:37.746 INFO [main] org.apache.catalina.startup.VersionLoggerListener.log Command line argument: --add-opens=java.base/java.util=ALL-UNNAMED
15-May-2026 18:07:37.746 INFO [main] org.apache.catalina.startup.VersionLoggerListener.log Command line argument: --add-opens=java.base/java.util.concurrent=ALL-UNNAMED
15-May-2026 18:07:37.746 INFO [main] org.apache.catalina.startup.VersionLoggerListener.log Command line argument: --add-opens=java.rmi/sun.rmi.transport=ALL-UNNAMED
15-May-2026 18:07:37.746 INFO [main] org.apache.catalina.startup.VersionLoggerListener.log Command line argument: -Djava.util.logging.config.file=/Users/erictran/Downloads/CS157A/CS157A-S1-14/apache-tomcat-9.0.115/conf/logging.properties
15-May-2026 18:07:37.746 INFO [main] org.apache.catalina.startup.VersionLoggerListener.log Command line argument: -Djava.util.logging.manager=org.apache.juli.ClassLoaderLogManager
15-May-2026 18:07:37.746 INFO [main] org.apache.catalina.startup.VersionLoggerListener.log Command line argument: -Djdk.tls.ephemeralDHKeySize=2048
15-May-2026 18:07:37.746 INFO [main] org.apache.catalina.startup.VersionLoggerListener.log Command line argument: -Djava.protocol.handler.pkgs=org.apache.catalina.webresources
15-May-2026 18:07:37.746 INFO [main] org.apache.catalina.startup.VersionLoggerListener.log Command line argument: -Dsun.io.useCanonCaches=false
15-May-2026 18:07:37.746 INFO [main] org.apache.catalina.startup.VersionLoggerListener.log Command line argument: -Dorg.apache.catalina.security.SecurityListener.UMASK=0027
15-May-2026 18:07:37.746 INFO [main] org.apache.catalina.startup.VersionLoggerListener.log Command line argument: -Dignore.endorsed.dirs=
15-May-2026 18:07:37.746 INFO [main] org.apache.catalina.startup.VersionLoggerListener.log Command line argument: -Dcatalina.base=/Users/erictran/Downloads/CS157A/CS157A-S1-14/apache-tomcat-9.0.115
15-May-2026 18:07:37.746 INFO [main] org.apache.catalina.startup.VersionLoggerListener.log Command line argument: -Dcatalina.home=/Users/erictran/Downloads/CS157A/CS157A-S1-14/apache-tomcat-9.0.115
15-May-2026 18:07:37.746 INFO [main] org.apache.catalina.startup.VersionLoggerListener.log Command line argument: -Djava.io.tmpdir=/Users/erictran/Downloads/CS157A/CS157A-S1-14/apache-tomcat-9.0.115/temp
WARNING: A restricted method in java.lang.System has been called
WARNING: java.lang.System::load has been called by org.apache.tomcat.jni.Library in an unnamed module (file:/Users/erictran/Downloads/CS157A/CS157A-S1-14/apache-tomcat-9.0.115/lib/tomcat-jni.jar)
WARNING: Use --enable-native-access=ALL-UNNAMED to avoid a warning for callers in this module
WARNING: Restricted methods will be blocked in a future release unless native access is enabled

15-May-2026 18:07:37.752 INFO [main] org.apache.catalina.core.AprLifecycleListener.lifecycleEvent The Apache Tomcat Native library which allows using OpenSSL was not found on the java.library.path: [/Users/erictran/Library/Java/Extensions:/Library/Java/Extensions:/Network/Library/Java/Extensions:/System/Library/Java/Extensions:/usr/lib/java:.]
15-May-2026 18:07:37.874 INFO [main] org.apache.coyote.AbstractProtocol.init Initializing ProtocolHandler ["http-nio-8080"]
15-May-2026 18:07:37.885 INFO [main] org.apache.catalina.startup.Catalina.load Server initialization in [207] milliseconds
15-May-2026 18:07:37.897 INFO [main] org.apache.catalina.core.StandardService.startInternal Starting service [Catalina]
15-May-2026 18:07:37.897 INFO [main] org.apache.catalina.core.StandardEngine.startInternal Starting Servlet engine: [Apache Tomcat/9.0.115]
15-May-2026 18:07:37.900 INFO [main] org.apache.catalina.startup.HostConfig.deployDirectory Deploying web application directory [/Users/erictran/Downloads/CS157A/CS157A-S1-14/apache-tomcat-9.0.115/webapps/docs]
15-May-2026 18:07:38.076 INFO [main] org.apache.jasper.servlet.TldScanner.scanJars At least one JAR was scanned for TLDs yet contained no TLDs. Enable debug logging for this logger for a complete list of JARs that were scanned but no TLDs were found in them. Skipping unneeded JARs during scanning can improve startup time and JSP compilation time.
15-May-2026 18:07:38.088 INFO [main] org.apache.catalina.startup.HostConfig.deployDirectory Deployment of web application directory [/Users/erictran/Downloads/CS157A/CS157A-S1-14/apache-tomcat-9.0.115/webapps/docs] has finished in [187] ms
15-May-2026 18:07:38.088 INFO [main] org.apache.catalina.startup.HostConfig.deployDirectory Deploying web application directory [/Users/erictran/Downloads/CS157A/CS157A-S1-14/apache-tomcat-9.0.115/webapps/TaskME]
15-May-2026 18:07:38.177 INFO [main] org.apache.jasper.servlet.TldScanner.scanJars At least one JAR was scanned for TLDs yet contained no TLDs. Enable debug logging for this logger for a complete list of JARs that were scanned but no TLDs were found in them. Skipping unneeded JARs during scanning can improve startup time and JSP compilation time.
15-May-2026 18:07:38.183 INFO [main] org.apache.catalina.startup.HostConfig.deployDirectory Deployment of web application directory [/Users/erictran/Downloads/CS157A/CS157A-S1-14/apache-tomcat-9.0.115/webapps/TaskME] has finished in [94] ms
15-May-2026 18:07:38.183 INFO [main] org.apache.catalina.startup.HostConfig.deployDirectory Deploying web application directory [/Users/erictran/Downloads/CS157A/CS157A-S1-14/apache-tomcat-9.0.115/webapps/manager]
15-May-2026 18:07:38.259 INFO [main] org.apache.jasper.servlet.TldScanner.scanJars At least one JAR was scanned for TLDs yet contained no TLDs. Enable debug logging for this logger for a complete list of JARs that were scanned but no TLDs were found in them. Skipping unneeded JARs during scanning can improve startup time and JSP compilation time.
15-May-2026 18:07:38.261 INFO [main] org.apache.catalina.startup.HostConfig.deployDirectory Deployment of web application directory [/Users/erictran/Downloads/CS157A/CS157A-S1-14/apache-tomcat-9.0.115/webapps/manager] has finished in [78] ms
15-May-2026 18:07:38.261 INFO [main] org.apache.catalina.startup.HostConfig.deployDirectory Deploying web application directory [/Users/erictran/Downloads/CS157A/CS157A-S1-14/apache-tomcat-9.0.115/webapps/examples]
15-May-2026 18:07:38.380 INFO [main] org.apache.jasper.servlet.TldScanner.scanJars At least one JAR was scanned for TLDs yet contained no TLDs. Enable debug logging for this logger for a complete list of JARs that were scanned but no TLDs were found in them. Skipping unneeded JARs during scanning can improve startup time and JSP compilation time.
15-May-2026 18:07:38.385 INFO [main] org.apache.catalina.startup.HostConfig.deployDirectory Deployment of web application directory [/Users/erictran/Downloads/CS157A/CS157A-S1-14/apache-tomcat-9.0.115/webapps/examples] has finished in [124] ms
15-May-2026 18:07:38.385 INFO [main] org.apache.catalina.startup.HostConfig.deployDirectory Deploying web application directory [/Users/erictran/Downloads/CS157A/CS157A-S1-14/apache-tomcat-9.0.115/webapps/ROOT]
15-May-2026 18:07:38.450 INFO [main] org.apache.jasper.servlet.TldScanner.scanJars At least one JAR was scanned for TLDs yet contained no TLDs. Enable debug logging for this logger for a complete list of JARs that were scanned but no TLDs were found in them. Skipping unneeded JARs during scanning can improve startup time and JSP compilation time.
15-May-2026 18:07:38.451 INFO [main] org.apache.catalina.startup.HostConfig.deployDirectory Deployment of web application directory [/Users/erictran/Downloads/CS157A/CS157A-S1-14/apache-tomcat-9.0.115/webapps/ROOT] has finished in [65] ms
15-May-2026 18:07:38.451 INFO [main] org.apache.catalina.startup.HostConfig.deployDirectory Deploying web application directory [/Users/erictran/Downloads/CS157A/CS157A-S1-14/apache-tomcat-9.0.115/webapps/host-manager]
15-May-2026 18:07:38.518 INFO [main] org.apache.jasper.servlet.TldScanner.scanJars At least one JAR was scanned for TLDs yet contained no TLDs. Enable debug logging for this logger for a complete list of JARs that were scanned but no TLDs were found in them. Skipping unneeded JARs during scanning can improve startup time and JSP compilation time.
15-May-2026 18:07:38.518 INFO [main] org.apache.catalina.startup.HostConfig.deployDirectory Deployment of web application directory [/Users/erictran/Downloads/CS157A/CS157A-S1-14/apache-tomcat-9.0.115/webapps/host-manager] has finished in [67] ms
15-May-2026 18:07:38.520 INFO [main] org.apache.coyote.AbstractProtocol.start Starting ProtocolHandler ["http-nio-8080"]
15-May-2026 18:07:38.524 INFO [main] org.apache.catalina.startup.Catalina.start Server startup in [638] milliseconds
[ATTACH DEBUG] filePart=org.apache.catalina.core.ApplicationPart@1bf34a3f size=0 name=Random1.txt
[ATTACH DEBUG] filePart=org.apache.catalina.core.ApplicationPart@3c89aa9a size=3 name=Random1.txt
[ATTACH DEBUG] filePart=org.apache.catalina.core.ApplicationPart@487e71d8 size=3 name=Random2.txt
[ATTACH DEBUG] filePart=org.apache.catalina.core.ApplicationPart@6f8aa8e1 size=3 name=Random3.txt
[ATTACH DEBUG] filePart=org.apache.catalina.core.ApplicationPart@357d916f size=3 name=Random4.txt
[ATTACH DEBUG] filePart=org.apache.catalina.core.ApplicationPart@750f2797 size=3 name=Random5.txt
[ATTACH DEBUG] filePart=org.apache.catalina.core.ApplicationPart@39f76719 size=3 name=Random6.txt
[ATTACH DEBUG] filePart=org.apache.catalina.core.ApplicationPart@6909a09 size=3 name=Random7.txt
[ATTACH DEBUG] filePart=org.apache.catalina.core.ApplicationPart@20a7ed2c size=3 name=Random8.txt
[ATTACH DEBUG] filePart=org.apache.catalina.core.ApplicationPart@602fbea size=3 name=Random9.txt
[ATTACH DEBUG] filePart=org.apache.catalina.core.ApplicationPart@1fa0d9b0 size=3 name=Random10.txt
